{"type":"FeatureCollection","features":[{"type":"Feature","properties":{"cut":7201,"comuna":"CAUQUENES"},"geometry":{"type":"Polygon","coordinates":[[[-72.3117006789999,-35.69357476899995],[-72.3159160589999,-35.690211768999916],[-72.31723264499993,-35.68356720399993],[-72.3241422019999,-35.673443102999954],[-72.32427251799993,-35.68002254899994],[-72.32967829199993,-35.68765937699993],[-72.32939537099992,-35.68980871699995],[-72.33517460099995,-35.69654894999991],[-72.33432227499992,-35.699105182999915],[-72.33060380599994,-35.701350464999905],[-72.33252580699991,-35.705212701999926],[-72.33223948499995,-35.70889739599994],[-72.33977786399993,-35.71726255199991],[-72.34122374999993,-35.72159743199995],[-72.34300628999995,-35.72251660099994],[-72.34285351099993,-35.7258821179999],[-72.34111569999993,-35.72708390099996],[-72.34013776799992,-35.73114370299993],[-72.34342092299994,-35.73264814899994],[-72.34189802999992,-35.736987393999925],[-72.34503185599993,-35.74146414799992],[-72.34176030299994,-35.74349161199996],[-72.34277774299994,-35.74813344499995],[-72.34142259599992,-35.749301749999916],[-72.35085896699991,-35.75378216699994],[-72.35323002399991,-35.757110438999916],[-72.35756699199993,-35.75717856299991],[-72.36054599399995,-35.76020419899993],[-72.35957987199993,-35.763628497999946],[-72.36191256799992,-35.76546914599993],[-72.36234979499994,-35.773508542999934],[-72.36642016899992,-35.77674669499993],[-72.36509299199992,-35.77842400599991],[-72.36702687899992,-35.78246095199995],[-72.36621235299992,-35.78430406699994],[-72.37167664599991,-35.78958011099991],[-72.36875882099991,-35.791860742999916],[-72.37030785799993,-35.793250059999934],[-72.37559381499995,-35.793209764999915],[-72.37554978499992,-35.795071830999916],[-72.37745587199993,-35.79632037099992],[-72.37508718999993,-35.79908133299995],[-72.37643936299992,-35.801971899999955],[-72.37977788699993,-35.80332888599992],[-72.37948917599994,-35.8042606649999],[-72.38484983699993,-35.809219054999915],[-72.38602095599992,-35.81254272099994],[-72.38997163099992,-35.814539872999944],[-72.39215187499991,-35.8216359619999],[-72.39709502399995,-35.82266043599992],[-72.40431709599994,-35.821231492999914],[-72.41972522899994,-35.82440849899996],[-72.42219238299992,-35.82857730899991],[-72.42472254199993,-35.82907808899995],[-72.43101431399992,-35.8343821709999],[-72.44629947299995,-35.838681521999945],[-72.44671118899993,-35.84082745499995],[-72.45200383899993,-35.84720923899994],[-72.45652909799992,-35.84942905199995],[-72.46256633999991,-35.848593137999956],[-72.46316014399991,-35.85345573299992],[-72.46153110799992,-35.85452540399996],[-72.46123378099992,-35.859070998999925],[-72.45937057399993,-35.86030516099993],[-72.45737219699993,-35.86544493799994],[-72.45005623399993,-35.868511988999956],[-72.44782582699992,-35.87273907799994],[-72.4432503239999,-35.87632628299991],[-72.44593658699995,-35.87889647399993],[-72.4457966519999,-35.88086503299991],[-72.44771089299991,-35.879324443999906],[-72.44773123699991,-35.88248117899991],[-72.45003554699991,-35.88487625099992],[-72.44936986899995,-35.88890674999993],[-72.4450312379999,-35.89139797099995],[-72.44272680899991,-35.89725360199992],[-72.44018786899994,-35.897883246999925],[-72.4386922679999,-35.90015966699991],[-72.4275460579999,-35.907135026999924],[-72.43214522199992,-35.911514877999934],[-72.43764907899993,-35.91450191399991],[-72.44074754899992,-35.91905095799996],[-72.44146241199991,-35.92244084999993],[-72.44552922299994,-35.92598755899991],[-72.44877167099992,-35.92702692799992],[-72.44854165799995,-35.9288937579999],[-72.45172250599995,-35.93173175299995],[-72.45504939999995,-35.93972990299994],[-72.46047261599995,-35.94362782299993],[-72.46604171299992,-35.94073358899993],[-72.47104056099994,-35.940462425999954],[-72.47225757599995,-35.93769383299991],[-72.47723965299991,-35.935625977999905],[-72.48084898699994,-35.93171227999994],[-72.48478269199995,-35.930585668999925],[-72.47905947899994,-35.9253231319999],[-72.47946690499992,-35.92326129899993],[-72.48281644699995,-35.92230356299996],[-72.48633027499994,-35.918603112999904],[-72.49250893899995,-35.920186782999906],[-72.49917497899992,-35.917537516999914],[-72.50361911999994,-35.92024232099993],[-72.51235536799993,-35.91976820599996],[-72.51729608799991,-35.92349791899994],[-72.52763220599991,-35.924685911999916],[-72.52828544399995,-35.92670184699995],[-72.5268013299999,-35.92972865799993],[-72.53022960099992,-35.93522733799995],[-72.53194792099993,-35.935732393999956],[-72.53130633399991,-35.936821428999906],[-72.53414096699993,-35.94033691399994],[-72.54341511399991,-35.94680137799992],[-72.54772627699992,-35.94708875799995],[-72.55275665499994,-35.949322741999936],[-72.55400404699992,-35.95186443499995],[-72.56045331399991,-35.955454053999915],[-72.56176111999991,-35.9592746159999],[-72.56817092699993,-35.95794244399991],[-72.57899392099995,-35.959277776999954],[-72.58524071699992,-35.955150904999925],[-72.5873013659999,-35.95092953499994],[-72.59005516199994,-35.95063537599992],[-72.5973515149999,-35.94372017199993],[-72.60075108299992,-35.94223695499994],[-72.60124269999994,-35.94065068499992],[-72.61036887799992,-35.94077175299992],[-72.6100727139999,-35.94295499899994],[-72.6123559639999,-35.945553127999915],[-72.61923314899991,-35.947643187999915],[-72.6193111689999,-35.95021775199996],[-72.62206022999993,-35.95003473899993],[-72.62219471799995,-35.95145609299993],[-72.62539490099994,-35.95367240799993],[-72.6275150649999,-35.954117684999915],[-72.63082603299995,-35.951336040999934],[-72.6321104619999,-35.952408943999956],[-72.63412305899993,-35.951461217999906],[-72.6394637649999,-35.955907665999916],[-72.63806948299992,-35.96037023999992],[-72.63531696899992,-35.96033323499995],[-72.6306744119999,-35.96682207999993],[-72.63430859399995,-35.97361618699995],[-72.63428430099992,-35.976766821999945],[-72.63731212499994,-35.98440313599991],[-72.64200802499994,-35.98547348799991],[-72.64283861299992,-35.98951946699992],[-72.6453239139999,-35.99098744299994],[-72.64541423899993,-35.99294799599994],[-72.64820860899994,-35.993176184999925],[-72.64813566599992,-35.996904300999915],[-72.64598721199991,-36.00086761499995],[-72.64801292599992,-36.000617166999916],[-72.64868121599994,-36.00193277699992],[-72.64282006899992,-36.006257158999915],[-72.64717234199992,-36.008353590999945],[-72.64397929899991,-36.01080901799992],[-72.6451002899999,-36.01196755899991],[-72.64768381399995,-36.01169244199991],[-72.6472428749999,-36.01530715699994],[-72.64465694899991,-36.01515449899995],[-72.6420694709999,-36.01692626699992],[-72.64267178599994,-36.01854987699994],[-72.64047901299995,-36.0203982779999],[-72.63490959899991,-36.02051322299991],[-72.63300730899994,-36.023798610999904],[-72.6311328399999,-36.02456437699993],[-72.63070032999991,-36.02793539399994],[-72.62906945499992,-36.02893048199991],[-72.63171597899992,-36.0294340719999],[-72.63372585499991,-36.02779128699996],[-72.63336099299994,-36.02999205899994],[-72.63430791099995,-36.03059586699993],[-72.6285724249999,-36.032640268999955],[-72.62712251099992,-36.03102865499994],[-72.62415458499993,-36.030905832999906],[-72.62507110599995,-36.03424620299995],[-72.62105804599992,-36.03458581299992],[-72.62020143699993,-36.03647493799991],[-72.6220080729999,-36.037905810999916],[-72.6204214839999,-36.04018886099993],[-72.62245627999994,-36.04015287599992],[-72.62244412899992,-36.04378449099994],[-72.62445374899994,-36.045289863999926],[-72.62332832899995,-36.047350199999926],[-72.6244711619999,-36.048119770999904],[-72.6209534159999,-36.050990672999944],[-72.62185381299992,-36.05218192399991],[-72.62050931999994,-36.05499733499994],[-72.6169458729999,-36.054586711999946],[-72.61556487999991,-36.0532331789999],[-72.6168052459999,-36.052632787999926],[-72.6148969919999,-36.05235839599993],[-72.60845916399995,-36.05545024699995],[-72.6016337499999,-36.056372634999946],[-72.60320261299995,-36.05927663999995],[-72.59285758999994,-36.06191097599992],[-72.5931296469999,-36.06514824799996],[-72.59037738599994,-36.0640853939999],[-72.58839838099993,-36.06491127699991],[-72.58765432399991,-36.06782413299993],[-72.59097636199994,-36.07173638599994],[-72.58925043499994,-36.07440303599992],[-72.58468643299994,-36.075683616999925],[-72.58373760799992,-36.07754213399994],[-72.58253137999992,-36.07735395299994],[-72.58194666399993,-36.075169933999916],[-72.57605807099992,-36.07399185399993],[-72.5548778399999,-36.07831064699991],[-72.55319531999993,-36.07717089699992],[-72.54803630499993,-36.077695272999904],[-72.54467139399992,-36.07491155699995],[-72.54126671599994,-36.07483320599994],[-72.53932860299994,-36.069298449999906],[-72.53148301399995,-36.06882239999993],[-72.52815120899993,-36.06964586399994],[-72.52393938799992,-36.073780506999924],[-72.52244539899993,-36.07370651899993],[-72.52267061399994,-36.075255195999944],[-72.51655159599994,-36.08062705599991],[-72.51169335199995,-36.08034709699996],[-72.5109272439999,-36.078612499999906],[-72.50929812899994,-36.07826039999992],[-72.50884363199992,-36.075855288999946],[-72.50387909099993,-36.07573063199993],[-72.50163550699995,-36.072889001999954],[-72.49329256099992,-36.07198124699994],[-72.49102214399994,-36.07497936099992],[-72.48650435499991,-36.07663916699994],[-72.48765758699994,-36.08025318299991],[-72.49309461999991,-36.08596233499992],[-72.5003875669999,-36.08474051699994],[-72.50163327099995,-36.08552091999991],[-72.49717743199994,-36.09430659599991],[-72.50055138199991,-36.09767638299991],[-72.50083077999994,-36.10052021699994],[-72.49916815699993,-36.103256631999955],[-72.4932247449999,-36.10646824499992],[-72.49097333799995,-36.12198400799991],[-72.48886569799993,-36.12425569499993],[-72.48932590699991,-36.127189238999904],[-72.49445642499995,-36.12825463899992],[-72.49546420699994,-36.129502532999936],[-72.4930017769999,-36.13521003499994],[-72.49885675899992,-36.13537859999991],[-72.49808238299994,-36.13885002099994],[-72.50174857299993,-36.14059097099994],[-72.50163436799994,-36.143315049999956],[-72.49428413999993,-36.14639709699992],[-72.48980225499992,-36.14689804499994],[-72.4781789399999,-36.15273299899991],[-72.47278322999995,-36.151848565999956],[-72.4708421599999,-36.15034745199995],[-72.47052503099991,-36.14815509099992],[-72.46808088599994,-36.14789610999992],[-72.45766432499994,-36.15003669899994],[-72.45405544499994,-36.14960396799995],[-72.44439477199995,-36.15540070399993],[-72.43992172999992,-36.15648128899994],[-72.4322843409999,-36.15635371199994],[-72.43055915799994,-36.157984074999945],[-72.42685901499993,-36.15704383599996],[-72.42483880099991,-36.161614992999944],[-72.42264928999992,-36.16290627099994],[-72.42197771899993,-36.16928195199995],[-72.40502364299994,-36.175720165999905],[-72.40108924599991,-36.17619806999994],[-72.39954444999995,-36.17416815899992],[-72.39077299799993,-36.17559048599992],[-72.38559845099991,-36.17366144299996],[-72.38579785899992,-36.172156153999936],[-72.38342525999991,-36.17190600899994],[-72.38239288699992,-36.16996369799995],[-72.37368017799992,-36.16973671899996],[-72.37122476999991,-36.16389696199991],[-72.3589947079999,-36.15724563999993],[-72.3525804009999,-36.16705853299993],[-72.34527865899992,-36.173349877999954],[-72.33846612299993,-36.17426654099995],[-72.3362739239999,-36.18147297899992],[-72.33763247999991,-36.205351342999904],[-72.36027062499994,-36.21486849099995],[-72.41237600999995,-36.207930536999925],[-72.41245273099992,-36.22308675599993],[-72.41103770199993,-36.223118282999906],[-72.40945548999991,-36.22551747499995],[-72.40607393599993,-36.22589480899995],[-72.40378280599992,-36.22886887699991],[-72.40119554099994,-36.22843413699991],[-72.39951885099993,-36.23186760199991],[-72.39504798699994,-36.23204066599993],[-72.39105443999995,-36.234085110999956],[-72.39235579399991,-36.23593407599992],[-72.3900913459999,-36.23862454299996],[-72.3897393609999,-36.24201466299991],[-72.3875363219999,-36.242435204999936],[-72.38628847399991,-36.245012610999936],[-72.38932883199993,-36.24649404199994],[-72.38940849099993,-36.2483839489999],[-72.3801298809999,-36.25120022599992],[-72.3801536009999,-36.25417493899994],[-72.37639571999995,-36.25378608999995],[-72.37251059599993,-36.25717514799993],[-72.37041549499992,-36.255191349999905],[-72.36526893299992,-36.253554882999936],[-72.36520744499995,-36.252300765999905],[-72.36190940599994,-36.252016230999914],[-72.35819321999992,-36.24998292099991],[-72.35798866199991,-36.248293031999935],[-72.35113269099992,-36.24509503799993],[-72.34530265199993,-36.23680927499993],[-72.33397037599991,-36.2332269499999],[-72.32114304899994,-36.23249411199993],[-72.31976035399992,-36.233648280999944],[-72.31560627399995,-36.232685370999945],[-72.31241042799991,-36.233933918999924],[-72.31212014999994,-36.235446012999944],[-72.30905598999993,-36.23694527299995],[-72.3078189169999,-36.23948149699993],[-72.3044467979999,-36.240951166999935],[-72.29825461999991,-36.247232821999944],[-72.29578765299993,-36.25323345699991],[-72.29184351099991,-36.25525309099993],[-72.28917638799993,-36.25428687699991],[-72.28261224099992,-36.25636391599994],[-72.27836753499992,-36.25899361499995],[-72.27762102399993,-36.26148723399996],[-72.27160061199993,-36.256545667999944],[-72.26268322499993,-36.244828380999934],[-72.25469815299994,-36.233961019999924],[-72.24700062499994,-36.21780946699994],[-72.2373004609999,-36.20698008399995],[-72.22047138999994,-36.207925658999955],[-72.22353598899991,-36.215280082999925],[-72.21692769099991,-36.21540833699993],[-72.21618612999993,-36.210113881999916],[-72.2108979269999,-36.210935201999916],[-72.21111515899992,-36.21528884999992],[-72.19095781199991,-36.21970302099993],[-72.18597647799993,-36.22241959199994],[-72.18647399699995,-36.22581130099991],[-72.18332014099991,-36.22825711199994],[-72.16921550599994,-36.23267746399995],[-72.15428345899994,-36.235303066999904],[-72.15645994699992,-36.24126140899995],[-72.15206884399993,-36.241798101999905],[-72.15275813799991,-36.24755475199993],[-72.13910583499995,-36.24594799399995],[-72.14250877199993,-36.242729149999946],[-72.14242402899993,-36.239107292999904],[-72.13797895099992,-36.235294746999955],[-72.13806774499994,-36.23262282999991],[-72.1350395199999,-36.22919624399992],[-72.1363761049999,-36.221235047999926],[-72.13307581299995,-36.217861065999955],[-72.1308399639999,-36.21737492799991],[-72.13170460099991,-36.20346801199992],[-72.1308416519999,-36.20160350799995],[-72.1281300089999,-36.200652507999905],[-72.13130960399991,-36.19173244499996],[-72.12430485699991,-36.18713464499996],[-72.12191123699995,-36.18694756299993],[-72.12103460599991,-36.183155745999954],[-72.11927039999995,-36.18210390799993],[-72.11912996399991,-36.180242379999925],[-72.11504431799995,-36.17829647599996],[-72.11335292399991,-36.17529650599994],[-72.11392248299995,-36.17413153199993],[-72.10575869299993,-36.16895489399991],[-72.10466445499992,-36.16386962799993],[-72.10115150999991,-36.16201090599992],[-72.1012811619999,-36.15876893799992],[-72.09862006599991,-36.156093222999914],[-72.0994129689999,-36.150557877999915],[-72.0977724409999,-36.14668449399994],[-72.09902860199992,-36.1447831399999],[-72.10288437499992,-36.144079752999914],[-72.10420603499995,-36.13551072799993],[-72.10304604099991,-36.13185867899995],[-72.10324517099991,-36.12308273199994],[-72.0964680589999,-36.11692995599992],[-72.10126212199992,-36.11316974299996],[-72.10532029399991,-36.10649550099993],[-72.10550956499992,-36.10089709899995],[-72.1026513619999,-36.09548510999991],[-72.1034102619999,-36.092505814999924],[-72.10748481899992,-36.08922175899994],[-72.1065803429999,-36.08077949099993],[-72.10330612899992,-36.07860701599992],[-72.10161294799991,-36.08113347099993],[-72.09950573399993,-36.081206194999936],[-72.0945736349999,-36.072946645999934],[-72.08494987599994,-36.074975019999954],[-72.08134397099991,-36.07055754899994],[-72.0786975279999,-36.06482301299991],[-72.07478998399995,-36.04948045099991],[-72.06938282399994,-36.04450125199992],[-72.07069903899992,-36.04102457599993],[-72.0756577379999,-36.035469305999925],[-72.07628202899991,-36.02648922399993],[-72.07254198099992,-36.019172005999906],[-72.06703701599992,-36.01407106799991],[-72.05868368299991,-35.99745696899993],[-72.06057231099993,-35.99287865799994],[-72.06686397899995,-35.99165027399994],[-72.06853359799993,-35.99056966099994],[-72.0689335909999,-35.98796620599995],[-72.06666194499991,-35.985207964999915],[-72.0572765679999,-35.981612929999926],[-72.05555110299991,-35.979781670999955],[-72.05856945699992,-35.97489116499992],[-72.06428966099992,-35.97068803499991],[-72.06510476299991,-35.967991387999916],[-72.05853935399995,-35.96206261099991],[-72.05500808699992,-35.95494658699994],[-72.05000877299994,-35.949536019999925],[-72.04644523999991,-35.935554907999915],[-72.04005280299992,-35.93033009099992],[-72.03253396499991,-35.928258857999936],[-72.03127779199991,-35.91786770199991],[-72.0212288159999,-35.91359315599993],[-72.01763158799992,-35.90739093299993],[-72.01812942499993,-35.90370145199995],[-72.02238489599995,-35.900904201999936],[-72.0239836369999,-35.898313480999946],[-72.02308185099992,-35.88737566599991],[-72.03628940699991,-35.88126903299991],[-72.03885738199995,-35.877030033999915],[-72.03886001099994,-35.873026368999945],[-72.03286614599995,-35.86243406999995],[-72.01426842399991,-35.859864760999926],[-72.01048816999992,-35.85648024499994],[-72.01104136999993,-35.85314087799992],[-72.02203689699991,-35.84879806099991],[-72.02375779199991,-35.84638703899992],[-72.02484906199993,-35.83987925799994],[-72.02252373999994,-35.835710208999956],[-72.02058569399992,-35.83445238699994],[-72.01601071099992,-35.834370505999914],[-72.0029547069999,-35.842617565999944],[-71.99625520199993,-35.842201247999924],[-71.98247919599993,-35.836392502999956],[-71.98245163999991,-35.832512462999944],[-71.98749101899995,-35.8296583849999],[-71.98881305799995,-35.82731103499992],[-71.98416459299995,-35.827207625999904],[-71.9783746199999,-35.821846387999926],[-71.98111652799992,-35.818691421999915],[-71.9932474119999,-35.81578138399993],[-71.99840285099992,-35.816278118999946],[-72.00228625699992,-35.80699138099993],[-72.00608800499992,-35.807656950999956],[-72.01099868199992,-35.81179285099995],[-72.01400739999991,-35.81160491899993],[-72.01935952899993,-35.80559185199991],[-72.02761732599993,-35.802200212999935],[-72.02755536799992,-35.796933623999905],[-72.03952101699991,-35.79290823899993],[-72.03956596799992,-35.789894199999935],[-72.03216973499991,-35.78758909699991],[-72.03179683399992,-35.78370362699991],[-72.03954892399992,-35.78268997899994],[-72.0425113579999,-35.78102362799996],[-72.04319671099995,-35.77749900799995],[-72.04081434099993,-35.772329757999955],[-72.04620063399994,-35.77072534999991],[-72.04833592799991,-35.76544277499994],[-72.05147899499991,-35.76346279999996],[-72.05737638199992,-35.763076895999916],[-72.06662513999993,-35.75835256799991],[-72.0641774309999,-35.74632495599991],[-72.06852992799992,-35.73801210699992],[-72.06465211499994,-35.73475552299993],[-72.06713990499992,-35.73185675099995],[-72.06317683199995,-35.728654856999924],[-72.05966732599995,-35.72098406999993],[-72.06217822499991,-35.717270568999936],[-72.06392929799995,-35.717875180999954],[-72.06458156499991,-35.71622471399991],[-72.07139933099995,-35.715467230999934],[-72.07307588899994,-35.713664871999924],[-72.07870161399995,-35.714661047999925],[-72.08270980099991,-35.71823896399991],[-72.0885403339999,-35.718331581999905],[-72.09000034899992,-35.71696353999994],[-72.09660955999993,-35.72037022599994],[-72.0991760089999,-35.719281236999905],[-72.10321912099994,-35.719651375999945],[-72.1041129699999,-35.71819762399991],[-72.11366612899991,-35.71686566599993],[-72.11731826399995,-35.71417197399995],[-72.11702339899995,-35.71120355599993],[-72.12650543299992,-35.70601699699995],[-72.13023105399992,-35.701502700999924],[-72.1384198909999,-35.698988268999926],[-72.14394631899995,-35.7040436499999],[-72.14596131199994,-35.70901447999995],[-72.14931872099993,-35.71090089799992],[-72.15635416499993,-35.711415563999935],[-72.16988036299995,-35.71571575699994],[-72.17432337299994,-35.71537775199994],[-72.18580494699995,-35.71974434899994],[-72.20159263499994,-35.71663381199994],[-72.20232001099993,-35.72010611099995],[-72.20552231899995,-35.722269515999926],[-72.22435960899992,-35.724332525999955],[-72.2332975569999,-35.728014737999956],[-72.2406344819999,-35.73567473399993],[-72.24390676799993,-35.73436796199991],[-72.24229579299993,-35.73266345999991],[-72.25144200799991,-35.72328786999992],[-72.25485886699994,-35.721495562999905],[-72.25428146299993,-35.71421525599993],[-72.25533375399993,-35.711875747999954],[-72.26008823899991,-35.70844273799992],[-72.26250312299993,-35.70416572999994],[-72.26927593099992,-35.700620400999924],[-72.27067519899992,-35.69553825799994],[-72.27256543499993,-35.694076398999925],[-72.27774648999991,-35.69266271799995],[-72.28264006799992,-35.69470319399994],[-72.28790089199993,-35.69460187999994],[-72.29133371499995,-35.697466669999926],[-72.29652401299995,-35.69768680199991],[-72.29976076899993,-35.69695195999992],[-72.30328577799992,-35.693608723999944],[-72.3117006789999,-35.69357476899995]]]}},{"type":"Feature","properties":{"cut":16101,"comuna":"CHILLÁN"},"geometry":{"type":"Polygon","coordinates":[[[-71.93816062099995,-36.52427976899992],[-71.96021894099994,-36.52187924499992],[-71.96923944199995,-36.515146975999926],[-71.97516508099994,-36.51327284699994],[-71.9804148849999,-36.50953421999992],[-71.98670794299994,-36.508379222999906],[-71.99860289899993,-36.51027779899994],[-72.00352986899992,-36.51612074299993],[-72.01813622899994,-36.52372654599992],[-72.03302295299994,-36.526012686999934],[-72.03716248399991,-36.52438059399992],[-72.03945634699994,-36.52189418099994],[-72.04543831199993,-36.52193701199991],[-72.05406404099995,-36.5302442009999],[-72.06091087699991,-36.53346463999992],[-72.06696205399993,-36.534212047999915],[-72.08080842299995,-36.54256942299992],[-72.08435234899991,-36.551676037999925],[-72.0862461019999,-36.55212511199994],[-72.09383904099991,-36.55089242299994],[-72.10237831499995,-36.546183706999955],[-72.10559344399991,-36.54724749899992],[-72.1090714739999,-36.551394485999936],[-72.1137222239999,-36.549308992999954],[-72.12715776399995,-36.55040050799994],[-72.13505005699994,-36.54796352699992],[-72.1380611269999,-36.549795409999945],[-72.15064764699991,-36.54991077699992],[-72.15568475099991,-36.55317757899991],[-72.1696062549999,-36.55653670999993],[-72.17295842099992,-36.55581269599992],[-72.17640832899991,-36.55138501999994],[-72.18223161599991,-36.55003201399995],[-72.1850369089999,-36.552559920999954],[-72.1925874559999,-36.553878081999926],[-72.19727650899995,-36.558641046999924],[-72.20209039499991,-36.56027835799995],[-72.20287903299993,-36.561733525999955],[-72.20103547499991,-36.567737880999914],[-72.20295692499991,-36.57178561699993],[-72.2077617139999,-36.57389964199996],[-72.2141167879999,-36.57297123299992],[-72.21849364999991,-36.578235357999915],[-72.21868608799991,-36.58099335299994],[-72.22253180899992,-36.583221100999936],[-72.2457854829999,-36.585412978999955],[-72.2556525359999,-36.579974017999916],[-72.25862474799993,-36.58173426199994],[-72.26855818299993,-36.59516840099991],[-72.28317201199991,-36.598114292999924],[-72.2921824469999,-36.59792529099991],[-72.3068251819999,-36.59083416099992],[-72.31615935899993,-36.59134097899994],[-72.3179117649999,-36.59340395999993],[-72.31600702599991,-36.59679607399994],[-72.31654794099995,-36.59849856099993],[-72.33055821399995,-36.59892560199995],[-72.3355422329999,-36.60363103299994],[-72.34518668599992,-36.60228221199992],[-72.35008799399992,-36.604663589999916],[-72.35565045699991,-36.604737833999934],[-72.36285303799991,-36.60972191099995],[-72.37109081799991,-36.61161645499993],[-72.38448750499992,-36.62314089999995],[-72.38979499699991,-36.62142969799993],[-72.39620995299993,-36.62443514599994],[-72.40456513099991,-36.624446288999934],[-72.4126138929999,-36.62947508499991],[-72.4328946949999,-36.63822851899994],[-72.46836092299992,-36.642023604999906],[-72.46665790599991,-36.64620770499994],[-72.4554082869999,-36.65143226999993],[-72.4487938979999,-36.65861660699994],[-72.44869315699992,-36.66045425599992],[-72.4528324549999,-36.667322809999916],[-72.4505755969999,-36.67346797199991],[-72.45149913599994,-36.67982066199994],[-72.43952530699994,-36.69087922199992],[-72.4349778799999,-36.69321096199991],[-72.43442672299994,-36.6958341319999],[-72.43762607799994,-36.699897121999925],[-72.43709756899995,-36.70087500499994],[-72.43213752299994,-36.701720175999924],[-72.4257200049999,-36.6980264739999],[-72.4180453589999,-36.70012049699994],[-72.41232334499995,-36.69883832499994],[-72.4048088699999,-36.70102900099994],[-72.3993975759999,-36.70648362999992],[-72.39545738399994,-36.70625415999996],[-72.3919574009999,-36.702837006999914],[-72.38984617799991,-36.70250756999991],[-72.38787243999991,-36.70616248299996],[-72.3836613229999,-36.70703995699995],[-72.37941469299994,-36.70475247199994],[-72.37744893299993,-36.69900600299991],[-72.37400673099995,-36.69965546299994],[-72.3671861979999,-36.697859681999944],[-72.3653491149999,-36.699979809999945],[-72.36125932899995,-36.70102801599995],[-72.35268660499992,-36.696997859999954],[-72.3511811219999,-36.69402389599992],[-72.34770674099991,-36.69332188599992],[-72.3506211909999,-36.69278878599994],[-72.3500272469999,-36.69145550999991],[-72.35169759399992,-36.69016412199994],[-72.3522796279999,-36.6909144679999],[-72.36080285699995,-36.68888210999995],[-72.35635369599993,-36.67905188699996],[-72.3514929719999,-36.679019843999924],[-72.3511010599999,-36.67512829099991],[-72.35832978899992,-36.67488679399992],[-72.3570491399999,-36.65518121999992],[-72.34243869799991,-36.6533747709999],[-72.33864982499995,-36.65403575699992],[-72.33647821099993,-36.64945942199995],[-72.3327775489999,-36.65100077999995],[-72.3336108929999,-36.65244257699993],[-72.33248119799993,-36.65291226599993],[-72.32154710899994,-36.64200660899991],[-72.31828052299994,-36.64261050199991],[-72.31363223999995,-36.63855343799992],[-72.3162404819999,-36.637655707999954],[-72.31261775199994,-36.63440060599993],[-72.3111027999999,-36.635395537999955],[-72.30967818099992,-36.63248548599995],[-72.30647463499992,-36.63367761599994],[-72.30585799699992,-36.63154444999992],[-72.30278578199994,-36.63007110299992],[-72.3001546619999,-36.63300852499992],[-72.2961874689999,-36.634320300999946],[-72.29295456099993,-36.62858824399996],[-72.2898315189999,-36.62623257699994],[-72.28333558999992,-36.63152687799993],[-72.2727274959999,-36.63656914799992],[-72.26597023399995,-36.62798501499992],[-72.25411815399991,-36.63079241999992],[-72.25198420899994,-36.62511522199992],[-72.24190194699992,-36.627492823999944],[-72.23381128299991,-36.63253840099992],[-72.23344501499992,-36.63028014999992],[-72.22658922799991,-36.63188263699993],[-72.22579316999992,-36.62626171499994],[-72.21414230399995,-36.62440122599992],[-72.2137395549999,-36.62710729799994],[-72.21638102599991,-36.62997905499992],[-72.21268291399991,-36.63093830299994],[-72.2125489629999,-36.62822626299993],[-72.2108222459999,-36.62864276499994],[-72.2112542349999,-36.63384768599991],[-72.20601154899992,-36.63063793899994],[-72.15878527899991,-36.61652772899993],[-72.15305226099991,-36.62063554699995],[-72.14684169899994,-36.61457462899995],[-72.13710940999994,-36.6145084069999],[-72.12771840999994,-36.61683018999992],[-72.12285723999992,-36.61992651999992],[-72.12331699299995,-36.62354519799993],[-72.12106596199993,-36.62509693499993],[-72.10316143299991,-36.627436073999945],[-72.1040810639999,-36.637184490999914],[-72.09875062099991,-36.63853635699991],[-72.10105059299991,-36.64466472599992],[-72.0929236309999,-36.64723955199992],[-72.0951547869999,-36.65245628799994],[-72.08834508399991,-36.65685945799993],[-72.07886938099995,-36.668205661999934],[-72.07682502999995,-36.678435548999914],[-72.07495204499992,-36.67961817999992],[-72.06890013199995,-36.69283395799994],[-72.07042218799995,-36.69844221599993],[-72.07151213999992,-36.69889806999993],[-72.06942354799992,-36.69972384499994],[-72.06964718199993,-36.702440646999946],[-72.06407090399995,-36.705176542999936],[-72.06834551199995,-36.71193677899993],[-72.06866428099994,-36.7164149269999],[-72.0638467039999,-36.722598889999915],[-72.0607632569999,-36.7337874989999],[-72.05871572699994,-36.73697780099991],[-72.05813063599993,-36.748873472999946],[-72.0545570729999,-36.75058224999992],[-72.05284943099991,-36.74999474599991],[-72.05183731099993,-36.746869776999915],[-72.04933331299992,-36.74572281999991],[-72.04112938899993,-36.74651773499994],[-72.03143730099993,-36.74390302899991],[-72.02367824799995,-36.74420974599991],[-72.01406947899994,-36.74713987399991],[-72.00985913099993,-36.746843318999936],[-72.0015176199999,-36.74968378799991],[-71.99403575399992,-36.73507932199993],[-71.9862131669999,-36.72885967499991],[-71.97940377599991,-36.720525719999955],[-71.98060203299991,-36.7180126099999],[-71.98377513399993,-36.71662681799995],[-71.98524487899994,-36.71412664999991],[-71.9902053049999,-36.71271454199996],[-71.9924051189999,-36.70864074499991],[-71.99742922899992,-36.70752183399992],[-72.0034874239999,-36.70372277899992],[-71.99857508999992,-36.69437698999991],[-71.99756497399994,-36.694379547999915],[-71.99230228199991,-36.68468653799994],[-71.9917711519999,-36.68531208099995],[-71.98273855499991,-36.67153640899994],[-71.96725464199994,-36.677256248999925],[-71.95126868799991,-36.684946623999906],[-71.94446794999993,-36.674340575999906],[-71.9426998479999,-36.67518703799993],[-71.93841527899991,-36.666020310999954],[-71.94135863799994,-36.665041757999916],[-71.9467563629999,-36.65912594899993],[-71.95246067099993,-36.65686379299996],[-71.94883756099995,-36.646440568999935],[-71.94949147799991,-36.64506892599991],[-71.95397214199994,-36.6431625859999],[-71.94996813299991,-36.63789525199991],[-71.9553956979999,-36.63525958699995],[-71.95700891099995,-36.63277885399992],[-71.9775966919999,-36.62528318299991],[-71.97663957799995,-36.628781586999935],[-71.97822117399994,-36.6314009429999],[-71.98393754199992,-36.62851429999995],[-71.98215565499993,-36.6239166819999],[-71.99287877199993,-36.62074868099995],[-71.98986373699995,-36.61772978999994],[-71.99433823299995,-36.615286832999914],[-71.99298284999992,-36.61202376099993],[-71.99566635799994,-36.611101584999915],[-71.99846478799992,-36.61715990399995],[-72.0021387299999,-36.61538954699995],[-72.00054191299995,-36.61166149299993],[-72.0294080669999,-36.60429747199993],[-72.02297223999994,-36.591231852999954],[-72.0288009169999,-36.58975119699994],[-72.0210613129999,-36.578252291999945],[-72.02430769799992,-36.57517271599994],[-72.03672196399992,-36.57389176799995],[-72.03496749899995,-36.57084052399995],[-72.03064382199994,-36.57165552199996],[-72.02816301599995,-36.56759526499991],[-72.0239445489999,-36.56836870799992],[-72.02034009699992,-36.562590791999924],[-72.0160091219999,-36.56133998599995],[-72.01500648599995,-36.55774248799992],[-72.01223482499995,-36.55497300399992],[-72.00912631999995,-36.55600004699994],[-72.00205534799994,-36.5632302649999],[-71.9976844119999,-36.56419246799993],[-71.97513109099992,-36.563012848999904],[-71.9755106099999,-36.56028859699995],[-71.97023348999994,-36.5583177229999],[-71.96193589099994,-36.565426386999945],[-71.95023806499995,-36.56728902599991],[-71.94536594999994,-36.56429110499994],[-71.93190296299991,-36.56302864799994],[-71.91689066599992,-36.56403502799992],[-71.91141077599991,-36.56099101099994],[-71.90310542599991,-36.56251543399992],[-71.89161963999993,-36.567975848999936],[-71.88296558999991,-36.56378042299991],[-71.8771366439999,-36.56500677199995],[-71.8730701739999,-36.54271068299994],[-71.86188861599993,-36.541846592999946],[-71.85681815799995,-36.52474973299991],[-71.85592614399991,-36.51584424199996],[-71.8618190709999,-36.517481527999905],[-71.88206829399991,-36.518403778999925],[-71.89228099499991,-36.52051758099992],[-71.90851390999995,-36.519554539999945],[-71.91324078799994,-36.52131099199994],[-71.93816062099995,-36.52427976899992]]]}},{"type":"Feature","properties":{"cut":16102,"comuna":"BULNES"},"geometry":{"type":"Polygon","coordinates":[[[-72.44348595299994,-36.68691849499993],[-72.44302738499994,-36.69234048599992],[-72.45132886199991,-36.69819800599993],[-72.45169827599995,-36.701250356999935],[-72.44965485599994,-36.703887495999936],[-72.44916862199995,-36.70892083599995],[-72.44589318499993,-36.71239482599992],[-72.4395263319999,-36.71575997899993],[-72.4348098939999,-36.721445752999955],[-72.43792163099994,-36.727970788999926],[-72.43672787699995,-36.73660305699991],[-72.43533049399991,-36.738961339999946],[-72.42494406899993,-36.74331822799991],[-72.4166630119999,-36.751912896999954],[-72.41444800199992,-36.75781346399992],[-72.41527888299993,-36.76020829399994],[-72.4258095909999,-36.766214317999925],[-72.42926649099991,-36.76998069199993],[-72.42669371399995,-36.78112618499995],[-72.42955390199995,-36.80135263099993],[-72.41953313399995,-36.804827048999925],[-72.41512212099991,-36.81584376799992],[-72.4059489679999,-36.81975261499991],[-72.40636957699991,-36.82964802799995],[-72.3937778749999,-36.84061140999995],[-72.39268059699992,-36.849297786999955],[-72.38227001899992,-36.85686216999994],[-72.38198672699991,-36.86313573299992],[-72.3801160349999,-36.866442556999914],[-72.36946692399994,-36.868505849999906],[-72.36373573599991,-36.86688286799995],[-72.36486930899991,-36.864622916999906],[-72.3641371569999,-36.86351623199994],[-72.35395864199995,-36.867265224999926],[-72.34727782599992,-36.8673565279999],[-72.33989212699993,-36.86463825299995],[-72.33068863799991,-36.86758888399993],[-72.32503525599992,-36.86720464299992],[-72.3196872709999,-36.87249668699991],[-72.3144270219999,-36.869966492999936],[-72.31113736899994,-36.86977324999992],[-72.30808843699992,-36.87142396199994],[-72.30784547299993,-36.875817636999955],[-72.3026569619999,-36.88064826199991],[-72.29560991599993,-36.882003841999904],[-72.27358227299993,-36.89186309299993],[-72.25814424499993,-36.89214995599991],[-72.25189581699993,-36.893879704999904],[-72.2479872319999,-36.892414871999904],[-72.2349952909999,-36.89815380099992],[-72.22418940099993,-36.89752044099993],[-72.2180335299999,-36.90080771499993],[-72.21418447799994,-36.90067084399993],[-72.21152831099994,-36.898369319999915],[-72.21094744299995,-36.89102943899991],[-72.20694719599993,-36.88900899299995],[-72.20273885099994,-36.8894885869999],[-72.19177026299991,-36.86518737299991],[-72.18672239999995,-36.86674031799993],[-72.18559641399992,-36.86480726099995],[-72.18674870299992,-36.862981464999905],[-72.19041292399993,-36.862315752999905],[-72.1817216039999,-36.84314402199993],[-72.17523453099994,-36.84594857199994],[-72.17290414799993,-36.841096884999956],[-72.18023932799991,-36.83987339899994],[-72.17394445899993,-36.825980770999934],[-72.17547415699994,-36.82564709999991],[-72.17504591699992,-36.824614967999935],[-72.17347678199991,-36.82494842299991],[-72.16487977799994,-36.806156889999954],[-72.16115239099992,-36.80834168899992],[-72.1582206619999,-36.80743710299993],[-72.15099233099994,-36.80843177999992],[-72.15287640999992,-36.805893727999944],[-72.14827434199992,-36.79831216999992],[-72.14798237899993,-36.79518929999995],[-72.14978930399991,-36.79457667699995],[-72.1462121909999,-36.78688930499993],[-72.13576298899994,-36.791496525999946],[-72.13358527299994,-36.79066912299993],[-72.12351606199991,-36.793966531999956],[-72.11905366499991,-36.792354609999904],[-72.11336639399991,-36.79385753299994],[-72.11087589899995,-36.79639313799993],[-72.10974668799992,-36.79472327399992],[-72.10795500699993,-36.79504592599994],[-72.12415620199994,-36.76574149999993],[-72.1242109289999,-36.75980474499994],[-72.12701869299991,-36.757253962999926],[-72.12945526099992,-36.74674626299992],[-72.13454138999992,-36.734311376999926],[-72.14193670899994,-36.7368909299999],[-72.14851297699994,-36.73729916099995],[-72.1554238249999,-36.734732624999936],[-72.15844511099993,-36.735544002999916],[-72.15982491499994,-36.737774750999904],[-72.16361855299994,-36.73724316199991],[-72.16602264199992,-36.73873108499993],[-72.17366079099992,-36.73725575199995],[-72.17580159199991,-36.739550107999946],[-72.18059158699992,-36.73859081699993],[-72.1823311199999,-36.7347693989999],[-72.18624462499992,-36.73670993299993],[-72.1936328999999,-36.73492382699993],[-72.19551989299993,-36.73622565099993],[-72.19580010899995,-36.73805077399993],[-72.20100082699992,-36.737601051999945],[-72.20027929899993,-36.73968651899992],[-72.20112247799995,-36.73999975899994],[-72.21630919299992,-36.736994712999945],[-72.2178101259999,-36.738228755999955],[-72.22092575999994,-36.73589857899992],[-72.22416920299992,-36.735843960999944],[-72.22636581599994,-36.733319313999914],[-72.2319485079999,-36.73470335399992],[-72.23163484699995,-36.731367673999955],[-72.23299515999992,-36.7301952169999],[-72.23645106499993,-36.73192863199995],[-72.2501102789999,-36.73098020899994],[-72.25283975799994,-36.730447188999904],[-72.2562526879999,-36.72708327099991],[-72.2626220439999,-36.72631469599992],[-72.26600988299992,-36.72438019899994],[-72.26752026499992,-36.72040324099993],[-72.2718977479999,-36.720575255999904],[-72.27408357599995,-36.714461669999935],[-72.28066756499993,-36.71294327699991],[-72.28202476299992,-36.70846774699993],[-72.28709250299994,-36.70499487299992],[-72.29018135599995,-36.704314179999926],[-72.29533747999994,-36.705480663999936],[-72.29653702299993,-36.707532758999946],[-72.29505218699995,-36.71102795399992],[-72.29605131199992,-36.71251708999995],[-72.30286791999993,-36.71177895299991],[-72.31015414699993,-36.70666241199996],[-72.31040625199995,-36.69730920199993],[-72.3185769449999,-36.69522841199995],[-72.32341085799993,-36.694757756999934],[-72.32659840699995,-36.69918287699994],[-72.3306402469999,-36.700183842999934],[-72.33401634299992,-36.69914012399994],[-72.34136943499993,-36.69972194499991],[-72.34431781799992,-36.69708143699995],[-72.3466052949999,-36.699016194999956],[-72.35121807299993,-36.695756891999906],[-72.36125932899995,-36.70102801599995],[-72.3653491149999,-36.699979809999945],[-72.3671861979999,-36.697859681999944],[-72.37400673099995,-36.69965546299994],[-72.37725823399995,-36.69895384799992],[-72.37978496699992,-36.70522559999995],[-72.38370833999994,-36.70704257099993],[-72.38787243999991,-36.70616248299996],[-72.38984617799991,-36.70250756999991],[-72.3919574009999,-36.702837006999914],[-72.39545738399994,-36.70625415999996],[-72.3993975759999,-36.70648362999992],[-72.4048088699999,-36.70102900099994],[-72.41232334499995,-36.69883832499994],[-72.4180453589999,-36.70012049699994],[-72.4257200049999,-36.6980264739999],[-72.43213752299994,-36.701720175999924],[-72.43641108199995,-36.701102620999905],[-72.43766178399994,-36.699993271999915],[-72.4344216909999,-36.69457039899993],[-72.43568287699992,-36.69222499999995],[-72.44348595299994,-36.68691849499993]]]}},{"type":"Feature","properties":{"cut":16103,"comuna":"CHILLÁN VIEJO"},"geometry":{"type":"Polygon","coordinates":[[[-72.14085826099995,-36.614272498999924],[-72.14692025499994,-36.614615467999954],[-72.15305226099991,-36.62063554699995],[-72.15878527899991,-36.61652772899993],[-72.20601154899992,-36.63063793899994],[-72.2112542349999,-36.63384768599991],[-72.2108222459999,-36.62864276499994],[-72.2125489629999,-36.62822626299993],[-72.21268291399991,-36.63093830299994],[-72.21638102599991,-36.62997905499992],[-72.2137395549999,-36.62710729799994],[-72.21414230399995,-36.62440122599992],[-72.22579316999992,-36.62626171499994],[-72.22658922799991,-36.63188263699993],[-72.23344501499992,-36.63028014999992],[-72.23381128299991,-36.63253840099992],[-72.24190194699992,-36.627492823999944],[-72.25198420899994,-36.62511522199992],[-72.25411815399991,-36.63079241999992],[-72.26597023399995,-36.62798501499992],[-72.2727274959999,-36.63656914799992],[-72.28333558999992,-36.63152687799993],[-72.2898315189999,-36.62623257699994],[-72.29295456099993,-36.62858824399996],[-72.2961874689999,-36.634320300999946],[-72.29978164899995,-36.63324756399993],[-72.3030159079999,-36.63007631599993],[-72.30585799699992,-36.63154444999992],[-72.30647463499992,-36.63367761599994],[-72.30967818099992,-36.63248548599995],[-72.3111027999999,-36.635395537999955],[-72.31261775199994,-36.63440060599993],[-72.3162404819999,-36.637655707999954],[-72.31363223999995,-36.63855343799992],[-72.31828052299994,-36.64261050199991],[-72.32154710899994,-36.64200660899991],[-72.33248119799993,-36.65291226599993],[-72.3336108929999,-36.65244257699993],[-72.3327775489999,-36.65100077999995],[-72.33647821099993,-36.64945942199995],[-72.33864982499995,-36.65403575699992],[-72.34243869799991,-36.6533747709999],[-72.3570491399999,-36.65518121999992],[-72.35832978899992,-36.67488679399992],[-72.3511010599999,-36.67512829099991],[-72.3514929719999,-36.679019843999924],[-72.35635369599993,-36.67905188699996],[-72.36080285699995,-36.68888210999995],[-72.3522796279999,-36.6909144679999],[-72.35169759399992,-36.69016412199994],[-72.3500272469999,-36.69145550999991],[-72.3506211909999,-36.69278878599994],[-72.34770674099991,-36.69332188599992],[-72.3511811219999,-36.69402389599992],[-72.35219306999994,-36.69586543899993],[-72.3466052949999,-36.699016194999956],[-72.34431781799992,-36.69708143699995],[-72.34136943499993,-36.69972194499991],[-72.33401634299992,-36.69914012399994],[-72.3306402469999,-36.700183842999934],[-72.32659840699995,-36.69918287699994],[-72.3241072909999,-36.69516685599996],[-72.32197868799994,-36.69460856099994],[-72.31068083899993,-36.69707696499995],[-72.30969743899993,-36.69937955799992],[-72.31015414699993,-36.70666241199996],[-72.30286791999993,-36.71177895299991],[-72.29605131199992,-36.71251708999995],[-72.29505218699995,-36.71102795399992],[-72.29653702299993,-36.707532758999946],[-72.29533747999994,-36.705480663999936],[-72.29018135599995,-36.704314179999926],[-72.28709250299994,-36.70499487299992],[-72.28202476299992,-36.70846774699993],[-72.28066756499993,-36.71294327699991],[-72.27408357599995,-36.714461669999935],[-72.2718977479999,-36.720575255999904],[-72.26752026499992,-36.72040324099993],[-72.26600988299992,-36.72438019899994],[-72.2626220439999,-36.72631469599992],[-72.2562526879999,-36.72708327099991],[-72.25283975799994,-36.730447188999904],[-72.2501102789999,-36.73098020899994],[-72.23645106499993,-36.73192863199995],[-72.23299515999992,-36.7301952169999],[-72.23163484699995,-36.731367673999955],[-72.2319485079999,-36.73470335399992],[-72.22636581599994,-36.733319313999914],[-72.22416920299992,-36.735843960999944],[-72.22092575999994,-36.73589857899992],[-72.2178101259999,-36.738228755999955],[-72.21630919299992,-36.736994712999945],[-72.20112247799995,-36.73999975899994],[-72.20069609199993,-36.7374269739999],[-72.19580010899995,-36.73805077399993],[-72.19490737399991,-36.73555550499992],[-72.19200629499994,-36.73484966399991],[-72.18624462499992,-36.73670993299993],[-72.18213829799993,-36.73477675099991],[-72.18059158699992,-36.73859081699993],[-72.17580159199991,-36.739550107999946],[-72.17366079099992,-36.73725575199995],[-72.16602264199992,-36.73873108499993],[-72.16361855299994,-36.73724316199991],[-72.15982491499994,-36.737774750999904],[-72.15844511099993,-36.735544002999916],[-72.1554238249999,-36.734732624999936],[-72.14851297699994,-36.73729916099995],[-72.14193670899994,-36.7368909299999],[-72.1391881799999,-36.73512004499992],[-72.13357169799991,-36.73413965399993],[-72.13239396999995,-36.731943258999934],[-72.1297145229999,-36.73257117299994],[-72.12806040399994,-36.72910860899992],[-72.12511559699993,-36.72849545699995],[-72.12029286799992,-36.73108876799995],[-72.11439518399993,-36.729178730999934],[-72.11140334899994,-36.73392240499993],[-72.10631195199994,-36.73539046499991],[-72.10004535799993,-36.73425396299996],[-72.09482204199992,-36.73647500299995],[-72.08806593199995,-36.736917745999904],[-72.08598674399991,-36.73840894999995],[-72.08248081799991,-36.73850945499993],[-72.08102647999993,-36.74053617399994],[-72.07377379999991,-36.74156197299993],[-72.06828150899992,-36.74497926099991],[-72.05888756299993,-36.74774445899993],[-72.05758904099991,-36.746689029999914],[-72.05871572699994,-36.73697780099991],[-72.0607632569999,-36.7337874989999],[-72.0638467039999,-36.722598889999915],[-72.06866428099994,-36.7164149269999],[-72.06834551199995,-36.71193677899993],[-72.06407090399995,-36.705176542999936],[-72.06964718199993,-36.702440646999946],[-72.06942354799992,-36.69972384499994],[-72.07151213999992,-36.69889806999993],[-72.07042218799995,-36.69844221599993],[-72.06890013199995,-36.69283395799994],[-72.07495204499992,-36.67961817999992],[-72.07682502999995,-36.678435548999914],[-72.0788971419999,-36.66815964399996],[-72.08834508399991,-36.65685945799993],[-72.0951547869999,-36.65245628799994],[-72.0929236309999,-36.64723955199992],[-72.10105059299991,-36.64466472599992],[-72.09875062099991,-36.63853635699991],[-72.1040810639999,-36.637184490999914],[-72.10316143299991,-36.627436073999945],[-72.12106596199993,-36.62509693499993],[-72.12331699299995,-36.62354519799993],[-72.12276980099995,-36.620002832999944],[-72.12771840999994,-36.61683018999992],[-72.14085826099995,-36.614272498999924]]]}},{"type":"Feature","properties":{"cut":16106,"comuna":"PINTO"},"geometry":{"type":"Polygon","coordinates":[[[-71.92592260099991,-36.6750674619999],[-71.93063646799993,-36.66797091199993],[-71.93841527899991,-36.666022709999936],[-71.9426998479999,-36.67518703799993],[-71.94446794999993,-36.674340575999906],[-71.95126868799991,-36.684946623999906],[-71.96725464199994,-36.677256248999925],[-71.98273855499991,-36.67153640899994],[-71.9917711519999,-36.68531208099995],[-71.99230228199991,-36.68468653799994],[-71.99756497399994,-36.694379547999915],[-71.99857508999992,-36.69437698999991],[-72.0034874239999,-36.70372277899992],[-71.99742922899992,-36.70752183399992],[-71.9924051189999,-36.70864074499991],[-71.9902053049999,-36.71271454199996],[-71.98524487899994,-36.71412664999991],[-71.98377513399993,-36.71662681799995],[-71.98060203299991,-36.7180126099999],[-71.97940377599991,-36.720525719999955],[-71.9862131669999,-36.72885967499991],[-71.99403575399992,-36.73507932199993],[-72.0015176199999,-36.74968378799991],[-71.99938430399993,-36.750387050999905],[-71.99490227599995,-36.74637867899992],[-71.9930802959999,-36.74707683699995],[-71.98925430299994,-36.74597997099994],[-71.98383399199992,-36.74734704899993],[-71.98105288499994,-36.750807925999936],[-71.97604431399992,-36.7528710709999],[-71.97361204399994,-36.75801026799991],[-71.9735605759999,-36.76193946899991],[-71.9682018609999,-36.76413133299991],[-71.96692472099994,-36.76596919299993],[-71.96546767299992,-36.76561350399993],[-71.9635195319999,-36.768059137999956],[-71.96378429499993,-36.77162817699991],[-71.9617025629999,-36.77150217399992],[-71.96131584599993,-36.772824993999905],[-71.9575215399999,-36.7742487079999],[-71.95744922599994,-36.77574381099993],[-71.9519738809999,-36.777719934999936],[-71.94543147299993,-36.77722483699995],[-71.94490194299993,-36.779721363999954],[-71.94287679399991,-36.78023134399996],[-71.9421217389999,-36.77916887899994],[-71.93901137699993,-36.78151557099994],[-71.93480516299991,-36.78124789299994],[-71.93353766299992,-36.7846126469999],[-71.92890001699993,-36.78349000299994],[-71.92362658299993,-36.785444182999925],[-71.91909612499995,-36.78558018299992],[-71.9168587179999,-36.78831879299992],[-71.91463102099993,-36.78832716399995],[-71.90717480199993,-36.792631582999945],[-71.90353638199991,-36.79159158199991],[-71.89379262499995,-36.79674714799995],[-71.88382745299992,-36.79878581399993],[-71.87923382999992,-36.80258487799995],[-71.87011183699991,-36.80555225899991],[-71.8661582709999,-36.80878065599995],[-71.8591395059999,-36.80949336499992],[-71.85630269099994,-36.81119245599996],[-71.85667149499994,-36.81638513699994],[-71.85386786099991,-36.81805038199991],[-71.85206772299995,-36.81722608699994],[-71.8452767899999,-36.82141386599994],[-71.84344479299995,-36.824318896999955],[-71.84060932599994,-36.82511632199993],[-71.83922610299993,-36.82733081199996],[-71.83598731299992,-36.827997610999944],[-71.83463006099993,-36.830175348999944],[-71.82285265999991,-36.832229071999905],[-71.81973954699993,-36.82311080499994],[-71.81722468599992,-36.82643351799993],[-71.8142263769999,-36.823274230999914],[-71.81300170899993,-36.8235608249999],[-71.81309986899993,-36.820305978999954],[-71.8148257759999,-36.817789674999915],[-71.8120276439999,-36.81522827799995],[-71.81033512499994,-36.81710074599994],[-71.80477738499991,-36.81507922199995],[-71.80151247899994,-36.81529848799994],[-71.79837320899992,-36.81832930899992],[-71.79382651299994,-36.820308334999936],[-71.77835878999991,-36.82297625399991],[-71.7611723309999,-36.820859251999934],[-71.75576479699993,-36.817354820999924],[-71.7553114079999,-36.820303235999916],[-71.77588759999992,-36.83126947699992],[-71.77424984699991,-36.834487931999945],[-71.77125568699995,-36.83120643199993],[-71.76252501599993,-36.82843925599991],[-71.75303907799992,-36.832298127999934],[-71.74285110099993,-36.826466024999945],[-71.74207424399992,-36.82959777599996],[-71.73331645499991,-36.8297337109999],[-71.7282597379999,-36.83608884999995],[-71.7263126009999,-36.835070456999915],[-71.72220891799992,-36.83931034199992],[-71.71428448899991,-36.84012668199995],[-71.70891543199991,-36.84313103599993],[-71.70810573299991,-36.84562630399995],[-71.70970854299992,-36.851600284999904],[-71.69941130399991,-36.85343220199991],[-71.69809589399995,-36.856101570999954],[-71.6954979699999,-36.85659401499993],[-71.69351011999993,-36.85957402799994],[-71.67858664599993,-36.864404633999925],[-71.67462801699992,-36.86358466799993],[-71.67196936699992,-36.866379079999945],[-71.66687704799995,-36.867066344999955],[-71.66573766899995,-36.86998294399996],[-71.66209892199993,-36.87201908199995],[-71.6597807519999,-36.871156964999955],[-71.6578318729999,-36.87253656099995],[-71.65389115099993,-36.870990013999915],[-71.65348664099992,-36.873802106999904],[-71.6480126479999,-36.87314715899993],[-71.63889221699992,-36.88270525599995],[-71.6321081769999,-36.883290433999946],[-71.6287094349999,-36.88686955199995],[-71.62777949199995,-36.89096536199992],[-71.61364190899991,-36.89687187099992],[-71.60903254899995,-36.90198729999992],[-71.60469208199993,-36.90195583199994],[-71.60445275899991,-36.906421860999956],[-71.5984580089999,-36.909992220999925],[-71.59944220299991,-36.93896887199992],[-71.59832342699991,-36.941206231999956],[-71.59052670799991,-36.94538891199994],[-71.5902989999999,-36.951803054999914],[-71.58693839199992,-36.952795100999936],[-71.58951455199991,-36.955451557999936],[-71.59287439999991,-36.96406990399993],[-71.5920286999999,-36.96794261999992],[-71.58872612199991,-36.96950272399994],[-71.58836658999991,-36.97263815899993],[-71.59266258499991,-36.977339480999944],[-71.59303275099995,-36.98019070799995],[-71.5882939839999,-36.98588235799991],[-71.59558315899994,-36.99154999499996],[-71.59628757399992,-36.99703895099992],[-71.5895795539999,-36.997726418999946],[-71.5816147239999,-37.00041726499995],[-71.5795832089999,-37.00430796699993],[-71.57367082799993,-37.00675324999992],[-71.5738793939999,-37.008698874999936],[-71.56858900499992,-37.014666167999906],[-71.5549060749999,-37.013778987999956],[-71.55100999899992,-37.02119999999991],[-71.54884828099995,-37.01859656799991],[-71.54444914899995,-37.01723758899993],[-71.53911944799995,-37.01045435499992],[-71.53399806599992,-37.00847865599991],[-71.51774315599994,-37.00638985099994],[-71.51081876699993,-37.004204143999914],[-71.5083133899999,-37.0048311189999],[-71.5079635159999,-37.00653126099991],[-71.49626595699993,-37.00935996599992],[-71.49211194299994,-37.01270293899995],[-71.49275171799991,-37.0159218199999],[-71.48782800099991,-37.01500011199994],[-71.48564476099995,-37.01778367499992],[-71.47826311099993,-37.02042593199991],[-71.47810499699995,-37.022831056999905],[-71.47409564499992,-37.02575236599995],[-71.47313423499992,-37.03698974099996],[-71.46953849899995,-37.04038939299994],[-71.46191465299995,-37.043530425999904],[-71.46202761899991,-37.04569055699994],[-71.46446744299993,-37.048449414999936],[-71.46125199499994,-37.05407578699993],[-71.46190147199991,-37.05683712699994],[-71.4595656109999,-37.05712948899992],[-71.46162466299995,-37.0601650829999],[-71.45912172299995,-37.061605104999956],[-71.45852395199995,-37.066140279999956],[-71.45638453299995,-37.06609564699994],[-71.45429174499992,-37.06823061199992],[-71.4524194249999,-37.067554773999916],[-71.44596418099991,-37.072711789999914],[-71.43285839799995,-37.07204482499992],[-71.42978344399995,-37.07544441299996],[-71.42702135899992,-37.07477052899992],[-71.42180059899994,-37.07881494399993],[-71.41644889799994,-37.07954210799994],[-71.4107898709999,-37.084827064999956],[-71.41079472799993,-37.09011468099993],[-71.40892928099993,-37.090480148999916],[-71.40575559299992,-37.08483966199992],[-71.40031244199992,-37.08343757499995],[-71.39445144399991,-37.07766179399994],[-71.39564186799993,-37.07458473899993],[-71.39502724199991,-37.06972551599995],[-71.3833722469999,-37.06705662299993],[-71.3768427249999,-37.069085430999905],[-71.36772864199992,-37.06852911099992],[-71.3661625169999,-37.070954627999924],[-71.36075069999993,-37.07185466999994],[-71.3554174169999,-37.07612729999994],[-71.34165935199991,-37.0773821059999],[-71.33794510799993,-37.076321556999915],[-71.33616108799993,-37.07793065099992],[-71.33371031799993,-37.07638117399995],[-71.32880467399991,-37.0778275049999],[-71.32675876999991,-37.080117497999936],[-71.32285322099995,-37.080744126999946],[-71.3187398039999,-37.08840241899992],[-71.3158132989999,-37.089777718999926],[-71.31244244699991,-37.093895749999945],[-71.30997911299994,-37.094200378999915],[-71.30787342499991,-37.098866362999956],[-71.30275761999991,-37.102657817999955],[-71.2986512569999,-37.10144978299991],[-71.28269622499994,-37.10309565399996],[-71.27259290199993,-37.10822717699995],[-71.2716124239999,-37.11094577499995],[-71.2694008979999,-37.11173537399992],[-71.26257131999995,-37.11123280299995],[-71.25876406499992,-37.1091222739999],[-71.25333894499994,-37.11093024299993],[-71.24434461699991,-37.11075254499991],[-71.23579805199995,-37.10854453099995],[-71.22929177199995,-37.10448369299991],[-71.22241152599992,-37.10243647599992],[-71.21466139199993,-37.10326868699991],[-71.19405075799995,-37.09784947399993],[-71.1884835859999,-37.098119641999915],[-71.18692481199992,-37.099597600999914],[-71.1815214689999,-37.09908165099995],[-71.17462940099995,-37.10648264899993],[-71.1669241319999,-37.10950227299992],[-71.16222389899991,-37.11323065699992],[-71.1586613739999,-37.11388779899994],[-71.1560383339999,-37.116542300999924],[-71.11183614599992,-37.11508604099993],[-71.10477477299992,-37.112945304999926],[-71.10191441099994,-37.11033778099994],[-71.09617436299993,-37.109159088999945],[-71.09990448099995,-37.1066114379999],[-71.10475858199993,-37.10672565199991],[-71.11109746599993,-37.0974743079999],[-71.11149721499993,-37.094847382999944],[-71.1206914519999,-37.09193492299994],[-71.12326126999994,-37.089650639999945],[-71.12113124899992,-37.08238473599994],[-71.12217623599992,-37.08005665299993],[-71.11989195399991,-37.074460160999934],[-71.12109120199995,-37.072575627999925],[-71.12851511999992,-37.069606060999945],[-71.13582482399994,-37.07189034299995],[-71.14090735299993,-37.06909209699995],[-71.14050485199994,-37.06349000499995],[-71.14416245599995,-37.06275321299995],[-71.14399113499991,-37.06149685799994],[-71.13719539399995,-37.05275947699994],[-71.14193527999993,-37.03979617299996],[-71.14307742199992,-37.03162986299992],[-71.14741755799992,-37.02803211799994],[-71.14711990199993,-37.02499984199994],[-71.14855969999991,-37.02135059199992],[-71.1552983329999,-37.01723888299995],[-71.15545391199993,-37.012924564999935],[-71.15889607799994,-37.011185533999935],[-71.1582107939999,-37.008501501999945],[-71.16666263899992,-37.00547482799993],[-71.16717660299992,-36.99725140999993],[-71.18008279899993,-36.99513844899991],[-71.1880206809999,-36.99639480499991],[-71.19869970199994,-36.986515281999914],[-71.2045121189999,-36.98517377699994],[-71.21422999999993,-36.985409999999945],[-71.21710999999993,-36.98198999999994],[-71.22161999999992,-36.98135999999994],[-71.22243999999995,-36.97785999999991],[-71.21929128699992,-36.97225215499992],[-71.21960528799991,-36.96896084799994],[-71.2240722279999,-36.96602902299992],[-71.22974300699991,-36.96431651599994],[-71.23627489799992,-36.956997584999954],[-71.2454066809999,-36.95510637099994],[-71.26138858299993,-36.941345819999924],[-71.26182183799995,-36.93965293699995],[-71.2599884629999,-36.93653836699991],[-71.25469841699993,-36.930314163999924],[-71.25519003999995,-36.926954114999944],[-71.2569164059999,-36.92652102399995],[-71.25797342599992,-36.924491522999915],[-71.25704020499995,-36.92136780199991],[-71.26031281999991,-36.914626093999914],[-71.26887906999991,-36.91472704599994],[-71.2717973199999,-36.911874525999906],[-71.27810785199995,-36.90937219099993],[-71.28434411799992,-36.91271823599993],[-71.28587845599992,-36.91719207999995],[-71.29170307899994,-36.91748681799993],[-71.30089896699991,-36.92268732499991],[-71.3135898399999,-36.92058816999992],[-71.32811158899995,-36.92023214199992],[-71.33262371399991,-36.91722110599994],[-71.33520415699991,-36.91314528799995],[-71.34280022999991,-36.91247394499993],[-71.34566644499995,-36.90872615799992],[-71.33986408699991,-36.901034945999925],[-71.34026633099995,-36.896785020999914],[-71.34993388099991,-36.89298028899992],[-71.35144147999995,-36.89057580299993],[-71.3609080569999,-36.883993422999936],[-71.36339172499993,-36.877782562999926],[-71.3678093659999,-36.875036948999934],[-71.3718182049999,-36.87547020299991],[-71.38118046299991,-36.864246039999955],[-71.3853899529999,-36.8617093389999],[-71.38842932699993,-36.85593238899992],[-71.39860829399993,-36.851467561999925],[-71.39993566499993,-36.847028045999934],[-71.40286311799991,-36.845334675999936],[-71.40446766199994,-36.84191716899994],[-71.4032978859999,-36.83758179799992],[-71.4055869739999,-36.83148731599994],[-71.40996103599991,-36.82972308399991],[-71.41121367799991,-36.82729215299992],[-71.41877458699992,-36.82319612099991],[-71.4296432509999,-36.81300263399993],[-71.43493286499995,-36.811629001999904],[-71.4358931939999,-36.81305718099992],[-71.44637106399995,-36.81570170899994],[-71.45069364299991,-36.82162407799996],[-71.4579304319999,-36.82633480399994],[-71.47203060299995,-36.827720057999954],[-71.4792772859999,-36.82593748499994],[-71.49486207599995,-36.8253497739999],[-71.5031949179999,-36.82801816099993],[-71.50749579699993,-36.83105317899992],[-71.5122999109999,-36.830992874999936],[-71.5153429149999,-36.836594040999955],[-71.5206737499999,-36.83849376299992],[-71.53610657599995,-36.83928395099991],[-71.54851116299994,-36.84349159499993],[-71.55206972899992,-36.843201508999925],[-71.56193316399992,-36.84558847699992],[-71.56905995699992,-36.844493417999956],[-71.57812130199994,-36.83845432399994],[-71.5825923669999,-36.83824872699995],[-71.5908644349999,-36.834853842999905],[-71.59956627999992,-36.83376393499992],[-71.6136743369999,-36.829337696999914],[-71.62087292599995,-36.8204987549999],[-71.6209740239999,-36.81751311399995],[-71.62335949699991,-36.815175403999945],[-71.62863531199991,-36.81473473199992],[-71.63042687799992,-36.809925247999956],[-71.6347491269999,-36.80930092299991],[-71.63744384699993,-36.80687324999991],[-71.64374461199992,-36.804958505999934],[-71.6508965829999,-36.800603949999925],[-71.6667282869999,-36.799433904999944],[-71.6687680249999,-36.79715222199991],[-71.67536381699995,-36.79575690699994],[-71.68085186699994,-36.79726000099993],[-71.69272398099992,-36.79689979799991],[-71.69507950299993,-36.79828207999992],[-71.7064134929999,-36.79677333199993],[-71.72165371099993,-36.7986275959999],[-71.72777193099995,-36.7977273969999],[-71.7382046969999,-36.79308080599992],[-71.74295579699992,-36.79375146099994],[-71.75627395499993,-36.7920085369999],[-71.76818438499993,-36.78538604699992],[-71.77197949299995,-36.780479605999915],[-71.7805163189999,-36.77460548599993],[-71.78148923999993,-36.77262297499993],[-71.79474174499995,-36.76757107399993],[-71.79818517299992,-36.76321387199994],[-71.79706899799993,-36.75902903499991],[-71.7989669079999,-36.75405024899993],[-71.7986947949999,-36.75107881099996],[-71.80535241599995,-36.744933028999924],[-71.8102422199999,-36.74422854699992],[-71.81559494299995,-36.74078441899991],[-71.8227171449999,-36.740156243999934],[-71.83540710699992,-36.727274749999935],[-71.83642597199992,-36.72329426999994],[-71.8404579729999,-36.71819197099995],[-71.84758750599991,-36.71407001099993],[-71.85292309199991,-36.715407401999926],[-71.85547196699991,-36.71373292699991],[-71.86018520899995,-36.71305579099993],[-71.86486147199992,-36.70686230699994],[-71.87146458599995,-36.702669543999946],[-71.87628618399992,-36.701477180999916],[-71.87751025099993,-36.698677448999945],[-71.88126148399994,-36.696300117999954],[-71.90035366199993,-36.69027591899993],[-71.90373612499991,-36.690517918999944],[-71.90593317399993,-36.686679485999946],[-71.91356912599991,-36.68100479099991],[-71.91289012699991,-36.67783360799996],[-71.91377629699991,-36.67716245699995],[-71.9218505419999,-36.67476835899993],[-71.92592260099991,-36.6750674619999]]]}},{"type":"Feature","properties":{"cut":16107,"comuna":"QUILLÓN"},"geometry":{"type":"Polygon","coordinates":[[[-72.45187196499995,-36.6779149969999],[-72.45576375899992,-36.678305709999904],[-72.4624416819999,-36.68229142599995],[-72.47032268999993,-36.68246947199992],[-72.47180828299992,-36.68698762699995],[-72.4813255759999,-36.68826522499995],[-72.48544567099992,-36.68732756599991],[-72.49030812899991,-36.69042302299994],[-72.49774766099995,-36.68909648999994],[-72.50720678099992,-36.689543010999955],[-72.51170104399995,-36.69372235499992],[-72.5134884599999,-36.701451723999924],[-72.52036430699991,-36.70204866599994],[-72.53223710799995,-36.70923138299992],[-72.53845739899992,-36.709356837999906],[-72.54291385499994,-36.70669899799992],[-72.54779943599993,-36.70654979599993],[-72.55286419099991,-36.703884108999944],[-72.55483136099991,-36.70098458599995],[-72.55813286499995,-36.701042386999916],[-72.55912427399994,-36.698752750999915],[-72.56388495899995,-36.69673142499994],[-72.5677068999999,-36.69666653599995],[-72.57006203499992,-36.69851500899995],[-72.57765760099994,-36.69771926799996],[-72.57986221999994,-36.69874663799993],[-72.5790919339999,-36.700887424999905],[-72.58194811099992,-36.70263720999992],[-72.58239208799995,-36.70469312799992],[-72.58141867299992,-36.70743272099992],[-72.58222465099993,-36.710035046999906],[-72.58661208399991,-36.71281433099995],[-72.59071282199994,-36.713154768999914],[-72.59087437699992,-36.716819061999956],[-72.5874880529999,-36.720370472999946],[-72.58854756499994,-36.72525191099993],[-72.5862545679999,-36.72698477999995],[-72.58931751499995,-36.73036720099992],[-72.59363556999995,-36.73075874299991],[-72.59056786799994,-36.73418340799992],[-72.5899337749999,-36.73645975199992],[-72.59187163299993,-36.73844242899992],[-72.58997149699991,-36.739989684999955],[-72.59233869099995,-36.740562231999945],[-72.59394262399991,-36.739485861999924],[-72.5964737409999,-36.74050278999994],[-72.5976444179999,-36.74381715599992],[-72.59614708599992,-36.747172995999904],[-72.58736813399992,-36.74838388599994],[-72.58753088999993,-36.7516961309999],[-72.58870017899994,-36.75362749899995],[-72.59388008699995,-36.75397519199993],[-72.59717430799992,-36.75671216599994],[-72.60319275499995,-36.76874379299994],[-72.60271791899993,-36.770913107999945],[-72.5977440179999,-36.77591358899991],[-72.59619128599991,-36.779420312999946],[-72.59653478099995,-36.78413741399993],[-72.59433901099993,-36.785954499999946],[-72.59449351299992,-36.78886268899993],[-72.59150673599993,-36.79297647599992],[-72.59265485799995,-36.795239702999936],[-72.59066060599991,-36.80033082099993],[-72.59154004299995,-36.80475309499991],[-72.59340062099994,-36.806989605999945],[-72.59373039499991,-36.81413612599994],[-72.59051351599993,-36.81820245299991],[-72.57925638299992,-36.82228260399995],[-72.57759875699992,-36.82485951599995],[-72.5781353719999,-36.82983837199993],[-72.57635363799994,-36.83244763899995],[-72.57019363699993,-36.83400293199992],[-72.56781421499994,-36.836541466999904],[-72.56259791899993,-36.83592190599995],[-72.55695331699991,-36.8394423819999],[-72.55449563899992,-36.83929644199992],[-72.55265756999995,-36.84204848599995],[-72.54624852199993,-36.84393121399995],[-72.53857921199995,-36.849483480999936],[-72.54469395599995,-36.85125532399991],[-72.55327504299993,-36.848972602999936],[-72.55572255399994,-36.84680939899994],[-72.56351792799995,-36.85775010599991],[-72.57313031599995,-36.86580022399994],[-72.56946235999993,-36.872660857999904],[-72.56238297399995,-36.877027417999955],[-72.5604909509999,-36.882944935999944],[-72.56086099899994,-36.88916236199992],[-72.56565774599994,-36.89019920599992],[-72.5676885499999,-36.892826132999915],[-72.57801181999992,-36.89468463399993],[-72.59505985399994,-36.890937669999914],[-72.60144873799993,-36.89248627699993],[-72.61309333299994,-36.88893159599991],[-72.61644942999993,-36.88654038999994],[-72.63369390899993,-36.88602344099991],[-72.64293244099991,-36.88155048899995],[-72.65093252199995,-36.89041821399991],[-72.65397001499991,-36.89190999999994],[-72.65331931399993,-36.896085514999925],[-72.65132635599991,-36.89729153099995],[-72.65029204699994,-36.90117445199991],[-72.65345986499995,-36.90748503899994],[-72.65795004699993,-36.91031112499991],[-72.65410222199995,-36.916394392999905],[-72.65356001499993,-36.9199999999999],[-72.64841509699994,-36.918212926999956],[-72.62440924799995,-36.91897873799991],[-72.60046129299991,-36.923390842999936],[-72.58903703399994,-36.927913378999904],[-72.56529289499991,-36.92919067799994],[-72.56054840599995,-36.92789915299994],[-72.55493301899992,-36.931735491999916],[-72.55225014099994,-36.93028330599992],[-72.5522124119999,-36.93176954599994],[-72.54868822199995,-36.93137238299994],[-72.5421846019999,-36.927186915999926],[-72.53763296299991,-36.92855256799993],[-72.52703944199993,-36.92885956899994],[-72.51879672299992,-36.931747199999904],[-72.51636521899991,-36.93523812899991],[-72.51730481899995,-36.93759193299991],[-72.51656167199991,-36.939347236999936],[-72.51577689699991,-36.93693934699991],[-72.51021934599993,-36.93337734799991],[-72.51023759899994,-36.929622191999954],[-72.51269328099994,-36.928087998999956],[-72.51413585999995,-36.92466971099992],[-72.51165680899993,-36.922093386999904],[-72.51026193599995,-36.903089121999926],[-72.50369462799995,-36.89523828099993],[-72.4828257449999,-36.89691582699993],[-72.46939646499993,-36.91310800899993],[-72.45772034099991,-36.904752543999905],[-72.45141159099995,-36.908302886999934],[-72.45801432499991,-36.91441486899993],[-72.46117651299994,-36.91952295599992],[-72.46152836499994,-36.92745277899991],[-72.45410330599992,-36.92753487899995],[-72.45405289999991,-36.926041193999936],[-72.43072678499993,-36.92755764499992],[-72.4226853319999,-36.92595725399991],[-72.4190266949999,-36.93052657499993],[-72.4133525659999,-36.92992250899994],[-72.40767951099991,-36.92852805399991],[-72.4070132569999,-36.92369969999993],[-72.39879913499993,-36.91735860999995],[-72.3898555419999,-36.91633411899994],[-72.3855282909999,-36.91168743399993],[-72.3835246399999,-36.90627254899994],[-72.38142940299991,-36.905773419999946],[-72.37598314599995,-36.89837369599991],[-72.37623377999995,-36.89534429899993],[-72.3786233049999,-36.89380933099994],[-72.37673622599993,-36.88946508499993],[-72.37943437199993,-36.8874503639999],[-72.38064030599992,-36.88090809799991],[-72.37996360599993,-36.87611314499992],[-72.38136079899994,-36.86903514799991],[-72.38011497999992,-36.866444747999935],[-72.38198672699991,-36.86313573299992],[-72.3818480569999,-36.857646777999946],[-72.39215526699991,-36.84994364799991],[-72.3937778749999,-36.84061140999995],[-72.40636957699991,-36.82964802799995],[-72.4059489679999,-36.81975261499991],[-72.41512212099991,-36.81584376799992],[-72.41953313399995,-36.804827048999925],[-72.42955390199995,-36.80135263099993],[-72.42669371399995,-36.78112618499995],[-72.42926649099991,-36.76998069199993],[-72.4258095909999,-36.766214317999925],[-72.41527888299993,-36.76020829399994],[-72.4146805279999,-36.756503712999915],[-72.4166630119999,-36.751912896999954],[-72.42494406899993,-36.74331822799991],[-72.43469393299995,-36.739511540999956],[-72.43672787699995,-36.73660305699991],[-72.43792163099994,-36.727970788999926],[-72.4348098939999,-36.721445752999955],[-72.4395263319999,-36.71575997899993],[-72.44589318499993,-36.71239482599992],[-72.44916862199995,-36.70892083599995],[-72.44965485599994,-36.703887495999936],[-72.4518385529999,-36.700420305999955],[-72.45132886199991,-36.69819800599993],[-72.44241164399995,-36.69135762499991],[-72.44348594699994,-36.68692004399992],[-72.44982085599992,-36.682028586999934],[-72.45187196499995,-36.6779149969999]]]}},{"type":"Feature","properties":{"cut":16108,"comuna":"SAN IGNACIO"},"geometry":{"type":"Polygon","coordinates":[[[-72.12511559699993,-36.72849545699995],[-72.12806040399994,-36.72910860899992],[-72.1297145229999,-36.73257117299994],[-72.13250311199994,-36.73202618699992],[-72.1328288709999,-36.73366004199994],[-72.13454138999992,-36.734311376999926],[-72.13430817199992,-36.73675252699991],[-72.12945526099992,-36.74674626299992],[-72.1267902649999,-36.75781551599994],[-72.1242109289999,-36.75980474499994],[-72.12415620199994,-36.76574149999993],[-72.10795500699993,-36.79504592599994],[-72.10974668799992,-36.79472327399992],[-72.11087589899995,-36.79639313799993],[-72.11336639399991,-36.79385753299994],[-72.11905366499991,-36.792354609999904],[-72.12351606199991,-36.793966531999956],[-72.13358527299994,-36.79066912299993],[-72.13576298899994,-36.791496525999946],[-72.1462121909999,-36.78688930499993],[-72.14978930399991,-36.79457667699995],[-72.14798237899993,-36.79518929999995],[-72.14827434199992,-36.79831216999992],[-72.15287640999992,-36.805893727999944],[-72.15099233099994,-36.80843177999992],[-72.1582206619999,-36.80743710299993],[-72.16115239099992,-36.80834168899992],[-72.16487977799994,-36.806156889999954],[-72.17347678199991,-36.82494842299991],[-72.17504591699992,-36.824614967999935],[-72.17547415699994,-36.82564709999991],[-72.17394445899993,-36.825980770999934],[-72.18023932799991,-36.83987339899994],[-72.17290414799993,-36.841096884999956],[-72.17569678799993,-36.84628657899992],[-72.1817216039999,-36.84314402199993],[-72.19041292399993,-36.862315752999905],[-72.18674870299992,-36.862981464999905],[-72.18559641399992,-36.86480726099995],[-72.18672239999995,-36.86674031799993],[-72.19177026299991,-36.86518737299991],[-72.2027262339999,-36.889460785999916],[-72.19328095399993,-36.88352098899992],[-72.16843301699993,-36.89290177599992],[-72.1636449529999,-36.89226944399991],[-72.16086090099992,-36.89534224699992],[-72.14853948899992,-36.90094227599991],[-72.13956814699992,-36.90039490899994],[-72.13136969199991,-36.90194806199992],[-72.12766268299993,-36.900003847999926],[-72.11801647399994,-36.89841685099992],[-72.11262488699992,-36.89876877799992],[-72.10690637099992,-36.903351577999956],[-72.09512734399993,-36.903278565999926],[-72.09291846799994,-36.900987131999955],[-72.09243104199993,-36.897321104999946],[-72.08228591699992,-36.89330871499993],[-72.07082318899995,-36.89493007199991],[-72.06176575799992,-36.890297302999954],[-72.05846234599994,-36.89403366999994],[-72.04709266999993,-36.89428748899991],[-72.04693687699995,-36.892675392999934],[-72.04178864399995,-36.887022388999924],[-72.03701004499993,-36.88626869299992],[-72.03643449999993,-36.88319105599993],[-72.03113077199993,-36.88018126999992],[-72.03148266599993,-36.876722006999955],[-72.02483529699992,-36.87326262199991],[-72.0224900369999,-36.86773371699991],[-72.01017031299995,-36.864220821999936],[-72.00620763899991,-36.86618618399996],[-71.98490914199994,-36.868179624999925],[-71.97795160499993,-36.86497874199995],[-71.97428068199991,-36.86069343699995],[-71.95918838599994,-36.861291355999924],[-71.95382030499991,-36.86009660499991],[-71.9462315159999,-36.85551321699995],[-71.93797908499994,-36.85493194399993],[-71.93550222599993,-36.85298728299995],[-71.92924873399994,-36.85482944699993],[-71.92240832699991,-36.85375501499993],[-71.91058134299993,-36.85610312099993],[-71.89991623299994,-36.85618166799992],[-71.89477726899992,-36.85805107999994],[-71.8776100799999,-36.85476137499995],[-71.86177199199994,-36.850053836999905],[-71.8492439069999,-36.85119719799991],[-71.84287227199991,-36.84843429499995],[-71.83545247899991,-36.84995773299994],[-71.82732745399994,-36.84596720999991],[-71.81128831799992,-36.84327586799992],[-71.8029629689999,-36.84047067699993],[-71.80119604899994,-36.84030017899994],[-71.8007318839999,-36.841529187999924],[-71.79204310999995,-36.83865199099995],[-71.7906297689999,-36.84099848899996],[-71.78767031899991,-36.84082013999995],[-71.77929708899995,-36.834447293999915],[-71.77429352099995,-36.83452047199995],[-71.77588759999992,-36.83126947699992],[-71.7553114079999,-36.820303235999916],[-71.75576479699993,-36.817354820999924],[-71.7611723309999,-36.820859251999934],[-71.76739365599991,-36.82086907999991],[-71.77300120599995,-36.822884038999916],[-71.78319860999994,-36.82278813599993],[-71.79382651299994,-36.820308334999936],[-71.79837320899992,-36.81832930899992],[-71.80151247899994,-36.81529848799994],[-71.80477738499991,-36.81507922199995],[-71.81033512499994,-36.81710074599994],[-71.8120276439999,-36.81522827799995],[-71.8148257759999,-36.817789674999915],[-71.81309986899993,-36.820305978999954],[-71.81300170899993,-36.8235608249999],[-71.8142263769999,-36.823274230999914],[-71.81722468599992,-36.82643351799993],[-71.81973954699993,-36.82311080499994],[-71.82285265999991,-36.832229071999905],[-71.83088249799994,-36.831123593999905],[-71.8396645919999,-36.82708460999993],[-71.84060932599994,-36.82511632199993],[-71.84344479299995,-36.824318896999955],[-71.8452767899999,-36.82141386599994],[-71.85206772299995,-36.81722608699994],[-71.85386786099991,-36.81805038199991],[-71.85667149499994,-36.81638513699994],[-71.85630269099994,-36.81119245599996],[-71.8591395059999,-36.80949336499992],[-71.8661582709999,-36.80878065599995],[-71.87011183699991,-36.80555225899991],[-71.87923382999992,-36.80258487799995],[-71.88382745299992,-36.79878581399993],[-71.89379262499995,-36.79674714799995],[-71.90353638199991,-36.79159158199991],[-71.90717480199993,-36.792631582999945],[-71.91463102099993,-36.78832716399995],[-71.9168587179999,-36.78831879299992],[-71.91909612499995,-36.78558018299992],[-71.92362658299993,-36.785444182999925],[-71.92890001699993,-36.78349000299994],[-71.93353766299992,-36.7846126469999],[-71.93480516299991,-36.78124789299994],[-71.93901137699993,-36.78151557099994],[-71.9421217389999,-36.77916887899994],[-71.94287679399991,-36.78023134399996],[-71.94490194299993,-36.779721363999954],[-71.94543147299993,-36.77722483699995],[-71.9519738809999,-36.777719934999936],[-71.95744922599994,-36.77574381099993],[-71.9575215399999,-36.7742487079999],[-71.96131584599993,-36.772824993999905],[-71.9617025629999,-36.77150217399992],[-71.96378429499993,-36.77162817699991],[-71.9635195319999,-36.768059137999956],[-71.96546767299992,-36.76561350399993],[-71.96692472099994,-36.76596919299993],[-71.9682018609999,-36.76413133299991],[-71.9735605759999,-36.76193946899991],[-71.97361204399994,-36.75801026799991],[-71.97604431399992,-36.7528710709999],[-71.97831567399993,-36.75265935899995],[-71.98584349299995,-36.74645019199994],[-71.99490227599995,-36.74637867899992],[-72.0001682589999,-36.75062632699991],[-72.00985913099993,-36.746843318999936],[-72.01406947899994,-36.74713987399991],[-72.02367824799995,-36.74420974599991],[-72.03143730099993,-36.74390302899991],[-72.04112938899993,-36.74651773499994],[-72.04933331299992,-36.74572281999991],[-72.0520941289999,-36.74712649399993],[-72.05284943099991,-36.74999474599991],[-72.0549890339999,-36.75061547699994],[-72.0604682259999,-36.74670569299991],[-72.06828150899992,-36.74497926099991],[-72.07377379999991,-36.74156197299993],[-72.08102647999993,-36.74053617399994],[-72.08269070199992,-36.73844307499991],[-72.09482204199992,-36.73647500299995],[-72.10004535799993,-36.73425396299996],[-72.10671889699995,-36.735343078999904],[-72.11181226999992,-36.73368198599991],[-72.11439518399993,-36.729178730999934],[-72.12029286799992,-36.73108876799995],[-72.12511559699993,-36.72849545699995]]]}},{"type":"Feature","properties":{"cut":16204,"comuna":"NINHUE"},"geometry":{"type":"Polygon","coordinates":[[[-72.40930857399991,-36.22553655099995],[-72.4123345719999,-36.22302468099991],[-72.41224886599991,-36.22734423999992],[-72.41857797999995,-36.229721302999906],[-72.43418446099992,-36.22660447699991],[-72.43596377599994,-36.228228016999935],[-72.43454984899995,-36.22960369499992],[-72.43542594399992,-36.23070853699994],[-72.4409467609999,-36.22880168499995],[-72.43461000399992,-36.247869960999935],[-72.44373919499992,-36.244974191999916],[-72.44474131099992,-36.2381189969999],[-72.44877374499993,-36.23864672499991],[-72.4561586669999,-36.23665906899993],[-72.45618963899994,-36.24050812299993],[-72.45485842199992,-36.2407321469999],[-72.45573508699994,-36.24251727899991],[-72.44990207899991,-36.244664186999955],[-72.45609149499995,-36.25658738899995],[-72.45118155999995,-36.255912176999914],[-72.45854568999994,-36.272426906999954],[-72.46501267799994,-36.271872576999954],[-72.46200891699993,-36.27758425299993],[-72.45864639699994,-36.27993530999993],[-72.46226694599994,-36.28152672999994],[-72.46779852199995,-36.28005453399993],[-72.46965212799995,-36.28282363599993],[-72.47821017799993,-36.28271314299991],[-72.48017344199991,-36.284582033999925],[-72.47984341599994,-36.287514478999924],[-72.47673009699992,-36.289842094999926],[-72.48320006699993,-36.295496456999956],[-72.47051323199992,-36.31747829199992],[-72.47037955199994,-36.32118641999995],[-72.46671818699991,-36.325164137999934],[-72.46710000999991,-36.332830000999934],[-72.45788073499995,-36.33418390499992],[-72.45755233999995,-36.34049253199993],[-72.45316985399995,-36.34259299999991],[-72.45659388799993,-36.347219852999956],[-72.45702005599992,-36.354470024999955],[-72.48439646299994,-36.34673674499993],[-72.49868665899993,-36.35375975799991],[-72.50031869199995,-36.35765811899995],[-72.50522528699992,-36.35779396899994],[-72.50885577499992,-36.35993066499992],[-72.5114626969999,-36.357597178999924],[-72.51409863299995,-36.35757605099991],[-72.51521023899994,-36.35804133599993],[-72.51527495899995,-36.36017303999995],[-72.51658365299994,-36.359650926999905],[-72.51940118999994,-36.361431196999945],[-72.5226391349999,-36.360667710999905],[-72.52435575599992,-36.36504442599994],[-72.53072515899993,-36.367152594999936],[-72.52970699799994,-36.37053475399995],[-72.5348610179999,-36.36891286899993],[-72.53657507899993,-36.3705091729999],[-72.53951323699994,-36.370328583999935],[-72.54099157599995,-36.372837767999954],[-72.53945763099995,-36.374722153999926],[-72.5397986669999,-36.37967323499993],[-72.5412803289999,-36.38103021099994],[-72.53916601999993,-36.38187094999995],[-72.53947368399992,-36.38551498499993],[-72.54249698199993,-36.38948962399991],[-72.54142221899991,-36.391517463999946],[-72.54352979099991,-36.39353043299991],[-72.54214972099993,-36.397883330999946],[-72.53869408899993,-36.4005119169999],[-72.54151648499993,-36.40193672799995],[-72.54158489699995,-36.40423597599994],[-72.54718665199994,-36.40477997799991],[-72.54563288799994,-36.40938391199995],[-72.54991523299992,-36.41236597299991],[-72.55123730399993,-36.41564904599994],[-72.53830751299995,-36.42090290099992],[-72.53717300999995,-36.430566738999914],[-72.5319685899999,-36.43260294799995],[-72.52940689999991,-36.435528889999944],[-72.52390137799995,-36.43628021299992],[-72.51363969399995,-36.43491548299994],[-72.51137027699991,-36.43595333299993],[-72.50203579599992,-36.43532962499995],[-72.49329935899993,-36.436752208999906],[-72.49011144699995,-36.43913704999994],[-72.48889241699993,-36.442585409999936],[-72.49306145199995,-36.451783029999945],[-72.49302074399992,-36.45636063599994],[-72.48888199899994,-36.457632119999914],[-72.48616928699994,-36.46075060299995],[-72.48228192399995,-36.46224576599991],[-72.47146480399994,-36.470308410999905],[-72.45508968099995,-36.47024627199994],[-72.4518152519999,-36.46849079899994],[-72.44634238999993,-36.46810270199995],[-72.43767823699994,-36.473196411999936],[-72.4324948869999,-36.4709882649999],[-72.42703795099993,-36.47044706799994],[-72.4217982959999,-36.476336181999955],[-72.41971844099993,-36.476732898999956],[-72.41515269099995,-36.47490124899991],[-72.40975719499994,-36.48052351699994],[-72.40390956699991,-36.48068560999991],[-72.40087608699992,-36.48262196399992],[-72.39500501899994,-36.482195479999916],[-72.39284014099991,-36.48414185099995],[-72.38424102499994,-36.48129916899995],[-72.3817972519999,-36.47824050199995],[-72.37687385699991,-36.477897868999946],[-72.37367442199991,-36.47581851399991],[-72.36724617199991,-36.47755460399992],[-72.36330565399993,-36.47717506299995],[-72.3634438169999,-36.474961649999955],[-72.36845975999995,-36.470072984999945],[-72.36859627799993,-36.46655513299993],[-72.3705133759999,-36.46441068199994],[-72.36875482099992,-36.461576393999906],[-72.3691927019999,-36.456096687999946],[-72.36190951799995,-36.45301827599991],[-72.3643451769999,-36.44843312699993],[-72.36255993999993,-36.446501360999946],[-72.35810261599994,-36.447600854999905],[-72.3517553609999,-36.44379141299993],[-72.34874093499991,-36.445846934999906],[-72.34978913899994,-36.444812579999905],[-72.34746928399994,-36.436626718999946],[-72.33979433199994,-36.42349804299994],[-72.3393450399999,-36.410079078999956],[-72.33640585699993,-36.40386923999995],[-72.33072506099995,-36.40075490599992],[-72.31679483899995,-36.39849229999993],[-72.3065424859999,-36.39096332899993],[-72.3022228399999,-36.390279061999934],[-72.30017947899995,-36.38698945699991],[-72.29733364399993,-36.379697122999914],[-72.29781548499994,-36.37424208899995],[-72.30172077499992,-36.371136892999914],[-72.30318711799993,-36.37132724999992],[-72.3097354169999,-36.36379097899993],[-72.3181334439999,-36.358240431999945],[-72.32265703999991,-36.35355851999992],[-72.32390642299993,-36.35031884999995],[-72.3324331039999,-36.34500245899994],[-72.33422409099995,-36.33564254699991],[-72.31606701299995,-36.30132246399995],[-72.31755298599995,-36.29855812499994],[-72.31955951499992,-36.280224767999925],[-72.3003287809999,-36.289846266999916],[-72.2916093469999,-36.280468507999956],[-72.2858314209999,-36.27039624899993],[-72.27763960599992,-36.2604280459999],[-72.28431417299993,-36.25561850899993],[-72.2943024089999,-36.25421375499991],[-72.29578765299993,-36.25323345699991],[-72.29825461999991,-36.247232821999944],[-72.3044467979999,-36.240951166999935],[-72.3078189169999,-36.23948149699993],[-72.3133481509999,-36.233148367999945],[-72.31976035399992,-36.233648280999944],[-72.32114304899994,-36.23249411199993],[-72.33397037599991,-36.2332269499999],[-72.34563551499991,-36.23693833599992],[-72.35128716999992,-36.24521562599995],[-72.37251059599993,-36.25717514799993],[-72.37639571999995,-36.25378608999995],[-72.3801536009999,-36.25417493899994],[-72.38022148499994,-36.25114365099995],[-72.38937373099992,-36.24844627899995],[-72.38932883199993,-36.24649404199994],[-72.38628847399991,-36.245012610999936],[-72.3875363219999,-36.242435204999936],[-72.3897393609999,-36.24201466299991],[-72.3900913459999,-36.23862454299996],[-72.39235579399991,-36.23593407599992],[-72.39132585199991,-36.2338476889999],[-72.39504798699994,-36.23204066599993],[-72.39951885099993,-36.23186760199991],[-72.40119554099994,-36.22843413699991],[-72.40378280599992,-36.22886887699991],[-72.40620682799994,-36.22580756299993],[-72.40930857399991,-36.22553655099995]]]}},{"type":"Feature","properties":{"cut":16205,"comuna":"PORTEZUELO"},"geometry":{"type":"Polygon","coordinates":[[[-72.50175002299994,-36.43535198299992],[-72.50836900399992,-36.43613686499992],[-72.5088665959999,-36.43789993899992],[-72.50664230599995,-36.441466186999946],[-72.50652048299992,-36.445732121999924],[-72.50424539699992,-36.44856994399993],[-72.5049013869999,-36.45388945099995],[-72.50834183699993,-36.46214061599994],[-72.50683883799991,-36.46783863699994],[-72.5088675749999,-36.47338315499991],[-72.51347704799991,-36.47471500699993],[-72.51369469399992,-36.47609559599994],[-72.51683530999992,-36.478056575999915],[-72.5254969099999,-36.47848967099992],[-72.5271691399999,-36.48642163899996],[-72.5297202559999,-36.4905574199999],[-72.5323847219999,-36.49174436299995],[-72.53183895199993,-36.49294419799992],[-72.53843005899995,-36.497141531999944],[-72.54387406799992,-36.498759168999925],[-72.54145891499991,-36.50784930399993],[-72.54846547599993,-36.5123339939999],[-72.55042615199994,-36.51757832599992],[-72.5500635219999,-36.5242170219999],[-72.55307830799995,-36.52779446199992],[-72.56309972299994,-36.52911156399995],[-72.5668842039999,-36.533594053999934],[-72.56721733299992,-36.535829908999915],[-72.56950738499995,-36.537247789999924],[-72.57744318599993,-36.53374951199993],[-72.57967161599993,-36.535726336999915],[-72.60527844299992,-36.530543681999916],[-72.60638353399992,-36.529144499999916],[-72.61112564099994,-36.52921134799993],[-72.61258427999991,-36.52790018699994],[-72.61231114999993,-36.526012270999956],[-72.61558450699994,-36.525456350999946],[-72.62028327399992,-36.52232945499992],[-72.62944749399992,-36.52389125199994],[-72.60808398799992,-36.54348730299995],[-72.59167455799991,-36.566870897999934],[-72.5833635699999,-36.57005875099992],[-72.56812891599992,-36.57054364299995],[-72.56151945199991,-36.577032441999904],[-72.5548613389999,-36.59023203299995],[-72.55000427099992,-36.59490140999992],[-72.53677422299995,-36.59763136099991],[-72.50017260399994,-36.61347238999991],[-72.49185466299991,-36.62336559399995],[-72.4839258259999,-36.62796740299996],[-72.4704168099999,-36.63898562599991],[-72.4683620859999,-36.64202365999995],[-72.4328946949999,-36.63822851899994],[-72.41138642199991,-36.62882246999993],[-72.40371730299995,-36.62297851499994],[-72.40360284999991,-36.62085919799995],[-72.39568522299993,-36.616923828999916],[-72.39478789799995,-36.61546157299995],[-72.39570219599995,-36.60894801099994],[-72.39022838599993,-36.60389972999991],[-72.39018255199994,-36.598526087999915],[-72.38782077699994,-36.591099226999916],[-72.38865570999991,-36.58943146999991],[-72.38702348399994,-36.57689484999992],[-72.38265480699994,-36.576691643999936],[-72.37818849999991,-36.578501040999924],[-72.36070509399991,-36.56356332799993],[-72.36288619999993,-36.553276601999926],[-72.36528632199992,-36.55145025899992],[-72.3635447069999,-36.548953672999914],[-72.36110182699991,-36.53935538099995],[-72.36109416599993,-36.53306826699992],[-72.35764792099991,-36.52692299599994],[-72.35975488399993,-36.52205789699991],[-72.35939043299993,-36.52017797599996],[-72.36183887099992,-36.51810996699993],[-72.3625314809999,-36.51119825199993],[-72.36026971099994,-36.50854017499995],[-72.36080509699991,-36.506367147999924],[-72.35326314199995,-36.50015517999992],[-72.35336041199992,-36.49816626099994],[-72.35726155299994,-36.49678631499995],[-72.35900895999993,-36.49432336399991],[-72.3594413909999,-36.48515065999993],[-72.36758623899993,-36.48319038199992],[-72.37201284199995,-36.47588547999993],[-72.37687385699991,-36.477897868999946],[-72.3817972519999,-36.47824050199995],[-72.38424102499994,-36.48129916899995],[-72.39284014099991,-36.48414185099995],[-72.39500501899994,-36.482195479999916],[-72.40087608699992,-36.48262196399992],[-72.40390956699991,-36.48068560999991],[-72.40975719499994,-36.48052351699994],[-72.41515269099995,-36.47490124899991],[-72.41971844099993,-36.476732898999956],[-72.4217982959999,-36.476336181999955],[-72.42703795099993,-36.47044706799994],[-72.4324948869999,-36.4709882649999],[-72.43767823699994,-36.473196411999936],[-72.44634238999993,-36.46810270199995],[-72.4518152519999,-36.46849079899994],[-72.45508968099995,-36.47024627199994],[-72.47146480399994,-36.470308410999905],[-72.48228192399995,-36.46224576599991],[-72.48616928699994,-36.46075060299995],[-72.48888199899994,-36.457632119999914],[-72.49302074399992,-36.45636063599994],[-72.4931173999999,-36.452003626999954],[-72.48906484799994,-36.443782564999935],[-72.4893246339999,-36.440633713999944],[-72.49384311699993,-36.43645007199996],[-72.50175002299994,-36.43535198299992]]]}},{"type":"Feature","properties":{"cut":16206,"comuna":"RÁNQUIL"},"geometry":{"type":"Polygon","coordinates":[[[-72.58069088499991,-36.570348278999916],[-72.59167455799991,-36.566870897999934],[-72.60687836699992,-36.54494349299995],[-72.63031764099992,-36.56176858899994],[-72.64376044799991,-36.56893864999995],[-72.64326501599993,-36.57505120299993],[-72.64693103999991,-36.577828509999904],[-72.65088931299994,-36.585287088999905],[-72.64918561899992,-36.593850293999935],[-72.65067516199991,-36.596273536999945],[-72.65470025799993,-36.5970221149999],[-72.6565526679999,-36.59967283499992],[-72.65950249399992,-36.60076664999991],[-72.66572442899991,-36.600498735999906],[-72.6705162479999,-36.606258161999904],[-72.67710163599992,-36.606275214999926],[-72.68310531299994,-36.610373240999934],[-72.69498596199992,-36.613971283999945],[-72.70591042399991,-36.61432243399992],[-72.71772241699995,-36.611881318999906],[-72.72265545599993,-36.61490394899994],[-72.73353173499993,-36.617322491999914],[-72.73221327499994,-36.62296732699991],[-72.73387889799994,-36.62780524699991],[-72.7337837199999,-36.63432211499992],[-72.73530181599995,-36.636997580999946],[-72.73482116499991,-36.64077568899995],[-72.72007444699994,-36.65498369199992],[-72.71538743199994,-36.65581961299995],[-72.69724713599993,-36.652377722999915],[-72.6877142909999,-36.65445833799993],[-72.67769867399994,-36.663032710999914],[-72.67161385599991,-36.665070957999944],[-72.66670740799992,-36.66909129499993],[-72.6643989019999,-36.66940959899995],[-72.65727284199994,-36.66612350199995],[-72.65435919499993,-36.66654715199991],[-72.65236098699995,-36.67027196399994],[-72.65225748099994,-36.67389719199991],[-72.6489153949999,-36.67818113599992],[-72.64582490499993,-36.67927429799994],[-72.64688376499993,-36.680101159999936],[-72.64627343399991,-36.68147886799994],[-72.64192229199995,-36.68170194299995],[-72.63740202999992,-36.68611798399991],[-72.63163469199992,-36.68564427299992],[-72.62157603999992,-36.69085219999994],[-72.6186797599999,-36.689360277999924],[-72.6175580339999,-36.69128051999991],[-72.61880307199993,-36.69507311099994],[-72.62136565199995,-36.695994741999925],[-72.62146595199994,-36.69830506399995],[-72.61700911199995,-36.70086648699993],[-72.61872329599993,-36.70225633599995],[-72.61807766899994,-36.703984170999945],[-72.61240622399993,-36.704564890999904],[-72.61210846199992,-36.70787064499996],[-72.60699803699993,-36.714720738999915],[-72.60682140699993,-36.71838776399994],[-72.60340943699993,-36.720016244999954],[-72.60288202399994,-36.722195325999905],[-72.60034331299994,-36.723853866999946],[-72.59954029599993,-36.73111473299991],[-72.59535234399993,-36.7337754909999],[-72.59346896999995,-36.73050974499995],[-72.58931751499995,-36.73036720099992],[-72.5862545679999,-36.72698477999995],[-72.58854756499994,-36.72525191099993],[-72.5874880529999,-36.720370472999946],[-72.59087437699992,-36.716819061999956],[-72.59071282199994,-36.713154768999914],[-72.58661208399991,-36.71281433099995],[-72.58222465099993,-36.710035046999906],[-72.58194811099992,-36.70263720999992],[-72.57921875499994,-36.701092693999954],[-72.57906876899995,-36.698110579999934],[-72.57006203499992,-36.69851500899995],[-72.5677068999999,-36.69666653599995],[-72.56388495899995,-36.69673142499994],[-72.55912427399994,-36.698752750999915],[-72.55813286499995,-36.701042386999916],[-72.55483136099991,-36.70098458599995],[-72.55286419099991,-36.703884108999944],[-72.54779943599993,-36.70654979599993],[-72.54291385499994,-36.70669899799992],[-72.53845739899992,-36.709356837999906],[-72.53223710799995,-36.70923138299992],[-72.52036430699991,-36.70204866599994],[-72.5134884599999,-36.701451723999924],[-72.51170104399995,-36.69372235499992],[-72.50720678099992,-36.689543010999955],[-72.49774766099995,-36.68909648999994],[-72.49030812899991,-36.69042302299994],[-72.48544567099992,-36.68732756599991],[-72.4813255759999,-36.68826522499995],[-72.47180828299992,-36.68698762699995],[-72.47032268999993,-36.68246947199992],[-72.4624416819999,-36.68229142599995],[-72.45576375899992,-36.678305709999904],[-72.4512154329999,-36.67769002499995],[-72.4505755969999,-36.67346797199991],[-72.4528324549999,-36.667322809999916],[-72.44869315699992,-36.66045425599992],[-72.4487938979999,-36.65861660699994],[-72.4554082869999,-36.65143226999993],[-72.46665790599991,-36.64620770499994],[-72.4704168099999,-36.63898562599991],[-72.4839258259999,-36.62796740299996],[-72.49185466299991,-36.62336559399995],[-72.49793454599995,-36.614926778999916],[-72.53477868699991,-36.598384934999956],[-72.55000427099992,-36.59490140999992],[-72.5548613389999,-36.59023203299995],[-72.56151945199991,-36.577032441999904],[-72.5673455189999,-36.57114434399995],[-72.57121487899991,-36.569900041999915],[-72.58069088499991,-36.570348278999916]]]}},{"type":"Feature","properties":{"cut":16301,"comuna":"SAN CARLOS"},"geometry":{"type":"Polygon","coordinates":[[[-72.22353598899991,-36.215280082999925],[-72.22047138999994,-36.207925658999955],[-72.2382313569999,-36.2073660179999],[-72.24700062499994,-36.21780946699994],[-72.25469815299994,-36.233961019999924],[-72.26499618399993,-36.247909302999915],[-72.27160061199993,-36.256545667999944],[-72.28444835899995,-36.26845698899996],[-72.2916093469999,-36.280468507999956],[-72.3003287809999,-36.289846266999916],[-72.31955951499992,-36.280224767999925],[-72.31755298599995,-36.29855812499994],[-72.31606701299995,-36.30132246399995],[-72.33422409099995,-36.33564254699991],[-72.3329649179999,-36.344415005999906],[-72.32390642299993,-36.35031884999995],[-72.32265703999991,-36.35355851999992],[-72.31682744999995,-36.35866732899996],[-72.30690052999995,-36.35975051799994],[-72.30437850499993,-36.35626888699994],[-72.29137900799992,-36.357159829999944],[-72.28878646999993,-36.356713405999926],[-72.28636053299994,-36.35442327699991],[-72.27690251899992,-36.35274794999992],[-72.27082073199995,-36.34999551499993],[-72.2580435189999,-36.35212763299995],[-72.25213246699991,-36.349161358999936],[-72.23956765199995,-36.35251250899995],[-72.23603426199992,-36.356948290999924],[-72.23583775499992,-36.36208731599993],[-72.23043014299992,-36.36508929599995],[-72.22629087799993,-36.362686063999945],[-72.21788186299995,-36.362053311999944],[-72.2101379739999,-36.365887537999924],[-72.18020959199993,-36.367221127999926],[-72.16097121299993,-36.37479491599993],[-72.1553877899999,-36.37959609099994],[-72.1475985429999,-36.39256325799994],[-72.09503408699993,-36.40148780099992],[-72.05157905199991,-36.41905373499992],[-72.0567337139999,-36.42386398199994],[-72.05652142899993,-36.427139094999916],[-72.06202241199992,-36.42695789499993],[-72.06341770699993,-36.43162785399994],[-72.07686528599993,-36.432505857999956],[-72.0827064209999,-36.43896616999996],[-72.08675061499991,-36.45232576199993],[-72.08161410499991,-36.45375050699994],[-72.08341406799991,-36.456896738999944],[-72.08242758699993,-36.45755300499991],[-72.07710356899992,-36.45592456599991],[-72.07415561399995,-36.45674247799991],[-72.07086781499993,-36.45455439199992],[-72.06308402399992,-36.45501824999991],[-72.05737390699994,-36.452672057999905],[-72.05383138699995,-36.45418586899996],[-72.04891126599995,-36.45356872199994],[-72.0512536629999,-36.46584504999993],[-72.06392728799995,-36.46751236099993],[-72.0646924639999,-36.470057321999946],[-72.07333418899992,-36.468073105999906],[-72.07539557599995,-36.481962462999945],[-72.05764202899991,-36.484961264999924],[-72.06067671999995,-36.48974395699992],[-72.05663559299995,-36.49090614399995],[-72.0580354679999,-36.493520410999906],[-72.06201157999993,-36.492482827999936],[-72.06357985199992,-36.49901353599995],[-72.06874505999991,-36.49982932499995],[-72.07086094899995,-36.51082333699992],[-72.07216374899991,-36.511048401999915],[-72.07810710599995,-36.52149982699996],[-72.06906805299991,-36.52700415399994],[-72.07877643199993,-36.53400849299993],[-72.0853352499999,-36.542929510999954],[-72.09134765399995,-36.54675690499994],[-72.09326969799992,-36.551063436999925],[-72.08435234899991,-36.551676037999925],[-72.08080842299995,-36.54256942299992],[-72.06696205399993,-36.534212047999915],[-72.06091087699991,-36.53346463999992],[-72.05406404099995,-36.5302442009999],[-72.04543831199993,-36.52193701199991],[-72.03945634699994,-36.52189418099994],[-72.03716248399991,-36.52438059399992],[-72.03302295299994,-36.526012686999934],[-72.01813622899994,-36.52372654599992],[-72.00352986899992,-36.51612074299993],[-72.00038003799995,-36.511314935999906],[-71.9957729859999,-36.50949608299993],[-71.98251126299994,-36.50880585899995],[-71.97260677899993,-36.51455767199991],[-71.96923944199995,-36.515146975999926],[-71.96200252099993,-36.52128535999992],[-71.94318797299991,-36.524107612999956],[-71.91324078799994,-36.52131099199994],[-71.90693555199994,-36.51940702199994],[-71.89228099499991,-36.52051758099992],[-71.88206829399991,-36.518403778999925],[-71.8618190709999,-36.517481527999905],[-71.84548781699993,-36.51111859899993],[-71.83443325899992,-36.51029268099995],[-71.82889375999991,-36.50694867799996],[-71.82001868999993,-36.506641155999944],[-71.81776817799994,-36.50572862599995],[-71.81248316799991,-36.49941991999992],[-71.79950636399991,-36.49700660599996],[-71.78932969599992,-36.49047889199994],[-71.78384961099994,-36.483818956999926],[-71.76765388699994,-36.47945062999992],[-71.76390425599993,-36.47992265699992],[-71.75241896599994,-36.48529050199994],[-71.7257863179999,-36.48518106899991],[-71.71776062099991,-36.48310515499992],[-71.69937464399993,-36.482789658999934],[-71.69683965199994,-36.49081701099993],[-71.68795679899995,-36.49529274099996],[-71.6841036479999,-36.512883409999915],[-71.68523106899994,-36.518594127999904],[-71.68463926099992,-36.52046379299992],[-71.68103191299991,-36.52286749399991],[-71.66591017299993,-36.49238033699993],[-71.6729487579999,-36.48727349199993],[-71.67164958299992,-36.48555872599991],[-71.67457464799992,-36.483512435999955],[-71.67212197599991,-36.47782503399992],[-71.6729695969999,-36.477474747999906],[-71.67143202199992,-36.47110332299991],[-71.67676350799991,-36.469176803999915],[-71.67566691999991,-36.464316727999915],[-71.68373487499991,-36.461693115999935],[-71.67524572099995,-36.44561654699993],[-71.68073084899993,-36.445237677999955],[-71.69122965499992,-36.44030632699992],[-71.70857630199993,-36.428029874999936],[-71.72062449399994,-36.42223168699991],[-71.72409872499992,-36.418780573999925],[-71.72891519299992,-36.417139462999955],[-71.75427625999993,-36.419918416999906],[-71.75545390999991,-36.421410909999906],[-71.7753985459999,-36.41289405799995],[-71.78164211399991,-36.410139132999916],[-71.79326074699992,-36.39473696099992],[-71.80484805399993,-36.40748924899992],[-71.81095967899995,-36.40567902099991],[-71.82060246599991,-36.416569813999956],[-71.83227232599995,-36.414244079999946],[-71.83965867099994,-36.41194005999995],[-71.84263375599994,-36.40962416599996],[-71.84779355499995,-36.40882642699995],[-71.85681374799992,-36.40311718499993],[-71.86152498799993,-36.39808342199996],[-71.86534842499992,-36.39609186699994],[-71.86729180999993,-36.39309033099994],[-71.8705555169999,-36.39246545699996],[-71.8763737459999,-36.38778903399992],[-71.88079888199991,-36.37886543299993],[-71.8809799039999,-36.37608013799991],[-71.8868065659999,-36.37058377199992],[-71.8894644099999,-36.369657488999906],[-71.89601626699994,-36.360367598999915],[-71.89576208999995,-36.35693995799994],[-71.89779324499995,-36.35290067699992],[-71.90342801999992,-36.34821806899993],[-71.9040786779999,-36.34516223499992],[-71.90711186499993,-36.34308985899992],[-71.90784641099992,-36.34027794799994],[-71.9113241629999,-36.33856732699991],[-71.91285486099991,-36.335058998999955],[-71.91716193099995,-36.33363924099996],[-71.92227302299995,-36.32732369699994],[-71.9229792189999,-36.324549085999934],[-71.9268487299999,-36.32178361199993],[-71.9287515449999,-36.31738558599994],[-71.9353422069999,-36.313751801999956],[-71.93636193999993,-36.31073564399992],[-71.9421778119999,-36.30782260099994],[-71.95049969899992,-36.29742379499993],[-71.95267682999992,-36.29679645099992],[-71.95621460599995,-36.29858213499995],[-71.9619498109999,-36.298566241999936],[-71.9655717629999,-36.30064415499993],[-71.97489686799992,-36.298829559999945],[-71.98066011799995,-36.2999710279999],[-71.98960517099994,-36.29817380599991],[-71.99296527399991,-36.29538035699994],[-72.00424647999995,-36.29022359699991],[-72.01769536799992,-36.29275164199993],[-72.02182889799991,-36.29067552999993],[-72.02634850399994,-36.29191808499991],[-72.02823949299994,-36.28923324899995],[-72.03131681999992,-36.28914608899993],[-72.03457744799994,-36.287289968999914],[-72.04417108899992,-36.2866847059999],[-72.05373673999992,-36.29153058499992],[-72.05858095299993,-36.29233152899991],[-72.07201305299992,-36.29007441099992],[-72.07601829099991,-36.287277797999934],[-72.08722933599995,-36.286663794999924],[-72.09212651899992,-36.284174709999945],[-72.09685169999995,-36.2850518109999],[-72.11166964799992,-36.28330019099991],[-72.1119666379999,-36.281405873999915],[-72.11539280799991,-36.27896698299992],[-72.1158636159999,-36.27537782899992],[-72.12232095999991,-36.274497252999936],[-72.12787151499992,-36.270006079999916],[-72.13229320499994,-36.26954433699996],[-72.13546553399993,-36.267593580999915],[-72.13653906199994,-36.26454562199996],[-72.13482517299991,-36.25430205199996],[-72.13721345099992,-36.2480867349999],[-72.13910583499995,-36.24594799399995],[-72.15275813799991,-36.24755475199993],[-72.15206884399993,-36.241798101999905],[-72.15645994699992,-36.24126140899995],[-72.15428345899994,-36.235303066999904],[-72.16921550599994,-36.23267746399995],[-72.18332014099991,-36.22825711199994],[-72.18647399699995,-36.22581130099991],[-72.18597647799993,-36.22241959199994],[-72.19095781199991,-36.21970302099993],[-72.21111515899992,-36.21528884999992],[-72.2108979269999,-36.210935201999916],[-72.21618612999993,-36.210113881999916],[-72.21692769099991,-36.21540833699993],[-72.22353598899991,-36.215280082999925]]]}},{"type":"Feature","properties":{"cut":16302,"comuna":"COIHUECO"},"geometry":{"type":"Polygon","coordinates":[[[-71.75110745899991,-36.48529326999994],[-71.75601419299994,-36.48426957399994],[-71.76590922999992,-36.47954674999994],[-71.78231312899993,-36.483175039999935],[-71.78533522599992,-36.48483442499992],[-71.78932969599992,-36.49047889199994],[-71.79950636399991,-36.49700660599996],[-71.81248316799991,-36.49941991999992],[-71.81776817799994,-36.50572862599995],[-71.82231901499995,-36.50741289699994],[-71.82889375999991,-36.50694867799996],[-71.83443325899992,-36.51029268099995],[-71.84548781699993,-36.51111859899993],[-71.85592614399991,-36.51584424199996],[-71.85681815799995,-36.52474973299991],[-71.86188861599993,-36.541846592999946],[-71.8730701739999,-36.54271068299994],[-71.8771366439999,-36.56500677199995],[-71.88296558999991,-36.56378042299991],[-71.89161963999993,-36.567975848999936],[-71.90310542599991,-36.56251543399992],[-71.91141077599991,-36.56099101099994],[-71.91689066599992,-36.56403502799992],[-71.93190296299991,-36.56302864799994],[-71.94536594999994,-36.56429110499994],[-71.95023806499995,-36.56728902599991],[-71.96193589099994,-36.565426386999945],[-71.97023348999994,-36.5583177229999],[-71.9755106099999,-36.56028859699995],[-71.97513109099992,-36.563012848999904],[-71.9976844119999,-36.56419246799993],[-72.00205534799994,-36.5632302649999],[-72.00912631999995,-36.55600004699994],[-72.01223482499995,-36.55497300399992],[-72.01500648599995,-36.55774248799992],[-72.0160091219999,-36.56133998599995],[-72.02034009699992,-36.562590791999924],[-72.0239445489999,-36.56836870799992],[-72.02816301599995,-36.56759526499991],[-72.03064382199994,-36.57165552199996],[-72.03496749899995,-36.57084052399995],[-72.03672196399992,-36.57389176799995],[-72.02430769799992,-36.57517271599994],[-72.0210613129999,-36.578252291999945],[-72.0288009169999,-36.58975119699994],[-72.02297223999994,-36.591231852999954],[-72.0294080669999,-36.60429747199993],[-72.00054191299995,-36.61166149299993],[-72.0021387299999,-36.61538954699995],[-71.99846478799992,-36.61715990399995],[-71.99566635799994,-36.611101584999915],[-71.99298284999992,-36.61202376099993],[-71.99433823299995,-36.615286832999914],[-71.98986373699995,-36.61772978999994],[-71.99287877199993,-36.62074868099995],[-71.98215565499993,-36.6239166819999],[-71.98393754199992,-36.62851429999995],[-71.97822117399994,-36.6314009429999],[-71.97663957799995,-36.628781586999935],[-71.9775966919999,-36.62528318299991],[-71.95700891099995,-36.63277885399992],[-71.9553956979999,-36.63525958699995],[-71.94996813299991,-36.63789525199991],[-71.95397214199994,-36.6431625859999],[-71.94949147799991,-36.64506892599991],[-71.94883756099995,-36.646440568999935],[-71.95246067099993,-36.65686379299996],[-71.94592076999993,-36.65970863799993],[-71.94005659399994,-36.66603522699995],[-71.93063646799993,-36.66797091199993],[-71.92849621199991,-36.67256952699995],[-71.92562246099993,-36.67528793899993],[-71.9218505419999,-36.67476835899993],[-71.91344841299991,-36.67735535199995],[-71.91356912599991,-36.68100479099991],[-71.90593317399993,-36.686679485999946],[-71.90373612499991,-36.690517918999944],[-71.90035366199993,-36.69027591899993],[-71.88164895699992,-36.69610646199993],[-71.87751025099993,-36.698677448999945],[-71.87628618399992,-36.701477180999916],[-71.87146458599995,-36.702669543999946],[-71.86486147199992,-36.70686230699994],[-71.86018520899995,-36.71305579099993],[-71.85547196699991,-36.71373292699991],[-71.85292309199991,-36.715407401999926],[-71.84758750599991,-36.71407001099993],[-71.8404579729999,-36.71819197099995],[-71.83642597199992,-36.72329426999994],[-71.83540710699992,-36.727274749999935],[-71.8227171449999,-36.740156243999934],[-71.81559494299995,-36.74078441899991],[-71.8102422199999,-36.74422854699992],[-71.80535241599995,-36.744933028999924],[-71.7986947949999,-36.75107881099996],[-71.7989669079999,-36.75405024899993],[-71.79706899799993,-36.75902903499991],[-71.79818517299992,-36.76321387199994],[-71.79474174499995,-36.76757107399993],[-71.78148923999993,-36.77262297499993],[-71.7805163189999,-36.77460548599993],[-71.77197949299995,-36.780479605999915],[-71.76818438499993,-36.78538604699992],[-71.7556282409999,-36.79229966299994],[-71.74295579699992,-36.79375146099994],[-71.7382046969999,-36.79308080599992],[-71.72777193099995,-36.7977273969999],[-71.72165371099993,-36.7986275959999],[-71.7064134929999,-36.79677333199993],[-71.69507950299993,-36.79828207999992],[-71.69272398099992,-36.79689979799991],[-71.68085186699994,-36.79726000099993],[-71.67536381699995,-36.79575690699994],[-71.6687680249999,-36.79715222199991],[-71.6667282869999,-36.799433904999944],[-71.6508965829999,-36.800603949999925],[-71.64374461199992,-36.804958505999934],[-71.63744384699993,-36.80687324999991],[-71.6347491269999,-36.80930092299991],[-71.63042687799992,-36.809925247999956],[-71.62863531199991,-36.81473473199992],[-71.62335949699991,-36.815175403999945],[-71.6209740239999,-36.81751311399995],[-71.62087292599995,-36.8204987549999],[-71.6136743369999,-36.829337696999914],[-71.59956627999992,-36.83376393499992],[-71.5908644349999,-36.834853842999905],[-71.5825923669999,-36.83824872699995],[-71.57812130199994,-36.83845432399994],[-71.57004310999992,-36.8441477259999],[-71.56246682999995,-36.84555792899994],[-71.55206972899992,-36.843201508999925],[-71.54851116299994,-36.84349159499993],[-71.53610657599995,-36.83928395099991],[-71.51763833599995,-36.83764567499992],[-71.5153429149999,-36.836594040999955],[-71.5122999109999,-36.830992874999936],[-71.50749579699993,-36.83105317899992],[-71.5031949179999,-36.82801816099993],[-71.49506355999995,-36.825385802999904],[-71.4792772859999,-36.82593748499994],[-71.47203060299995,-36.827720057999954],[-71.4579304319999,-36.82633480399994],[-71.45069364299991,-36.82162407799996],[-71.44637106399995,-36.81570170899994],[-71.4358931939999,-36.81305718099992],[-71.43493286499995,-36.811629001999904],[-71.43124233799995,-36.812451411999916],[-71.42755061699995,-36.814371328999925],[-71.41877458699992,-36.82319612099991],[-71.41121367799991,-36.82729215299992],[-71.40996103599991,-36.82972308399991],[-71.4055869739999,-36.83148731599994],[-71.4032978859999,-36.83758179799992],[-71.40446766199994,-36.84191716899994],[-71.40286311799991,-36.845334675999936],[-71.39993566499993,-36.847028045999934],[-71.39860829399993,-36.851467561999925],[-71.38842932699993,-36.85593238899992],[-71.3853899529999,-36.8617093389999],[-71.38118046299991,-36.864246039999955],[-71.3718182049999,-36.87547020299991],[-71.3678093659999,-36.875036948999934],[-71.36339172499993,-36.877782562999926],[-71.3609080569999,-36.883993422999936],[-71.35144147999995,-36.89057580299993],[-71.34993388099991,-36.89298028899992],[-71.34026633099995,-36.896785020999914],[-71.33986408699991,-36.901034945999925],[-71.34512611499991,-36.90753737299991],[-71.34486406499991,-36.91093917299992],[-71.34057318099991,-36.91325773799991],[-71.33520415699991,-36.91314528799995],[-71.33262371399991,-36.91722110599994],[-71.32811158899995,-36.92023214199992],[-71.3135898399999,-36.92058816999992],[-71.30089896699991,-36.92268732499991],[-71.29170307899994,-36.91748681799993],[-71.28587845599992,-36.91719207999995],[-71.28434411799992,-36.91271823599993],[-71.27810785199995,-36.90937219099993],[-71.2717973199999,-36.911874525999906],[-71.26887906999991,-36.91472704599994],[-71.26031281999991,-36.914626093999914],[-71.25704020499995,-36.92136780199991],[-71.25797342599992,-36.924491522999915],[-71.2569164059999,-36.92652102399995],[-71.25519003999995,-36.926954114999944],[-71.25469841699993,-36.930314163999924],[-71.2599884629999,-36.93653836699991],[-71.26182183799995,-36.93965293699995],[-71.26138858299993,-36.941345819999924],[-71.2454066809999,-36.95510637099994],[-71.23654611699993,-36.95685475599993],[-71.22974300699991,-36.96431651599994],[-71.2203957019999,-36.96824400799994],[-71.21878876399995,-36.970585469999946],[-71.21990538699993,-36.97380112299993],[-71.20999999999992,-36.973379999999906],[-71.2041248729999,-36.97492254799994],[-71.18676999999991,-36.96831999999995],[-71.17439999999993,-36.96785999999992],[-71.17182999999994,-36.97377999999992],[-71.16831999999994,-36.97688999999991],[-71.1487461239999,-36.98149144899992],[-71.13180436099992,-36.97903584599993],[-71.12734989199993,-36.97552712999993],[-71.1267789389999,-36.97172614099992],[-71.11680423899992,-36.96854718199995],[-71.10554557699993,-36.97078279699991],[-71.10060486899994,-36.96599639899995],[-71.09936754799992,-36.96089483499992],[-71.10020004099994,-36.95649571799993],[-71.09061113199994,-36.941878182999915],[-71.0877464639999,-36.9342682379999],[-71.09470572499993,-36.93560069999995],[-71.10036827199991,-36.938353622999955],[-71.10463185999993,-36.93762967299995],[-71.10788656699992,-36.93906481899995],[-71.11077775799993,-36.93720895999991],[-71.11961467799995,-36.939113438999925],[-71.12559393499993,-36.94274887899991],[-71.12811290399992,-36.94702494099994],[-71.1365696979999,-36.94127223999993],[-71.1450753979999,-36.94220263099993],[-71.15399904399993,-36.94101240799995],[-71.16566347299994,-36.92244904799992],[-71.17464956399994,-36.918700592999926],[-71.17988327299992,-36.91188794899995],[-71.18393678299992,-36.90971998099991],[-71.1846519579999,-36.90684380599993],[-71.1963172209999,-36.90077821299991],[-71.19464355499991,-36.896891128999926],[-71.1977776029999,-36.89464366699991],[-71.19741600899994,-36.89250647999995],[-71.2001884359999,-36.88978760999993],[-71.2011504429999,-36.885003414999915],[-71.20482151599992,-36.883386198999915],[-71.20580020099993,-36.880502220999915],[-71.2033783569999,-36.87508289999994],[-71.21015705299993,-36.87204462099993],[-71.21203183699993,-36.867504409999924],[-71.2187860169999,-36.86530704099994],[-71.21936371499993,-36.8637106459999],[-71.22534347099992,-36.859810540999945],[-71.22604668199995,-36.853947605999906],[-71.23291055599992,-36.848533785999905],[-71.23445159799991,-36.84458208199993],[-71.24886858399992,-36.83703238699991],[-71.25062114399992,-36.82468033799995],[-71.2524481449999,-36.82299779199991],[-71.2552937239999,-36.813913674999924],[-71.2517948599999,-36.80732172199993],[-71.2497109279999,-36.791405684999916],[-71.25626879099991,-36.786480911999945],[-71.25680106399994,-36.781576352999934],[-71.25537367899994,-36.77690475199995],[-71.2597464449999,-36.774325175999934],[-71.2609343119999,-36.77089293499995],[-71.26605988499995,-36.76522611099995],[-71.26376327999992,-36.75583050499995],[-71.26508653499991,-36.75313445899991],[-71.26412753099993,-36.74767378999991],[-71.26566945399992,-36.74603680999991],[-71.26598620099992,-36.742784608999955],[-71.26383044999994,-36.74003996899995],[-71.26421833099994,-36.73368456499992],[-71.26298472899992,-36.73126632799995],[-71.26510428599994,-36.72967309099994],[-71.26488554799994,-36.72681022899991],[-71.2747201439999,-36.71438041999994],[-71.28030244199994,-36.712796210999954],[-71.28092693299993,-36.70858131199992],[-71.2843738009999,-36.70464654299991],[-71.2833810329999,-36.70167634499995],[-71.28416367999995,-36.69994178699994],[-71.27911783199994,-36.69718062599992],[-71.28175958599991,-36.691484085999946],[-71.28173368799992,-36.68773815599991],[-71.2859822719999,-36.68758309499992],[-71.29021398399993,-36.68546683899996],[-71.28991086299993,-36.68219198499992],[-71.29189587199994,-36.678895750999914],[-71.30446736999994,-36.67341510199992],[-71.3076177499999,-36.668977828999914],[-71.3150340009999,-36.66731447199993],[-71.32121879499994,-36.66382792399992],[-71.32575597599993,-36.6629191369999],[-71.33202545899991,-36.665319462999946],[-71.3398521499999,-36.657660791999945],[-71.34740360399991,-36.65444514799992],[-71.35537082099995,-36.65384517099994],[-71.36325970099995,-36.65625507599992],[-71.37155398999994,-36.65410322699995],[-71.38243246299993,-36.65609129099994],[-71.3853543859999,-36.65540611699993],[-71.38909117299994,-36.65087560899991],[-71.3902478999999,-36.65330307799991],[-71.39458236799993,-36.65330659399996],[-71.3977871479999,-36.651318354999944],[-71.4019826089999,-36.64373727299994],[-71.4142899119999,-36.63784642599995],[-71.42211986199993,-36.63913760799994],[-71.42516957999993,-36.63704158299993],[-71.42657551999991,-36.632727608999915],[-71.4290981339999,-36.63344302099995],[-71.4339684709999,-36.63213061599993],[-71.43871730599994,-36.629317518999926],[-71.44008702999992,-36.625769893999916],[-71.43812551799994,-36.622180156999946],[-71.43849390299994,-36.6193509979999],[-71.44164556599992,-36.61915102499995],[-71.44520970799994,-36.625513637999916],[-71.44752976099994,-36.626145842999904],[-71.45038284299994,-36.624849267999934],[-71.4490061329999,-36.621648157999914],[-71.45289898599992,-36.61359548699994],[-71.46339571599992,-36.61587810899994],[-71.46823800899995,-36.61236289399994],[-71.46490642599991,-36.61129805499991],[-71.4668398199999,-36.60892465299992],[-71.47231993499992,-36.60846031199992],[-71.47462899399994,-36.61176555599991],[-71.47739328099993,-36.61170027599991],[-71.4806926629999,-36.60719851299996],[-71.48687319099992,-36.603536548999955],[-71.48944481199993,-36.60316463799995],[-71.49184200799994,-36.605589385999906],[-71.49501335199994,-36.606341700999906],[-71.4998817149999,-36.60431000299991],[-71.50346099899991,-36.59954711599994],[-71.52087369599991,-36.59658375899994],[-71.52199996299993,-36.59341177999994],[-71.51980172599991,-36.58866493599993],[-71.5205957899999,-36.58758786299995],[-71.53422567699994,-36.582228104999956],[-71.54575748199994,-36.57051758099993],[-71.54856020499994,-36.57062444099995],[-71.55239834799994,-36.574196446999906],[-71.55474749399991,-36.57416208799992],[-71.55914576599992,-36.569062851999945],[-71.56530238099992,-36.56686087599991],[-71.56517263899991,-36.565136311999936],[-71.56295274599995,-36.565123436999954],[-71.56136943899992,-36.563631992999944],[-71.56800811699992,-36.559844497999904],[-71.56960218199993,-36.55679423299995],[-71.57891832599995,-36.55196368399993],[-71.58917308299993,-36.54919996499996],[-71.5864372179999,-36.541105957999946],[-71.59209113899993,-36.541255046999936],[-71.59544290699995,-36.53966844699994],[-71.59691928899991,-36.53456729499993],[-71.59274811799992,-36.528824941999915],[-71.60335088099993,-36.51983897699995],[-71.6077403299999,-36.51914519199994],[-71.61402269799993,-36.52120468399994],[-71.6190630879999,-36.51520968299991],[-71.62434673999991,-36.51617834099994],[-71.63280390999995,-36.51414981499994],[-71.63365719099994,-36.51750050499993],[-71.64159689899992,-36.51753904499992],[-71.65703330399992,-36.52275193799994],[-71.68049423199994,-36.52313282599994],[-71.68463926099992,-36.52046379299992],[-71.68523106899994,-36.518594127999904],[-71.6841036479999,-36.512883409999915],[-71.68795679899995,-36.49529274099996],[-71.69683965199994,-36.49081701099993],[-71.69937464399993,-36.482789658999934],[-71.71776062099991,-36.48310515499992],[-71.7257863179999,-36.48518106899991],[-71.75110745899991,-36.48529326999994]]]}},{"type":"Feature","properties":{"cut":16303,"comuna":"ÑIQUÉN"},"geometry":{"type":"Polygon","coordinates":[[[-72.09907382999995,-36.13711782199994],[-72.10026816699991,-36.13613853599992],[-72.09895282899993,-36.133012235999956],[-72.0991814859999,-36.12703755399991],[-72.10319679399993,-36.12348483799991],[-72.10304604099991,-36.13185867899995],[-72.10420603499995,-36.13551072799993],[-72.10332255499992,-36.143297823999944],[-72.0988017489999,-36.14492141199992],[-72.0977724409999,-36.14668449399994],[-72.0994129689999,-36.150557877999915],[-72.09862006599991,-36.156093222999914],[-72.1012811619999,-36.15876893799992],[-72.10115150999991,-36.16201090599992],[-72.10466445499992,-36.16386962799993],[-72.10575869299993,-36.16895489399991],[-72.11392248299995,-36.17413153199993],[-72.11335292399991,-36.17529650599994],[-72.11504431799995,-36.17829647599996],[-72.11912996399991,-36.180242379999925],[-72.11927039999995,-36.18210390799993],[-72.12103460599991,-36.183155745999954],[-72.12191123699995,-36.18694756299993],[-72.12430485699991,-36.18713464499996],[-72.13130960399991,-36.19173244499996],[-72.1281008599999,-36.19845755099993],[-72.12816172799995,-36.20082200699994],[-72.1308416519999,-36.20160350799995],[-72.13170460099991,-36.20346801199992],[-72.1307932759999,-36.217247982999936],[-72.13307581299995,-36.217861065999955],[-72.1363761049999,-36.221235047999926],[-72.1350395199999,-36.22919624399992],[-72.13806774499994,-36.23262282999991],[-72.13797895099992,-36.235294746999955],[-72.14242402899993,-36.239107292999904],[-72.14270101299991,-36.241811749999954],[-72.13736641999992,-36.24783928399995],[-72.1351459999999,-36.25285319899996],[-72.13653906199994,-36.26454562199996],[-72.13546553399993,-36.267593580999915],[-72.13229320499994,-36.26954433699996],[-72.12787151499992,-36.270006079999916],[-72.12232095999991,-36.274497252999936],[-72.1158636159999,-36.27537782899992],[-72.11539280799991,-36.27896698299992],[-72.1119666379999,-36.281405873999915],[-72.11166964799992,-36.28330019099991],[-72.09685169999995,-36.2850518109999],[-72.09212651899992,-36.284174709999945],[-72.08722933599995,-36.286663794999924],[-72.07601829099991,-36.287277797999934],[-72.07201305299992,-36.29007441099992],[-72.05858095299993,-36.29233152899991],[-72.05373673999992,-36.29153058499992],[-72.04417108899992,-36.2866847059999],[-72.03457744799994,-36.287289968999914],[-72.03131681999992,-36.28914608899993],[-72.02823949299994,-36.28923324899995],[-72.02634850399994,-36.29191808499991],[-72.02182889799991,-36.29067552999993],[-72.01769536799992,-36.29275164199993],[-72.00424647999995,-36.29022359699991],[-71.99296527399991,-36.29538035699994],[-71.98960517099994,-36.29817380599991],[-71.98066011799995,-36.2999710279999],[-71.97489686799992,-36.298829559999945],[-71.9655717629999,-36.30064415499993],[-71.9619498109999,-36.298566241999936],[-71.95621460599995,-36.29858213499995],[-71.9514189379999,-36.296976291999954],[-71.9421778119999,-36.30782260099994],[-71.93636193999993,-36.31073564399992],[-71.9353422069999,-36.313751801999956],[-71.9287515449999,-36.31738558599994],[-71.9268487299999,-36.32178361199993],[-71.9229792189999,-36.324549085999934],[-71.92227302299995,-36.32732369699994],[-71.91716193099995,-36.33363924099996],[-71.91285486099991,-36.335058998999955],[-71.9113241629999,-36.33856732699991],[-71.90784641099992,-36.34027794799994],[-71.90711186499993,-36.34308985899992],[-71.9040786779999,-36.34516223499992],[-71.90342801999992,-36.34821806899993],[-71.89779324499995,-36.35290067699992],[-71.89576208999995,-36.35693995799994],[-71.89601626699994,-36.360367598999915],[-71.8894644099999,-36.369657488999906],[-71.8868065659999,-36.37058377199992],[-71.8809799039999,-36.37608013799991],[-71.8777394729999,-36.385785437999914],[-71.87508560399993,-36.389071076999926],[-71.8705555169999,-36.39246545699996],[-71.86729180999993,-36.39309033099994],[-71.86534842499992,-36.39609186699994],[-71.86152498799993,-36.39808342199996],[-71.85681374799992,-36.40311718499993],[-71.84837489099993,-36.40853916099991],[-71.84263375599994,-36.40962416599996],[-71.83965867099994,-36.41194005999995],[-71.83227232599995,-36.414244079999946],[-71.82060246599991,-36.416569813999956],[-71.81095967899995,-36.40567902099991],[-71.80484805399993,-36.40748924899992],[-71.79326074699992,-36.39473696099992],[-71.7812258749999,-36.41036456099994],[-71.75545390999991,-36.421410909999906],[-71.75427625999993,-36.419918416999906],[-71.72891519299992,-36.417139462999955],[-71.72409872499992,-36.418780573999925],[-71.72062449399994,-36.42223168699991],[-71.70857630199993,-36.428029874999936],[-71.68996472499992,-36.44090290399993],[-71.68926631699992,-36.43658842199994],[-71.68415888899995,-36.43130099299992],[-71.68113063699991,-36.42987810299991],[-71.67607288499994,-36.43113169499992],[-71.67553801699995,-36.42870438999995],[-71.67258290399991,-36.42619442699993],[-71.67222743999992,-36.42357635999991],[-71.6291898209999,-36.39509586399993],[-71.6297399799999,-36.393400656999916],[-71.63765507699992,-36.388661173999935],[-71.63703711799991,-36.38737251999993],[-71.64010992599992,-36.38444312599995],[-71.63816931499991,-36.380534043999944],[-71.64101610499995,-36.37400938399992],[-71.64530465999991,-36.37107999199992],[-71.6501747659999,-36.37148008899993],[-71.65542261399992,-36.370003950999944],[-71.66911358199991,-36.36417816199992],[-71.6738307249999,-36.36359197399992],[-71.68118603699992,-36.35973297599992],[-71.6893240949999,-36.3586775789999],[-71.69091737999992,-36.35416488699991],[-71.69781129899991,-36.35420157999994],[-71.70114972899995,-36.351571864999926],[-71.7014362299999,-36.3475829649999],[-71.70335473499995,-36.34710010899994],[-71.7074804579999,-36.34908023699995],[-71.71009118799992,-36.346041071999935],[-71.7137573999999,-36.34505146899994],[-71.71485231899993,-36.34138748399994],[-71.71813371299993,-36.339101918999916],[-71.72133275399995,-36.33445616299991],[-71.73045498599993,-36.32647844599995],[-71.73723770599992,-36.32433447299991],[-71.73992203499995,-36.31972248199992],[-71.75089519699992,-36.31625679699994],[-71.75286539099994,-36.31374408699992],[-71.7599241769999,-36.311223637999944],[-71.76323162799991,-36.308415873999934],[-71.76794547499992,-36.308094343999926],[-71.76829509499993,-36.303696043999935],[-71.7701617649999,-36.30197416899995],[-71.77451035699994,-36.30089406999991],[-71.77418199399995,-36.29750766399991],[-71.77516669399995,-36.29643152099993],[-71.7794519169999,-36.295926323999936],[-71.78140005299991,-36.293592075999925],[-71.7851726589999,-36.29382397099994],[-71.79354030399992,-36.286193286999946],[-71.79328731899994,-36.281335646999935],[-71.79691817799994,-36.27768899199992],[-71.79670863699994,-36.27554188499994],[-71.79886200999994,-36.273693376999915],[-71.80176273399991,-36.27417526699992],[-71.80365740699995,-36.27290416299991],[-71.80399560299992,-36.27116468499992],[-71.80252427999994,-36.269154200999935],[-71.8057652469999,-36.26515712699995],[-71.8048146939999,-36.26291301999993],[-71.81055298699994,-36.26039485599995],[-71.81214705199994,-36.25561570299993],[-71.81386590099993,-36.25420015499992],[-71.82318929999991,-36.256056600999955],[-71.8283054229999,-36.25264678299993],[-71.8342231549999,-36.25102353099993],[-71.83756835499992,-36.25163763899991],[-71.83895280999991,-36.25475628799995],[-71.8410146949999,-36.25574407399995],[-71.84812264099992,-36.255149210999946],[-71.84997328799994,-36.253354250999905],[-71.84654900099991,-36.25009894099992],[-71.84794272199991,-36.24646105399995],[-71.8640268339999,-36.24588446799993],[-71.86736851799992,-36.247562058999904],[-71.86865174999991,-36.25367636599992],[-71.87410534599991,-36.25814558099995],[-71.8796644279999,-36.25929248299991],[-71.88279156599992,-36.258660784999904],[-71.88303801699993,-36.25991469199994],[-71.88789789999993,-36.26250255499991],[-71.89692857499995,-36.262685709999914],[-71.89978918499992,-36.26672999099992],[-71.90605297499991,-36.26593388099991],[-71.9087006389999,-36.268891409999924],[-71.91123801299995,-36.2682666149999],[-71.91336832299993,-36.26490528699992],[-71.9177299879999,-36.26295879399993],[-71.9209677899999,-36.25906911099992],[-71.93424417299991,-36.256814565999946],[-71.93858920999992,-36.258746979999955],[-71.9443209769999,-36.25899726299991],[-71.9472280139999,-36.256721658999936],[-71.9552385739999,-36.25468379499995],[-71.95615854399995,-36.25345264999993],[-71.9551800879999,-36.25110811899992],[-71.9567490739999,-36.25000510399991],[-71.95836019599994,-36.25002016499991],[-71.96074541999991,-36.252576993999924],[-71.9643269099999,-36.25224104799992],[-71.96549180099993,-36.259283947999904],[-71.97352097499993,-36.259084440999914],[-71.98014139899993,-36.25349553399991],[-71.9812803069999,-36.250899310999955],[-71.98071477999991,-36.24307810999994],[-71.98170004299993,-36.24159748199992],[-71.9800327769999,-36.2399313489999],[-71.98224182299992,-36.23873652799995],[-71.98806910099995,-36.241975848999914],[-71.99210515899995,-36.242019066999944],[-71.99286360899993,-36.24057199099991],[-71.99183672299995,-36.23742568999995],[-71.9933212919999,-36.23190960399995],[-71.99489651399995,-36.22937135899991],[-71.99842878699991,-36.22845854099995],[-71.99970209599991,-36.226744427999904],[-72.00058421199992,-36.223330580999914],[-71.99852160899991,-36.21957866899993],[-72.00011944199991,-36.216603421999935],[-71.99150798599993,-36.21330045499991],[-71.98995844299992,-36.20954240399993],[-71.99253362399992,-36.20775465699995],[-71.9994430939999,-36.208103337999944],[-72.0006898339999,-36.203039400999955],[-72.0077898099999,-36.19952423899991],[-72.01253389199991,-36.19875943199992],[-72.0109843059999,-36.19463174899994],[-72.0119540039999,-36.19114695999991],[-72.01772506099991,-36.19116797299995],[-72.02197359399992,-36.18882072699995],[-72.02525128899993,-36.18155623999991],[-72.02255018199992,-36.174851410999906],[-72.0269743209999,-36.173627274999944],[-72.03148190299993,-36.176987210999926],[-72.03584682399992,-36.17642336299991],[-72.04034442099993,-36.17184637199995],[-72.04573547099994,-36.169800540999915],[-72.0469154399999,-36.16659850599996],[-72.05928739799992,-36.15639606499991],[-72.0655330159999,-36.15763680099991],[-72.07304880599992,-36.15627680499995],[-72.0732331879999,-36.15102665199993],[-72.07074410799993,-36.14885233399991],[-72.07843487399992,-36.14290119599991],[-72.07932806699995,-36.14020057899995],[-72.07857059499992,-36.13814661999993],[-72.07312580999991,-36.136570142999915],[-72.07660755799992,-36.13079560399996],[-72.08817727999991,-36.13053557699993],[-72.09405720399991,-36.1360822229999],[-72.09907382999995,-36.13711782199994]]]}},{"type":"Feature","properties":{"cut":16304,"comuna":"SAN FABIÁN"},"geometry":{"type":"Polygon","coordinates":[[[-71.1137139189999,-36.361684097999955],[-71.11824151899992,-36.3651247759999],[-71.12851402899992,-36.36972381499993],[-71.13151447799993,-36.373138412999936],[-71.13802583299992,-36.37568987299994],[-71.14400757699991,-36.38387153699995],[-71.14439909799995,-36.38899762299991],[-71.14758665999994,-36.39197996099995],[-71.14884854399992,-36.39606105099995],[-71.15586592299991,-36.4056669979999],[-71.15924853099995,-36.40369293799995],[-71.16133352199995,-36.400106346999905],[-71.16305866599993,-36.39990916599993],[-71.17092704499993,-36.404449110999906],[-71.18066964499991,-36.403900791999945],[-71.1839685409999,-36.40905131199992],[-71.18734259099995,-36.4089949129999],[-71.19220655099991,-36.4127230709999],[-71.19430441199995,-36.41659984799992],[-71.19727144299992,-36.41851875599991],[-71.1975875249999,-36.42973067999992],[-71.19640590999995,-36.437341905999915],[-71.20776405099991,-36.44866313499995],[-71.21506032999991,-36.449047238999924],[-71.22173748299991,-36.45176212399991],[-71.22497811399995,-36.456998108999926],[-71.22448951099994,-36.462424823999925],[-71.23326724099991,-36.465852208999934],[-71.2470436939999,-36.45972089299994],[-71.24879559699991,-36.45508313599993],[-71.25528691399995,-36.45132529499995],[-71.2584317969999,-36.44745737299991],[-71.25989669699993,-36.44182084999994],[-71.26333623099993,-36.43980621199995],[-71.26480054299992,-36.441332831999944],[-71.26932769399991,-36.43993027599993],[-71.27457755899991,-36.44509286299996],[-71.28199349699992,-36.44810185599994],[-71.28300365399991,-36.45278091299991],[-71.2850554659999,-36.45355281299993],[-71.28653726599993,-36.4591801599999],[-71.29425951799993,-36.464101770999946],[-71.29430300999991,-36.467611536999925],[-71.29624006499995,-36.471165981999945],[-71.29444131899993,-36.474738233999915],[-71.29565292699994,-36.47845084499994],[-71.3047583039999,-36.481939051999916],[-71.3073903419999,-36.48429464599991],[-71.31019729899992,-36.495425446999946],[-71.3085550589999,-36.49625787399992],[-71.30996987199995,-36.49931611799991],[-71.3092981609999,-36.50268741299993],[-71.3127604039999,-36.506268545999944],[-71.31597194999995,-36.515636213999926],[-71.31594875499991,-36.52151147699993],[-71.31960004299992,-36.52348314699992],[-71.32066532399995,-36.531946787999914],[-71.32531507899995,-36.5357218499999],[-71.33031767799991,-36.54239150799992],[-71.33374750999991,-36.54373088299991],[-71.3399058359999,-36.5428830969999],[-71.34501508799991,-36.536074851999956],[-71.34773981099994,-36.519712211999945],[-71.35351386499991,-36.51261784899992],[-71.36602535399993,-36.5134562689999],[-71.37423399799991,-36.51157161999993],[-71.39519986399995,-36.51076470899994],[-71.40998117999993,-36.503513761999955],[-71.41137406999991,-36.498519021999925],[-71.41528437799991,-36.495731710999905],[-71.41657151499993,-36.492952213999956],[-71.4186771489999,-36.48499768399995],[-71.4204768749999,-36.48366593499992],[-71.42035268599994,-36.48064320499992],[-71.42485420899993,-36.47709628799993],[-71.4277015639999,-36.46986387299995],[-71.43128876599991,-36.46717553399992],[-71.43353213799992,-36.46049009899991],[-71.43220647499993,-36.456789872999934],[-71.43283521799992,-36.45498926399995],[-71.43832759899993,-36.45262110899995],[-71.4375902619999,-36.44938593099994],[-71.4388686289999,-36.44682406299995],[-71.43803782499992,-36.44420800799992],[-71.43902567799995,-36.441384514999925],[-71.43790832399992,-36.43754596699995],[-71.43924068099994,-36.432508055999904],[-71.44208033899992,-36.43043110599996],[-71.4486168649999,-36.43058295199995],[-71.45052077499992,-36.42460281399991],[-71.4639217049999,-36.41638066699994],[-71.4668933399999,-36.41269351799991],[-71.47600134699991,-36.41237112399995],[-71.4949933389999,-36.41529573999992],[-71.5027076639999,-36.415146369999945],[-71.50445819599992,-36.41436778199994],[-71.50594973499994,-36.41115010599992],[-71.51568454399995,-36.40555159399992],[-71.51806632699993,-36.40569595399995],[-71.52268424399995,-36.409035418999906],[-71.53485012099992,-36.406189009999935],[-71.54354703399991,-36.40736904499994],[-71.54693052199991,-36.40593478799991],[-71.54950270299992,-36.40280866599994],[-71.55396609199994,-36.40423216399995],[-71.5663500039999,-36.40258733999991],[-71.5718589679999,-36.40429791099996],[-71.57480013899993,-36.40327740299995],[-71.57927916699992,-36.39608796899995],[-71.5840119849999,-36.3919411949999],[-71.5911240069999,-36.39117438499994],[-71.59929804199993,-36.38681263099994],[-71.60370919299993,-36.3863923479999],[-71.6128628589999,-36.38007140399992],[-71.6230876269999,-36.376931870999954],[-71.62799597999992,-36.372264119999954],[-71.64101610499995,-36.37400938399992],[-71.6381248269999,-36.38077385899993],[-71.63969461199991,-36.38190627699993],[-71.64010992599992,-36.38444312599995],[-71.63703711799991,-36.38737251999993],[-71.63741043899995,-36.38890541099994],[-71.6297399799999,-36.393400656999916],[-71.6291898209999,-36.39509586399993],[-71.67222743999992,-36.42357635999991],[-71.67258290399991,-36.42619442699993],[-71.6757626669999,-36.42910109799993],[-71.6756705219999,-36.43085553499992],[-71.68240966199994,-36.43023441299994],[-71.68926631699992,-36.43658842199994],[-71.68996472499992,-36.44090290399993],[-71.68073084899993,-36.445237677999955],[-71.67524572099995,-36.44561654699993],[-71.68373487499991,-36.461693115999935],[-71.67566691999991,-36.464316727999915],[-71.67676350799991,-36.469176803999915],[-71.67143202199992,-36.47110332299991],[-71.6729695969999,-36.477474747999906],[-71.67212197599991,-36.47782503399992],[-71.67457464799992,-36.483512435999955],[-71.67164958299992,-36.48555872599991],[-71.6729487579999,-36.48727349199993],[-71.66591017299993,-36.49238033699993],[-71.68103191299991,-36.52286749399991],[-71.65703330399992,-36.52275193799994],[-71.64159689899992,-36.51753904499992],[-71.63365719099994,-36.51750050499993],[-71.63280390999995,-36.51414981499994],[-71.62434673999991,-36.51617834099994],[-71.6190630879999,-36.51520968299991],[-71.61402269799993,-36.52120468399994],[-71.6077403299999,-36.51914519199994],[-71.60335088099993,-36.51983897699995],[-71.59274811799992,-36.528824941999915],[-71.59691928899991,-36.53456729499993],[-71.59544290699995,-36.53966844699994],[-71.59209113899993,-36.541255046999936],[-71.5864372179999,-36.541105957999946],[-71.58917308299993,-36.54919996499996],[-71.57891832599995,-36.55196368399993],[-71.56960218199993,-36.55679423299995],[-71.56800811699992,-36.559844497999904],[-71.56136943899992,-36.563631992999944],[-71.56295274599995,-36.565123436999954],[-71.56517263899991,-36.565136311999936],[-71.56530238099992,-36.56686087599991],[-71.55914576599992,-36.569062851999945],[-71.55474749399991,-36.57416208799992],[-71.55239834799994,-36.574196446999906],[-71.54856020499994,-36.57062444099995],[-71.54575748199994,-36.57051758099993],[-71.53422567699994,-36.582228104999956],[-71.5205957899999,-36.58758786299995],[-71.51980172599991,-36.58866493599993],[-71.52199996299993,-36.59341177999994],[-71.52087369599991,-36.59658375899994],[-71.50346099899991,-36.59954711599994],[-71.4998817149999,-36.60431000299991],[-71.49501335199994,-36.606341700999906],[-71.49184200799994,-36.605589385999906],[-71.48944481199993,-36.60316463799995],[-71.48687319099992,-36.603536548999955],[-71.4806926629999,-36.60719851299996],[-71.47739328099993,-36.61170027599991],[-71.47462899399994,-36.61176555599991],[-71.47231993499992,-36.60846031199992],[-71.4668398199999,-36.60892465299992],[-71.46490642599991,-36.61129805499991],[-71.46823800899995,-36.61236289399994],[-71.46339571599992,-36.61587810899994],[-71.45289898599992,-36.61359548699994],[-71.4490061329999,-36.621648157999914],[-71.45038284299994,-36.624849267999934],[-71.44752976099994,-36.626145842999904],[-71.44520970799994,-36.625513637999916],[-71.44164556599992,-36.61915102499995],[-71.43849390299994,-36.6193509979999],[-71.43812551799994,-36.622180156999946],[-71.44008702999992,-36.625769893999916],[-71.43871730599994,-36.629317518999926],[-71.4339684709999,-36.63213061599993],[-71.4290981339999,-36.63344302099995],[-71.42657551999991,-36.632727608999915],[-71.42516957999993,-36.63704158299993],[-71.42211986199993,-36.63913760799994],[-71.4142899119999,-36.63784642599995],[-71.4019826089999,-36.64373727299994],[-71.3977871479999,-36.651318354999944],[-71.39458236799993,-36.65330659399996],[-71.3902478999999,-36.65330307799991],[-71.38909117299994,-36.65087560899991],[-71.3853543859999,-36.65540611699993],[-71.38243246299993,-36.65609129099994],[-71.37155398999994,-36.65410322699995],[-71.36325970099995,-36.65625507599992],[-71.35537082099995,-36.65384517099994],[-71.34740360399991,-36.65444514799992],[-71.3398521499999,-36.657660791999945],[-71.33202545899991,-36.665319462999946],[-71.32575597599993,-36.6629191369999],[-71.32121879499994,-36.66382792399992],[-71.3150340009999,-36.66731447199993],[-71.3076177499999,-36.668977828999914],[-71.30446736999994,-36.67341510199992],[-71.29189587199994,-36.678895750999914],[-71.28991086299993,-36.68219198499992],[-71.29021398399993,-36.68546683899996],[-71.2859822719999,-36.68758309499992],[-71.28173368799992,-36.68773815599991],[-71.28175958599991,-36.691484085999946],[-71.27911783199994,-36.69718062599992],[-71.28416367999995,-36.69994178699994],[-71.2833810329999,-36.70167634499995],[-71.2843738009999,-36.70464654299991],[-71.28092693299993,-36.70858131199992],[-71.28030244199994,-36.712796210999954],[-71.2747201439999,-36.71438041999994],[-71.26488554799994,-36.72681022899991],[-71.26510428599994,-36.72967309099994],[-71.26298472899992,-36.73126632799995],[-71.26421833099994,-36.73368456499992],[-71.26383044999994,-36.74003996899995],[-71.26598620099992,-36.742784608999955],[-71.26566945399992,-36.74603680999991],[-71.26412753099993,-36.74767378999991],[-71.26508653499991,-36.75313445899991],[-71.26376327999992,-36.75583050499995],[-71.26605988499995,-36.76522611099995],[-71.2609343119999,-36.77089293499995],[-71.2597464449999,-36.774325175999934],[-71.25537367899994,-36.77690475199995],[-71.25680106399994,-36.781576352999934],[-71.25626879099991,-36.786480911999945],[-71.2497109279999,-36.791405684999916],[-71.2517948599999,-36.80732172199993],[-71.2552937239999,-36.813913674999924],[-71.2524481449999,-36.82299779199991],[-71.25062114399992,-36.82468033799995],[-71.24886858399992,-36.83703238699991],[-71.23445159799991,-36.84458208199993],[-71.23291055599992,-36.848533785999905],[-71.22604668199995,-36.853947605999906],[-71.22534347099992,-36.859810540999945],[-71.21936371499993,-36.8637106459999],[-71.2187860169999,-36.86530704099994],[-71.21203183699993,-36.867504409999924],[-71.21015705299993,-36.87204462099993],[-71.2033783569999,-36.87508289999994],[-71.20580020099993,-36.880502220999915],[-71.20482151599992,-36.883386198999915],[-71.2011504429999,-36.885003414999915],[-71.2001884359999,-36.88978760999993],[-71.19741600899994,-36.89250647999995],[-71.1977776029999,-36.89464366699991],[-71.19464355499991,-36.896891128999926],[-71.1963172209999,-36.90077821299991],[-71.1846519579999,-36.90684380599993],[-71.18393678299992,-36.90971998099991],[-71.17988327299992,-36.91188794899995],[-71.17464956399994,-36.918700592999926],[-71.16566347299994,-36.92244904799992],[-71.15415996099995,-36.94087482099991],[-71.1450753979999,-36.94220263099993],[-71.1365696979999,-36.94127223999993],[-71.12811290399992,-36.94702494099994],[-71.12559393499993,-36.94274887899991],[-71.11961467799995,-36.939113438999925],[-71.11077775799993,-36.93720895999991],[-71.10788656699992,-36.93906481899995],[-71.10463185999993,-36.93762967299995],[-71.10013930399992,-36.93830487899993],[-71.09470572499993,-36.93560069999995],[-71.0877464639999,-36.9342682379999],[-71.08758999999992,-36.931149999999946],[-71.08895502699994,-36.92859127199995],[-71.09290328999992,-36.92798214399994],[-71.09655026599995,-36.92516484799995],[-71.10507999999993,-36.92846999999995],[-71.11227999999994,-36.9242099999999],[-71.11434999999994,-36.925109999999904],[-71.11676999999992,-36.92916999999994],[-71.12134999999995,-36.931239999999946],[-71.12784999999991,-36.92776999999995],[-71.13468999999992,-36.92990999999995],[-71.1448299999999,-36.928429999999935],[-71.1439454369999,-36.91939981899992],[-71.1488799999999,-36.91449999999992],[-71.14758887999994,-36.911248171999944],[-71.14984269299993,-36.90142441899991],[-71.1403914739999,-36.89671308599992],[-71.13896571299995,-36.89126069899993],[-71.13522328499994,-36.88908929299993],[-71.12974600199993,-36.873649944999954],[-71.12343259199992,-36.86921737299991],[-71.11797533999993,-36.86980737099992],[-71.12240466399993,-36.866419126999915],[-71.1219478079999,-36.86299270299992],[-71.12377523399994,-36.86196477599992],[-71.12388944799994,-36.86025156399995],[-71.13142757999992,-36.85568299799991],[-71.13896571299995,-36.85311318099991],[-71.14766154999995,-36.8551831069999],[-71.15170058799993,-36.858823886999915],[-71.16232250199994,-36.861393704999955],[-71.16455070599994,-36.859024107999915],[-71.16837585099995,-36.85785306699995],[-71.17174103399992,-36.851449078999906],[-71.17985437099992,-36.8430052299999],[-71.17846810499992,-36.840105217999906],[-71.17437209299993,-36.8372945239999],[-71.17414366399993,-36.83461049199991],[-71.17003195599995,-36.831526709999935],[-71.16757635199991,-36.82376014999994],[-71.16443546399995,-36.81987686899993],[-71.16195999999991,-36.81928999999991],[-71.15756429899994,-36.823050191999926],[-71.15713399799995,-36.82538342399994],[-71.15293886699993,-36.82722655099991],[-71.14838837899993,-36.82484518399991],[-71.14410534899991,-36.8245025409999],[-71.14279188599994,-36.819362905999924],[-71.14039338999993,-36.817478372999915],[-71.13194154399991,-36.814794340999924],[-71.13308368499992,-36.808626777999905],[-71.13194154399991,-36.806628029999956],[-71.13211286499995,-36.80211657199993],[-71.12988568999992,-36.79789064999994],[-71.1275442999999,-36.78744005699991],[-71.12925751199992,-36.77778896299992],[-71.12748719299992,-36.76579647999995],[-71.12840090599991,-36.763626410999905],[-71.12543133899993,-36.759686023999905],[-71.12160516499995,-36.757687275999956],[-71.11869270499994,-36.75317581799993],[-71.11834999999991,-36.746959999999945],[-71.12052013099992,-36.74009830099993],[-71.11166853599991,-36.72799160299991],[-71.11348926799991,-36.71799983299991],[-71.11201117899992,-36.7135435159999],[-71.1164822259999,-36.70834475499993],[-71.11589445899995,-36.70583406199995],[-71.11972063199994,-36.69869567899991],[-71.11503785299993,-36.69092911799993],[-71.11418124699992,-36.680478525999945],[-71.10807079099993,-36.676652351999905],[-71.10087530099992,-36.67670945899994],[-71.09321398599991,-36.678445093999926],[-71.08572547799992,-36.67771859599992],[-71.0825400679999,-36.686855694999906],[-71.07923172399995,-36.68904458499992],[-71.08052822999991,-36.69233236499991],[-71.08031170499993,-36.69605304899994],[-71.07848933199995,-36.69778196599992],[-71.07854433299991,-36.704962236999904],[-71.07557687199994,-36.70726173899993],[-71.07209709299991,-36.70711539899992],[-71.06613799899992,-36.71409933599995],[-71.06015796399993,-36.71314376599992],[-71.05775771799995,-36.71142656899991],[-71.05747393199994,-36.70857520099992],[-71.04979181399995,-36.70677847999991],[-71.0460867029999,-36.70416841399992],[-71.04140915499994,-36.70485046899995],[-71.03714381799995,-36.70332135099994],[-71.0341441839999,-36.7037607229999],[-71.03039992999993,-36.70241949799993],[-71.0288351669999,-36.70015617999991],[-71.02360997599993,-36.697306075999904],[-71.01511554899992,-36.69842376399993],[-71.0118137149999,-36.69605322299992],[-71.00956110599992,-36.69075779699995],[-71.01008595299993,-36.68733071199995],[-71.00723584899993,-36.68355851599995],[-71.01384413499994,-36.67373989199996],[-71.01127431799995,-36.664374333999945],[-71.02378076499991,-36.6639745839999],[-71.02769500999995,-36.66268862399994],[-71.02905870399991,-36.658773786999916],[-71.02897750699992,-36.650611530999925],[-71.03942525899993,-36.649496977999945],[-71.04350057499994,-36.64491981799995],[-71.04211213199994,-36.6426736489999],[-71.04274030999994,-36.63336519799992],[-71.0405988309999,-36.63180956799994],[-71.04330922499992,-36.630021266999904],[-71.04490192899993,-36.62644466599994],[-71.04925051499993,-36.6220008919999],[-71.05747393199994,-36.618403146999924],[-71.05437999999992,-36.61274999999995],[-71.05088999999992,-36.6108999999999],[-71.04833999999994,-36.607359999999915],[-71.04896999999994,-36.597729999999956],[-71.04611999999992,-36.59486999999996],[-71.04851999999994,-36.58753999999993],[-71.04656648299994,-36.582597017999944],[-71.04919105599993,-36.578483881999944],[-71.0527340459999,-36.57654366899993],[-71.05530386399994,-36.576772096999946],[-71.05418581499993,-36.57070290599995],[-71.05581782799993,-36.56597886199995],[-71.05073529899994,-36.56449407799994],[-71.04905999999994,-36.55819999999994],[-71.04408999999993,-36.55577999999991],[-71.04086999999993,-36.5493899999999],[-71.0440099999999,-36.54561999999993],[-71.04381999999993,-36.53965999999991],[-71.0462599999999,-36.53663999999992],[-71.04615999999993,-36.533219999999915],[-71.0508999999999,-36.52370999999994],[-71.04676999999992,-36.52046999999993],[-71.04338999999993,-36.51407999999992],[-71.03565999999995,-36.51000999999991],[-71.03649999999993,-36.50374999999991],[-71.03942809999995,-36.50030573799995],[-71.03897999999992,-36.49756999999994],[-71.03530388799993,-36.49388170499992],[-71.03680117499994,-36.48968382399994],[-71.03707420699993,-36.48108972199992],[-71.03862860099991,-36.47769134099991],[-71.03604247299995,-36.47468089899991],[-71.03720761199992,-36.47095934999993],[-71.04418518999995,-36.468198866999955],[-71.0505550769999,-36.46788731799995],[-71.05622124899992,-36.46474708199992],[-71.06140253899991,-36.46443923299995],[-71.06019068699993,-36.454518686999904],[-71.06343892299992,-36.449733832999925],[-71.06801647199995,-36.447740196999916],[-71.0625976149999,-36.44083391999993],[-71.06385914599991,-36.43714851999994],[-71.06007534399993,-36.43343949699994],[-71.0613647269999,-36.42782909299996],[-71.0581662749999,-36.421641104999935],[-71.06203893499992,-36.4189456979999],[-71.06483429499991,-36.40898079599992],[-71.06260773399993,-36.40626275199992],[-71.0624486129999,-36.400857182999914],[-71.0642741069999,-36.396995283999956],[-71.06111297399991,-36.38931013399991],[-71.05877310399995,-36.38683465699995],[-71.06231042699994,-36.38489613699994],[-71.06599594199992,-36.379783930999906],[-71.06949174099992,-36.379836421999926],[-71.07441876799993,-36.377641113999914],[-71.0786563929999,-36.370559820999915],[-71.0824418919999,-36.36814703199991],[-71.09822385599995,-36.37008855699992],[-71.1137139189999,-36.361684097999955]]]}},{"type":"Feature","properties":{"cut":16305,"comuna":"SAN NICOLÁS"},"geometry":{"type":"Polygon","coordinates":[[[-72.25213246699991,-36.349161358999936],[-72.2580435189999,-36.35212763299995],[-72.27082073199995,-36.34999551499993],[-72.27690251899992,-36.35274794999992],[-72.28636053299994,-36.35442327699991],[-72.28911369999992,-36.35683804799993],[-72.29485870999991,-36.357585694999955],[-72.30437850499993,-36.35626888699994],[-72.30690052999995,-36.35975051799994],[-72.31617676099995,-36.35873473399994],[-72.3097354169999,-36.36379097899993],[-72.30318711799993,-36.37132724999992],[-72.30172077499992,-36.371136892999914],[-72.29788389399994,-36.37414691099991],[-72.29736041299992,-36.379807172999904],[-72.3022228399999,-36.390279061999934],[-72.3065424859999,-36.39096332899993],[-72.31679483899995,-36.39849229999993],[-72.33072506099995,-36.40075490599992],[-72.33633090399991,-36.403783578999935],[-72.3393450399999,-36.410079078999956],[-72.33979433199994,-36.42349804299994],[-72.34746928399994,-36.436626718999946],[-72.34978913899994,-36.444812579999905],[-72.34874093499991,-36.445846934999906],[-72.3517553609999,-36.44379141299993],[-72.35810261599994,-36.447600854999905],[-72.36255993999993,-36.446501360999946],[-72.3643451769999,-36.44843312699993],[-72.36190951799995,-36.45301827599991],[-72.36909588799995,-36.45583880599992],[-72.36875482099992,-36.461576393999906],[-72.3705133759999,-36.46441068199994],[-72.36859627799993,-36.46655513299993],[-72.36845975999995,-36.470072984999945],[-72.36293048599993,-36.47634391299994],[-72.36608845199993,-36.477650111999935],[-72.37201284199995,-36.47588547999993],[-72.36758623899993,-36.48319038199992],[-72.3594413909999,-36.48515065999993],[-72.35900895999993,-36.49432336399991],[-72.35726155299994,-36.49678631499995],[-72.35341088899992,-36.49804088199994],[-72.35320817399992,-36.50003473399994],[-72.36080509699991,-36.506367147999924],[-72.36026971099994,-36.50854017499995],[-72.3625314809999,-36.51119825199993],[-72.36183887099992,-36.51810996699993],[-72.35939043299993,-36.52017797599996],[-72.35975488399993,-36.52205789699991],[-72.35764792099991,-36.52692299599994],[-72.36109416599993,-36.53306826699992],[-72.36110182699991,-36.53935538099995],[-72.3635447069999,-36.548953672999914],[-72.36528632199992,-36.55145025899992],[-72.36288619999993,-36.553276601999926],[-72.36070509399991,-36.56356332799993],[-72.37818849999991,-36.578501040999924],[-72.38265480699994,-36.576691643999936],[-72.38702348399994,-36.57689484999992],[-72.38865570999991,-36.58943146999991],[-72.38782077699994,-36.591099226999916],[-72.39018255199994,-36.598526087999915],[-72.39022838599993,-36.60389972999991],[-72.39570219599995,-36.60894801099994],[-72.39478795299993,-36.61546171099991],[-72.40360284999991,-36.62085919799995],[-72.40371730299995,-36.62297851499994],[-72.40629645899992,-36.62507330099993],[-72.39620995299993,-36.62443514599994],[-72.38979499699991,-36.62142969799993],[-72.38448750499992,-36.62314089999995],[-72.37109081799991,-36.61161645499993],[-72.36285303799991,-36.60972191099995],[-72.35565045699991,-36.604737833999934],[-72.35008799399992,-36.604663589999916],[-72.34518668599992,-36.60228221199992],[-72.3355422329999,-36.60363103299994],[-72.33055821399995,-36.59892560199995],[-72.31654794099995,-36.59849856099993],[-72.31600702599991,-36.59679607399994],[-72.3179117649999,-36.59340395999993],[-72.31615935899993,-36.59134097899994],[-72.3068251819999,-36.59083416099992],[-72.2921824469999,-36.59792529099991],[-72.28317201199991,-36.598114292999924],[-72.26855818299993,-36.59516840099991],[-72.25862474799993,-36.58173426199994],[-72.2556525359999,-36.579974017999916],[-72.2457854829999,-36.585412978999955],[-72.22253180899992,-36.583221100999936],[-72.21868608799991,-36.58099335299994],[-72.21849364999991,-36.578235357999915],[-72.2141167879999,-36.57297123299992],[-72.2077617139999,-36.57389964199996],[-72.20295692499991,-36.57178561699993],[-72.20103547499991,-36.567737880999914],[-72.20287903299993,-36.561733525999955],[-72.20209039499991,-36.56027835799995],[-72.19727650899995,-36.558641046999924],[-72.1925874559999,-36.553878081999926],[-72.1850369089999,-36.552559920999954],[-72.18223161599991,-36.55003201399995],[-72.17640832899991,-36.55138501999994],[-72.17295842099992,-36.55581269599992],[-72.1696062549999,-36.55653670999993],[-72.15568475099991,-36.55317757899991],[-72.15064764699991,-36.54991077699992],[-72.1380611269999,-36.549795409999945],[-72.13505005699994,-36.54796352699992],[-72.12715776399995,-36.55040050799994],[-72.1137222239999,-36.549308992999954],[-72.1090714739999,-36.551394485999936],[-72.10559344399991,-36.54724749899992],[-72.10237831499995,-36.546183706999955],[-72.09326969799992,-36.551063436999925],[-72.09134765399995,-36.54675690499994],[-72.0853352499999,-36.542929510999954],[-72.07877643199993,-36.53400849299993],[-72.06906805299991,-36.52700415399994],[-72.07810710599995,-36.52149982699996],[-72.07216374899991,-36.511048401999915],[-72.07086094899995,-36.51082333699992],[-72.06874505999991,-36.49982932499995],[-72.06357985199992,-36.49901353599995],[-72.06201157999993,-36.492482827999936],[-72.0580354679999,-36.493520410999906],[-72.05663559299995,-36.49090614399995],[-72.06067671999995,-36.48974395699992],[-72.05764202899991,-36.484961264999924],[-72.07539557599995,-36.481962462999945],[-72.07333418899992,-36.468073105999906],[-72.0646924639999,-36.470057321999946],[-72.06392728799995,-36.46751236099993],[-72.0512536629999,-36.46584504999993],[-72.04891126599995,-36.45356872199994],[-72.05383138699995,-36.45418586899996],[-72.05737390699994,-36.452672057999905],[-72.06308402399992,-36.45501824999991],[-72.07086781499993,-36.45455439199992],[-72.07427999499993,-36.45675417199993],[-72.07761858099991,-36.45598040199991],[-72.08142247899991,-36.457917333999944],[-72.08341406799991,-36.456896738999944],[-72.08161410499991,-36.45375050699994],[-72.08675061499991,-36.45232576199993],[-72.0827064209999,-36.43896616999996],[-72.0769616849999,-36.432574074999934],[-72.06341770699993,-36.43162785399994],[-72.06202241199992,-36.42695789499993],[-72.05652142899993,-36.427139094999916],[-72.0567337139999,-36.42386398199994],[-72.05157905199991,-36.41905373499992],[-72.09503408699993,-36.40148780099992],[-72.1475985429999,-36.39256325799994],[-72.1571389369999,-36.37804718299992],[-72.16366278799995,-36.37302494399995],[-72.17376921399995,-36.37032670599996],[-72.17597423899991,-36.36838270699991],[-72.18525025499991,-36.36620455399992],[-72.19123149299992,-36.366935724999905],[-72.2101379739999,-36.365887537999924],[-72.21788186299995,-36.362053311999944],[-72.2259053379999,-36.36260050599992],[-72.22892877399994,-36.36504544199994],[-72.2313324189999,-36.364862383999935],[-72.23583775499992,-36.36208731599993],[-72.23603426199992,-36.356948290999924],[-72.23956765199995,-36.35251250899995],[-72.25213246699991,-36.349161358999936]]]}}]}