{"type":"FeatureCollection","features":[{"type":"Feature","properties":{"nombre":"Avenida Libertador Bernardo O'Higgins","jerarquia":3},"geometry":{"type":"LineString","coordinates":[[-72.10031,-36.57686],[-72.09972,-36.57508]]}},{"type":"Feature","properties":{"nombre":"Constitución","jerarquia":4},"geometry":{"type":"LineString","coordinates":[[-72.09348,-36.60986],[-72.0936,-36.60975]]}},{"type":"Feature","properties":{"nombre":"Constitución","jerarquia":4},"geometry":{"type":"LineString","coordinates":[[-72.0936,-36.60975],[-72.09364,-36.60973]]}},{"type":"Feature","properties":{"nombre":"Avenida Vicente Méndez","jerarquia":4},"geometry":{"type":"LineString","coordinates":[[-72.0822,-36.58922],[-72.083,-36.58967],[-72.08357,-36.59015],[-72.08402,-36.59072],[-72.0844,-36.59139]]}},{"type":"Feature","properties":{"nombre":"Avenida Vicente Méndez","jerarquia":4},"geometry":{"type":"LineString","coordinates":[[-72.0844,-36.59139],[-72.08446,-36.5915]]}},{"type":"Feature","properties":{"nombre":"Avenida Argentina","jerarquia":3},"geometry":{"type":"LineString","coordinates":[[-72.09618,-36.61716],[-72.09615,-36.61707]]}},{"type":"Feature","properties":{"nombre":"Avenida Argentina","jerarquia":3},"geometry":{"type":"LineString","coordinates":[[-72.09615,-36.61707],[-72.09607,-36.61687]]}},{"type":"Feature","properties":{"nombre":"El Roble","jerarquia":5},"geometry":{"type":"LineString","coordinates":[[-72.10934,-36.60724],[-72.10785,-36.60761]]}},{"type":"Feature","properties":{"nombre":"El Roble","jerarquia":5},"geometry":{"type":"LineString","coordinates":[[-72.10785,-36.60761],[-72.10634,-36.60798]]}},{"type":"Feature","properties":{"nombre":"El Roble","jerarquia":5},"geometry":{"type":"LineString","coordinates":[[-72.10634,-36.60798],[-72.10479,-36.60835]]}},{"type":"Feature","properties":{"nombre":"El Roble","jerarquia":5},"geometry":{"type":"LineString","coordinates":[[-72.10479,-36.60835],[-72.10333,-36.60871]]}},{"type":"Feature","properties":{"nombre":"El Roble","jerarquia":5},"geometry":{"type":"LineString","coordinates":[[-72.10333,-36.60871],[-72.10185,-36.60907]]}},{"type":"Feature","properties":{"nombre":"El Roble","jerarquia":5},"geometry":{"type":"LineString","coordinates":[[-72.10185,-36.60907],[-72.10175,-36.60909]]}},{"type":"Feature","properties":{"nombre":"Gamero","jerarquia":5},"geometry":{"type":"LineString","coordinates":[[-72.11043,-36.60025],[-72.11035,-36.60027]]}},{"type":"Feature","properties":{"nombre":"Gamero","jerarquia":5},"geometry":{"type":"LineString","coordinates":[[-72.11035,-36.60027],[-72.11018,-36.60031]]}},{"type":"Feature","properties":{"nombre":"Gamero","jerarquia":5},"geometry":{"type":"LineString","coordinates":[[-72.11018,-36.60031],[-72.11013,-36.60032]]}},{"type":"Feature","properties":{"nombre":"Gamero","jerarquia":5},"geometry":{"type":"LineString","coordinates":[[-72.11013,-36.60032],[-72.11004,-36.60034]]}},{"type":"Feature","properties":{"nombre":"Gamero","jerarquia":5},"geometry":{"type":"LineString","coordinates":[[-72.11004,-36.60034],[-72.1094,-36.6005]]}},{"type":"Feature","properties":{"nombre":"Gamero","jerarquia":5},"geometry":{"type":"LineString","coordinates":[[-72.1094,-36.6005],[-72.10863,-36.60069]]}},{"type":"Feature","properties":{"nombre":"Gamero","jerarquia":5},"geometry":{"type":"LineString","coordinates":[[-72.10863,-36.60069],[-72.10756,-36.60095]]}},{"type":"Feature","properties":{"nombre":"Gamero","jerarquia":5},"geometry":{"type":"LineString","coordinates":[[-72.10756,-36.60095],[-72.10725,-36.60103]]}},{"type":"Feature","properties":{"nombre":"Gamero","jerarquia":5},"geometry":{"type":"LineString","coordinates":[[-72.10725,-36.60103],[-72.10716,-36.60105]]}},{"type":"Feature","properties":{"nombre":"Avenida Brasil","jerarquia":4},"geometry":{"type":"LineString","coordinates":[[-72.11153,-36.60403],[-72.11106,-36.60279]]}},{"type":"Feature","properties":{"nombre":"Avenida Brasil","jerarquia":4},"geometry":{"type":"LineString","coordinates":[[-72.11106,-36.60279],[-72.11059,-36.60156]]}},{"type":"Feature","properties":{"nombre":"Avenida Brasil","jerarquia":4},"geometry":{"type":"LineString","coordinates":[[-72.11059,-36.60156],[-72.11013,-36.60032]]}},{"type":"Feature","properties":{"nombre":"Avenida Brasil","jerarquia":4},"geometry":{"type":"LineString","coordinates":[[-72.11013,-36.60032],[-72.1098,-36.59945]]}},{"type":"Feature","properties":{"nombre":"Avenida Brasil","jerarquia":4},"geometry":{"type":"LineString","coordinates":[[-72.1098,-36.59945],[-72.10966,-36.59909]]}},{"type":"Feature","properties":{"nombre":"Avenida Brasil","jerarquia":4},"geometry":{"type":"LineString","coordinates":[[-72.10966,-36.59909],[-72.10922,-36.59792]]}},{"type":"Feature","properties":{"nombre":"Avenida Brasil","jerarquia":4},"geometry":{"type":"LineString","coordinates":[[-72.10922,-36.59792],[-72.10919,-36.59782]]}},{"type":"Feature","properties":{"nombre":"Avenida Brasil","jerarquia":4},"geometry":{"type":"LineString","coordinates":[[-72.1148,-36.61274],[-72.11451,-36.61196]]}},{"type":"Feature","properties":{"nombre":"Independencia","jerarquia":5},"geometry":{"type":"LineString","coordinates":[[-72.09391,-36.60156],[-72.09419,-36.60231]]}},{"type":"Feature","properties":{"nombre":"Independencia","jerarquia":5},"geometry":{"type":"LineString","coordinates":[[-72.09419,-36.60231],[-72.09439,-36.60285]]}},{"type":"Feature","properties":{"nombre":"Independencia","jerarquia":5},"geometry":{"type":"LineString","coordinates":[[-72.09439,-36.60285],[-72.09484,-36.60407]]}},{"type":"Feature","properties":{"nombre":"Avenida Collín","jerarquia":3},"geometry":{"type":"LineString","coordinates":[[-72.09638,-36.61711],[-72.09793,-36.61673]]}},{"type":"Feature","properties":{"nombre":"Avenida Collín","jerarquia":3},"geometry":{"type":"LineString","coordinates":[[-72.09793,-36.61673],[-72.09946,-36.61636]]}},{"type":"Feature","properties":{"nombre":"Avenida Collín","jerarquia":3},"geometry":{"type":"LineString","coordinates":[[-72.09946,-36.61636],[-72.10099,-36.61599]]}},{"type":"Feature","properties":{"nombre":"Avenida Collín","jerarquia":3},"geometry":{"type":"LineString","coordinates":[[-72.10099,-36.61599],[-72.10169,-36.61582]]}},{"type":"Feature","properties":{"nombre":"Avenida Collín","jerarquia":3},"geometry":{"type":"LineString","coordinates":[[-72.10169,-36.61582],[-72.10253,-36.61562]]}},{"type":"Feature","properties":{"nombre":"Avenida Collín","jerarquia":3},"geometry":{"type":"LineString","coordinates":[[-72.10253,-36.61562],[-72.10268,-36.61558]]}},{"type":"Feature","properties":{"nombre":"Avenida Collín","jerarquia":3},"geometry":{"type":"LineString","coordinates":[[-72.10268,-36.61558],[-72.10339,-36.61541]]}},{"type":"Feature","properties":{"nombre":"","jerarquia":3},"geometry":{"type":"LineString","coordinates":[[-72.10744,-36.61447],[-72.10774,-36.61461]]}},{"type":"Feature","properties":{"nombre":"Avenida Collín","jerarquia":3},"geometry":{"type":"LineString","coordinates":[[-72.10873,-36.61437],[-72.10825,-36.61448]]}},{"type":"Feature","properties":{"nombre":"Ruta 5 Sur","jerarquia":1},"geometry":{"type":"LineString","coordinates":[[-72.09186,-36.54684],[-72.09426,-36.55354]]}},{"type":"Feature","properties":{"nombre":"Emmanuel","jerarquia":5},"geometry":{"type":"LineString","coordinates":[[-72.06884,-36.58958],[-72.06875,-36.58993]]}},{"type":"Feature","properties":{"nombre":"Diego Portales","jerarquia":4},"geometry":{"type":"LineString","coordinates":[[-72.08749,-36.60762],[-72.08921,-36.60753]]}},{"type":"Feature","properties":{"nombre":"Diego Portales","jerarquia":4},"geometry":{"type":"LineString","coordinates":[[-72.08921,-36.60753],[-72.09083,-36.60746]]}},{"type":"Feature","properties":{"nombre":"Diego Portales","jerarquia":4},"geometry":{"type":"LineString","coordinates":[[-72.09083,-36.60746],[-72.09252,-36.60734]]}},{"type":"Feature","properties":{"nombre":"Bulnes","jerarquia":4},"geometry":{"type":"LineString","coordinates":[[-72.09252,-36.60734],[-72.09272,-36.60729]]}},{"type":"Feature","properties":{"nombre":"Maipón","jerarquia":5},"geometry":{"type":"LineString","coordinates":[[-72.09438,-36.61223],[-72.09457,-36.61218]]}},{"type":"Feature","properties":{"nombre":"Maipón","jerarquia":5},"geometry":{"type":"LineString","coordinates":[[-72.09457,-36.61218],[-72.09609,-36.61182]]}},{"type":"Feature","properties":{"nombre":"Maipón","jerarquia":5},"geometry":{"type":"LineString","coordinates":[[-72.09609,-36.61182],[-72.0976,-36.61144]]}},{"type":"Feature","properties":{"nombre":"Variante Nahueltoro","jerarquia":4},"geometry":{"type":"LineString","coordinates":[[-72.08402,-36.56299],[-72.08231,-36.56331]]}},{"type":"Feature","properties":{"nombre":"Variante Nahueltoro","jerarquia":4},"geometry":{"type":"LineString","coordinates":[[-72.08231,-36.56331],[-72.08093,-36.56383],[-72.07616,-36.56585]]}},{"type":"Feature","properties":{"nombre":"Variante Nahueltoro","jerarquia":4},"geometry":{"type":"LineString","coordinates":[[-72.07616,-36.56585],[-72.0705,-36.56825]]}},{"type":"Feature","properties":{"nombre":"Variante Nahueltoro","jerarquia":4},"geometry":{"type":"LineString","coordinates":[[-72.0705,-36.56825],[-72.06978,-36.56842],[-72.06363,-36.56946]]}},{"type":"Feature","properties":{"nombre":"Variante Nahueltoro","jerarquia":4},"geometry":{"type":"LineString","coordinates":[[-72.06363,-36.56946],[-72.06125,-36.56983]]}},{"type":"Feature","properties":{"nombre":"Variante Nahueltoro","jerarquia":4},"geometry":{"type":"LineString","coordinates":[[-72.06125,-36.56983],[-72.05767,-36.5704]]}},{"type":"Feature","properties":{"nombre":"Variante Nahueltoro","jerarquia":4},"geometry":{"type":"LineString","coordinates":[[-72.05767,-36.5704],[-72.05098,-36.57153]]}},{"type":"Feature","properties":{"nombre":"Avenida Libertador Bernardo O'Higgins","jerarquia":3},"geometry":{"type":"LineString","coordinates":[[-72.10615,-36.59854],[-72.10608,-36.59842]]}},{"type":"Feature","properties":{"nombre":"20 de Agosto","jerarquia":5},"geometry":{"type":"LineString","coordinates":[[-72.13237,-36.62226],[-72.13262,-36.6232]]}},{"type":"Feature","properties":{"nombre":"20 de Agosto","jerarquia":5},"geometry":{"type":"LineString","coordinates":[[-72.13262,-36.6232],[-72.13268,-36.62346]]}},{"type":"Feature","properties":{"nombre":"Arturo Prat","jerarquia":5},"geometry":{"type":"LineString","coordinates":[[-72.11366,-36.60889],[-72.11337,-36.60896]]}},{"type":"Feature","properties":{"nombre":"Arturo Prat","jerarquia":5},"geometry":{"type":"LineString","coordinates":[[-72.11337,-36.60896],[-72.11184,-36.60933]]}},{"type":"Feature","properties":{"nombre":"Arturo Prat","jerarquia":5},"geometry":{"type":"LineString","coordinates":[[-72.11184,-36.60933],[-72.11145,-36.60943]]}},{"type":"Feature","properties":{"nombre":"Arturo Prat","jerarquia":5},"geometry":{"type":"LineString","coordinates":[[-72.11145,-36.60943],[-72.11127,-36.60947]]}},{"type":"Feature","properties":{"nombre":"Arturo Prat","jerarquia":5},"geometry":{"type":"LineString","coordinates":[[-72.11127,-36.60947],[-72.1108,-36.60958]]}},{"type":"Feature","properties":{"nombre":"Arturo Prat","jerarquia":5},"geometry":{"type":"LineString","coordinates":[[-72.1108,-36.60958],[-72.11034,-36.6097]]}},{"type":"Feature","properties":{"nombre":"Carrera","jerarquia":5},"geometry":{"type":"LineString","coordinates":[[-72.1031,-36.59931],[-72.10359,-36.60059]]}},{"type":"Feature","properties":{"nombre":"Carrera","jerarquia":5},"geometry":{"type":"LineString","coordinates":[[-72.10359,-36.60059],[-72.10403,-36.60179]]}},{"type":"Feature","properties":{"nombre":"Carrera","jerarquia":5},"geometry":{"type":"LineString","coordinates":[[-72.10403,-36.60179],[-72.10405,-36.60182]]}},{"type":"Feature","properties":{"nombre":"Carrera","jerarquia":5},"geometry":{"type":"LineString","coordinates":[[-72.10405,-36.60182],[-72.10451,-36.60306]]}},{"type":"Feature","properties":{"nombre":"Carrera","jerarquia":5},"geometry":{"type":"LineString","coordinates":[[-72.10451,-36.60306],[-72.10497,-36.60429]]}},{"type":"Feature","properties":{"nombre":"Carrera","jerarquia":5},"geometry":{"type":"LineString","coordinates":[[-72.10497,-36.60429],[-72.10543,-36.60551]]}},{"type":"Feature","properties":{"nombre":"Cocharcas","jerarquia":4},"geometry":{"type":"LineString","coordinates":[[-72.11413,-36.61013],[-72.11385,-36.6102]]}},{"type":"Feature","properties":{"nombre":"Avenida Brasil","jerarquia":4},"geometry":{"type":"LineString","coordinates":[[-72.11385,-36.6102],[-72.11337,-36.60896]]}},{"type":"Feature","properties":{"nombre":"Avenida Brasil","jerarquia":4},"geometry":{"type":"LineString","coordinates":[[-72.11337,-36.60896],[-72.11309,-36.60821]]}},{"type":"Feature","properties":{"nombre":"Avenida Brasil","jerarquia":4},"geometry":{"type":"LineString","coordinates":[[-72.11309,-36.60821],[-72.11292,-36.60777]]}},{"type":"Feature","properties":{"nombre":"","jerarquia":3},"geometry":{"type":"LineString","coordinates":[[-72.11342,-36.61476],[-72.1134,-36.61482]]}},{"type":"Feature","properties":{"nombre":"","jerarquia":3},"geometry":{"type":"LineString","coordinates":[[-72.1134,-36.61482],[-72.11338,-36.61485]]}},{"type":"Feature","properties":{"nombre":"Avenida Padre Alberto Hurtado","jerarquia":5},"geometry":{"type":"LineString","coordinates":[[-72.09299,-36.588],[-72.09393,-36.58907]]}},{"type":"Feature","properties":{"nombre":"Avenida Padre Alberto Hurtado","jerarquia":5},"geometry":{"type":"LineString","coordinates":[[-72.09393,-36.58907],[-72.09476,-36.58997]]}},{"type":"Feature","properties":{"nombre":"Avenida Padre Alberto Hurtado","jerarquia":5},"geometry":{"type":"LineString","coordinates":[[-72.09476,-36.58997],[-72.09522,-36.59047]]}},{"type":"Feature","properties":{"nombre":"Avenida Padre Alberto Hurtado","jerarquia":5},"geometry":{"type":"LineString","coordinates":[[-72.09522,-36.59047],[-72.09604,-36.59135]]}},{"type":"Feature","properties":{"nombre":"Avenida Padre Alberto Hurtado","jerarquia":5},"geometry":{"type":"LineString","coordinates":[[-72.09604,-36.59135],[-72.0961,-36.59142]]}},{"type":"Feature","properties":{"nombre":"Avenida Padre Alberto Hurtado","jerarquia":5},"geometry":{"type":"LineString","coordinates":[[-72.0961,-36.59142],[-72.0969,-36.59228]]}},{"type":"Feature","properties":{"nombre":"Los Peumos","jerarquia":5},"geometry":{"type":"LineString","coordinates":[[-72.10258,-36.59097],[-72.10191,-36.5911]]}},{"type":"Feature","properties":{"nombre":"Los Peumos","jerarquia":5},"geometry":{"type":"LineString","coordinates":[[-72.10191,-36.5911],[-72.10156,-36.59117]]}},{"type":"Feature","properties":{"nombre":"Los Peumos","jerarquia":5},"geometry":{"type":"LineString","coordinates":[[-72.10156,-36.59117],[-72.10145,-36.59119]]}},{"type":"Feature","properties":{"nombre":"Los Peumos","jerarquia":5},"geometry":{"type":"LineString","coordinates":[[-72.10145,-36.59119],[-72.10128,-36.59123]]}},{"type":"Feature","properties":{"nombre":"Los Peumos","jerarquia":5},"geometry":{"type":"LineString","coordinates":[[-72.10128,-36.59123],[-72.1012,-36.59124]]}},{"type":"Feature","properties":{"nombre":"Los Peumos","jerarquia":5},"geometry":{"type":"LineString","coordinates":[[-72.1012,-36.59124],[-72.10087,-36.59131]]}},{"type":"Feature","properties":{"nombre":"Los Peumos","jerarquia":5},"geometry":{"type":"LineString","coordinates":[[-72.10087,-36.59131],[-72.10045,-36.59139]]}},{"type":"Feature","properties":{"nombre":"Los Peumos","jerarquia":5},"geometry":{"type":"LineString","coordinates":[[-72.10045,-36.59139],[-72.10025,-36.59143]]}},{"type":"Feature","properties":{"nombre":"Los Peumos","jerarquia":5},"geometry":{"type":"LineString","coordinates":[[-72.10025,-36.59143],[-72.09949,-36.59157]]}},{"type":"Feature","properties":{"nombre":"Los Peumos","jerarquia":5},"geometry":{"type":"LineString","coordinates":[[-72.09949,-36.59157],[-72.09873,-36.59172]]}},{"type":"Feature","properties":{"nombre":"Los Peumos","jerarquia":5},"geometry":{"type":"LineString","coordinates":[[-72.09873,-36.59172],[-72.09758,-36.59195]]}},{"type":"Feature","properties":{"nombre":"Avenida Vicente Méndez","jerarquia":4},"geometry":{"type":"LineString","coordinates":[[-72.08376,-36.59054],[-72.08335,-36.5901],[-72.08288,-36.58972],[-72.08235,-36.58939],[-72.08183,-36.58915]]}},{"type":"Feature","properties":{"nombre":"Avenida Vicente Méndez","jerarquia":4},"geometry":{"type":"LineString","coordinates":[[-72.08491,-36.59231],[-72.08548,-36.59334]]}},{"type":"Feature","properties":{"nombre":"Avenida Vicente Méndez","jerarquia":4},"geometry":{"type":"LineString","coordinates":[[-72.08548,-36.59334],[-72.08566,-36.59366]]}},{"type":"Feature","properties":{"nombre":"Avenida Vicente Méndez","jerarquia":4},"geometry":{"type":"LineString","coordinates":[[-72.08566,-36.59366],[-72.08727,-36.59658],[-72.08763,-36.59713]]}},{"type":"Feature","properties":{"nombre":"Avenida Vicente Méndez","jerarquia":4},"geometry":{"type":"LineString","coordinates":[[-72.08763,-36.59713],[-72.08769,-36.59724]]}},{"type":"Feature","properties":{"nombre":"Chacabuco","jerarquia":5},"geometry":{"type":"LineString","coordinates":[[-72.08991,-36.601],[-72.08945,-36.6012]]}},{"type":"Feature","properties":{"nombre":"Chacabuco","jerarquia":5},"geometry":{"type":"LineString","coordinates":[[-72.08945,-36.6012],[-72.08861,-36.60155]]}},{"type":"Feature","properties":{"nombre":"Chacabuco","jerarquia":5},"geometry":{"type":"LineString","coordinates":[[-72.08861,-36.60155],[-72.08813,-36.60176]]}},{"type":"Feature","properties":{"nombre":"Variante Collín","jerarquia":4},"geometry":{"type":"LineString","coordinates":[[-72.09623,-36.61753],[-72.09624,-36.61737]]}},{"type":"Feature","properties":{"nombre":"Avenida Libertad","jerarquia":4},"geometry":{"type":"LineString","coordinates":[[-72.11181,-36.60394],[-72.11156,-36.60402]]}},{"type":"Feature","properties":{"nombre":"Avenida Libertad","jerarquia":4},"geometry":{"type":"LineString","coordinates":[[-72.11156,-36.60402],[-72.11153,-36.60403]]}},{"type":"Feature","properties":{"nombre":"18 de Septiembre","jerarquia":5},"geometry":{"type":"LineString","coordinates":[[-72.10703,-36.61434],[-72.10696,-36.61415]]}},{"type":"Feature","properties":{"nombre":"18 de Septiembre","jerarquia":5},"geometry":{"type":"LineString","coordinates":[[-72.10696,-36.61415],[-72.10664,-36.61327]]}},{"type":"Feature","properties":{"nombre":"18 de Septiembre","jerarquia":5},"geometry":{"type":"LineString","coordinates":[[-72.10664,-36.61327],[-72.10623,-36.61217]]}},{"type":"Feature","properties":{"nombre":"18 de Septiembre","jerarquia":5},"geometry":{"type":"LineString","coordinates":[[-72.10623,-36.61217],[-72.10618,-36.61205]]}},{"type":"Feature","properties":{"nombre":"18 de Septiembre","jerarquia":5},"geometry":{"type":"LineString","coordinates":[[-72.10618,-36.61205],[-72.10572,-36.61081]]}},{"type":"Feature","properties":{"nombre":"18 de Septiembre","jerarquia":5},"geometry":{"type":"LineString","coordinates":[[-72.10572,-36.61081],[-72.10556,-36.61039]]}},{"type":"Feature","properties":{"nombre":"18 de Septiembre","jerarquia":5},"geometry":{"type":"LineString","coordinates":[[-72.10556,-36.61039],[-72.10526,-36.60959]]}},{"type":"Feature","properties":{"nombre":"Carrera","jerarquia":5},"geometry":{"type":"LineString","coordinates":[[-72.10859,-36.61402],[-72.10869,-36.61429]]}},{"type":"Feature","properties":{"nombre":"18 de Septiembre","jerarquia":5},"geometry":{"type":"LineString","coordinates":[[-72.10726,-36.61472],[-72.1071,-36.61451]]}},{"type":"Feature","properties":{"nombre":"Isabel Riquelme","jerarquia":5},"geometry":{"type":"LineString","coordinates":[[-72.10232,-36.61506],[-72.10253,-36.61562]]}},{"type":"Feature","properties":{"nombre":"Isabel Riquelme","jerarquia":5},"geometry":{"type":"LineString","coordinates":[[-72.10253,-36.61562],[-72.10261,-36.61582]]}},{"type":"Feature","properties":{"nombre":"Isabel Riquelme","jerarquia":5},"geometry":{"type":"LineString","coordinates":[[-72.10224,-36.61483],[-72.10232,-36.61506]]}},{"type":"Feature","properties":{"nombre":"Avenida Collín","jerarquia":3},"geometry":{"type":"LineString","coordinates":[[-72.10873,-36.61437],[-72.10931,-36.61422]]}},{"type":"Feature","properties":{"nombre":"Avenida Collín","jerarquia":3},"geometry":{"type":"LineString","coordinates":[[-72.10726,-36.61472],[-72.10629,-36.61495]]}},{"type":"Feature","properties":{"nombre":"Avenida Collín","jerarquia":3},"geometry":{"type":"LineString","coordinates":[[-72.10629,-36.61495],[-72.10566,-36.6151]]}},{"type":"Feature","properties":{"nombre":"Avenida Collín","jerarquia":3},"geometry":{"type":"LineString","coordinates":[[-72.10566,-36.6151],[-72.10413,-36.61546]]}},{"type":"Feature","properties":{"nombre":"Avenida Collín","jerarquia":3},"geometry":{"type":"LineString","coordinates":[[-72.10413,-36.61546],[-72.10411,-36.61547]]}},{"type":"Feature","properties":{"nombre":"Avenida Collín","jerarquia":3},"geometry":{"type":"LineString","coordinates":[[-72.10411,-36.61547],[-72.10397,-36.6155]]}},{"type":"Feature","properties":{"nombre":"Avenida Collín","jerarquia":3},"geometry":{"type":"LineString","coordinates":[[-72.10397,-36.6155],[-72.10351,-36.61561]]}},{"type":"Feature","properties":{"nombre":"Avenida Collín","jerarquia":3},"geometry":{"type":"LineString","coordinates":[[-72.10351,-36.61561],[-72.10261,-36.61582]]}},{"type":"Feature","properties":{"nombre":"Pedro Aguirre Cerda","jerarquia":5},"geometry":{"type":"LineString","coordinates":[[-72.10826,-36.61598],[-72.10774,-36.61461]]}},{"type":"Feature","properties":{"nombre":"Avenida Vicente Méndez","jerarquia":4},"geometry":{"type":"LineString","coordinates":[[-72.09038,-36.60175],[-72.09064,-36.60213]]}},{"type":"Feature","properties":{"nombre":"Avenida Vicente Méndez","jerarquia":4},"geometry":{"type":"LineString","coordinates":[[-72.09064,-36.60213],[-72.09071,-36.60222]]}},{"type":"Feature","properties":{"nombre":"Avenida Ecuador","jerarquia":3},"geometry":{"type":"LineString","coordinates":[[-72.09059,-36.60227],[-72.09071,-36.60222]]}},{"type":"Feature","properties":{"nombre":"Avenida Libertador Bernardo O'Higgins","jerarquia":3},"geometry":{"type":"LineString","coordinates":[[-72.11172,-36.61344],[-72.11164,-36.61323]]}},{"type":"Feature","properties":{"nombre":"Avenida Vicente Méndez","jerarquia":4},"geometry":{"type":"LineString","coordinates":[[-72.07573,-36.58943],[-72.07582,-36.58941]]}},{"type":"Feature","properties":{"nombre":"Avenida Vicente Méndez","jerarquia":4},"geometry":{"type":"LineString","coordinates":[[-72.07582,-36.58941],[-72.07695,-36.58923]]}},{"type":"Feature","properties":{"nombre":"Avenida Vicente Méndez","jerarquia":4},"geometry":{"type":"LineString","coordinates":[[-72.07695,-36.58923],[-72.07836,-36.589]]}},{"type":"Feature","properties":{"nombre":"Avenida Vicente Méndez","jerarquia":4},"geometry":{"type":"LineString","coordinates":[[-72.07836,-36.589],[-72.07849,-36.58898]]}},{"type":"Feature","properties":{"nombre":"Emmanuel","jerarquia":5},"geometry":{"type":"LineString","coordinates":[[-72.07597,-36.5869],[-72.07585,-36.58694]]}},{"type":"Feature","properties":{"nombre":"Emmanuel","jerarquia":5},"geometry":{"type":"LineString","coordinates":[[-72.07585,-36.58694],[-72.07568,-36.58701]]}},{"type":"Feature","properties":{"nombre":"Emmanuel","jerarquia":5},"geometry":{"type":"LineString","coordinates":[[-72.07568,-36.58701],[-72.07556,-36.58705]]}},{"type":"Feature","properties":{"nombre":"Emmanuel","jerarquia":5},"geometry":{"type":"LineString","coordinates":[[-72.07556,-36.58705],[-72.07502,-36.58726]]}},{"type":"Feature","properties":{"nombre":"Emmanuel","jerarquia":5},"geometry":{"type":"LineString","coordinates":[[-72.07502,-36.58726],[-72.07449,-36.58746]]}},{"type":"Feature","properties":{"nombre":"Emmanuel","jerarquia":5},"geometry":{"type":"LineString","coordinates":[[-72.07449,-36.58746],[-72.07383,-36.5877]]}},{"type":"Feature","properties":{"nombre":"Emmanuel","jerarquia":5},"geometry":{"type":"LineString","coordinates":[[-72.07383,-36.5877],[-72.0733,-36.5879]]}},{"type":"Feature","properties":{"nombre":"Emmanuel","jerarquia":5},"geometry":{"type":"LineString","coordinates":[[-72.0733,-36.5879],[-72.07262,-36.58816]]}},{"type":"Feature","properties":{"nombre":"Emmanuel","jerarquia":5},"geometry":{"type":"LineString","coordinates":[[-72.07262,-36.58816],[-72.0721,-36.58835]]}},{"type":"Feature","properties":{"nombre":"Emmanuel","jerarquia":5},"geometry":{"type":"LineString","coordinates":[[-72.0721,-36.58835],[-72.07143,-36.5886]]}},{"type":"Feature","properties":{"nombre":"Emmanuel","jerarquia":5},"geometry":{"type":"LineString","coordinates":[[-72.07143,-36.5886],[-72.0709,-36.5888]]}},{"type":"Feature","properties":{"nombre":"Emmanuel","jerarquia":5},"geometry":{"type":"LineString","coordinates":[[-72.0709,-36.5888],[-72.07025,-36.58905]]}},{"type":"Feature","properties":{"nombre":"Emmanuel","jerarquia":5},"geometry":{"type":"LineString","coordinates":[[-72.07025,-36.58905],[-72.06971,-36.58925]]}},{"type":"Feature","properties":{"nombre":"Emmanuel","jerarquia":5},"geometry":{"type":"LineString","coordinates":[[-72.06971,-36.58925],[-72.06906,-36.58949]]}},{"type":"Feature","properties":{"nombre":"Emmanuel","jerarquia":5},"geometry":{"type":"LineString","coordinates":[[-72.06906,-36.58949],[-72.06884,-36.58958]]}},{"type":"Feature","properties":{"nombre":"Arturo Matte","jerarquia":5},"geometry":{"type":"LineString","coordinates":[[-72.10776,-36.5945],[-72.1076,-36.59454]]}},{"type":"Feature","properties":{"nombre":"Arturo Matte","jerarquia":5},"geometry":{"type":"LineString","coordinates":[[-72.1076,-36.59454],[-72.10696,-36.59473]]}},{"type":"Feature","properties":{"nombre":"Arturo Matte","jerarquia":5},"geometry":{"type":"LineString","coordinates":[[-72.10696,-36.59473],[-72.10638,-36.5949]]}},{"type":"Feature","properties":{"nombre":"Arturo Matte","jerarquia":5},"geometry":{"type":"LineString","coordinates":[[-72.10638,-36.5949],[-72.10577,-36.59508]]}},{"type":"Feature","properties":{"nombre":"Arturo Matte","jerarquia":5},"geometry":{"type":"LineString","coordinates":[[-72.10577,-36.59508],[-72.10508,-36.59529]]}},{"type":"Feature","properties":{"nombre":"Avenida Vicente Méndez","jerarquia":4},"geometry":{"type":"LineString","coordinates":[[-72.07856,-36.58903],[-72.07698,-36.58929]]}},{"type":"Feature","properties":{"nombre":"Avenida Vicente Méndez","jerarquia":4},"geometry":{"type":"LineString","coordinates":[[-72.07698,-36.58929],[-72.0759,-36.58946]]}},{"type":"Feature","properties":{"nombre":"Avenida Vicente Méndez","jerarquia":4},"geometry":{"type":"LineString","coordinates":[[-72.0759,-36.58946],[-72.07587,-36.58947]]}},{"type":"Feature","properties":{"nombre":"Avenida Vicente Méndez","jerarquia":4},"geometry":{"type":"LineString","coordinates":[[-72.07587,-36.58947],[-72.07578,-36.58948]]}},{"type":"Feature","properties":{"nombre":"Avenida Vicente Méndez","jerarquia":4},"geometry":{"type":"LineString","coordinates":[[-72.07578,-36.58948],[-72.0751,-36.58959]]}},{"type":"Feature","properties":{"nombre":"Avenida Paul Harris","jerarquia":4},"geometry":{"type":"LineString","coordinates":[[-72.08546,-36.59111],[-72.08556,-36.59107]]}},{"type":"Feature","properties":{"nombre":"Avenida Paul Harris","jerarquia":4},"geometry":{"type":"LineString","coordinates":[[-72.08556,-36.59107],[-72.08563,-36.59104]]}},{"type":"Feature","properties":{"nombre":"Avenida Paul Harris","jerarquia":4},"geometry":{"type":"LineString","coordinates":[[-72.08563,-36.59104],[-72.08633,-36.59075]]}},{"type":"Feature","properties":{"nombre":"Avenida Paul Harris","jerarquia":4},"geometry":{"type":"LineString","coordinates":[[-72.08633,-36.59075],[-72.08639,-36.59073]]}},{"type":"Feature","properties":{"nombre":"Avenida Paul Harris","jerarquia":4},"geometry":{"type":"LineString","coordinates":[[-72.08639,-36.59073],[-72.08712,-36.59042]]}},{"type":"Feature","properties":{"nombre":"Avenida Paul Harris","jerarquia":4},"geometry":{"type":"LineString","coordinates":[[-72.08712,-36.59042],[-72.08727,-36.59036]]}},{"type":"Feature","properties":{"nombre":"Avenida Paul Harris","jerarquia":4},"geometry":{"type":"LineString","coordinates":[[-72.08727,-36.59036],[-72.08737,-36.59032]]}},{"type":"Feature","properties":{"nombre":"Avenida Paul Harris","jerarquia":4},"geometry":{"type":"LineString","coordinates":[[-72.08737,-36.59032],[-72.08984,-36.5893]]}},{"type":"Feature","properties":{"nombre":"Avenida Paul Harris","jerarquia":4},"geometry":{"type":"LineString","coordinates":[[-72.08984,-36.5893],[-72.09042,-36.58906]]}},{"type":"Feature","properties":{"nombre":"Avenida Paul Harris","jerarquia":4},"geometry":{"type":"LineString","coordinates":[[-72.09042,-36.58906],[-72.09114,-36.58877]]}},{"type":"Feature","properties":{"nombre":"Avenida Paul Harris","jerarquia":4},"geometry":{"type":"LineString","coordinates":[[-72.09114,-36.58877],[-72.09299,-36.588]]}},{"type":"Feature","properties":{"nombre":"Avenida Brasil","jerarquia":4},"geometry":{"type":"LineString","coordinates":[[-72.1144,-36.61167],[-72.11431,-36.61143]]}},{"type":"Feature","properties":{"nombre":"Avenida Brasil","jerarquia":4},"geometry":{"type":"LineString","coordinates":[[-72.11431,-36.61143],[-72.11385,-36.6102]]}},{"type":"Feature","properties":{"nombre":"Avenida Brasil","jerarquia":4},"geometry":{"type":"LineString","coordinates":[[-72.11451,-36.61196],[-72.1144,-36.61167]]}},{"type":"Feature","properties":{"nombre":"Ruta 5 Sur","jerarquia":1},"geometry":{"type":"LineString","coordinates":[[-72.15495,-36.61542],[-72.15492,-36.61522]]}},{"type":"Feature","properties":{"nombre":"Ruta 5 Sur","jerarquia":1},"geometry":{"type":"LineString","coordinates":[[-72.14848,-36.60804],[-72.14816,-36.60782]]}},{"type":"Feature","properties":{"nombre":"Ruta 5 Sur","jerarquia":1},"geometry":{"type":"LineString","coordinates":[[-72.15262,-36.61077],[-72.15321,-36.61128],[-72.15364,-36.61174],[-72.15407,-36.6123],[-72.15445,-36.61293],[-72.15487,-36.61397],[-72.1551,-36.61525]]}},{"type":"Feature","properties":{"nombre":"Ruta 5 Sur","jerarquia":1},"geometry":{"type":"LineString","coordinates":[[-72.14845,-36.60783],[-72.14883,-36.60809]]}},{"type":"Feature","properties":{"nombre":"Avenida Doctor José María Sepúlveda Bustos","jerarquia":5},"geometry":{"type":"LineString","coordinates":[[-72.12293,-36.60396],[-72.12266,-36.60392]]}},{"type":"Feature","properties":{"nombre":"Avenida Collín","jerarquia":4},"geometry":{"type":"LineString","coordinates":[[-72.1123,-36.61346],[-72.1148,-36.61274]]}},{"type":"Feature","properties":{"nombre":"","jerarquia":1},"geometry":{"type":"LineString","coordinates":[[-72.16428,-36.62539],[-72.16405,-36.6252],[-72.16373,-36.62517],[-72.16345,-36.62527],[-72.16318,-36.62551]]}},{"type":"Feature","properties":{"nombre":"","jerarquia":1},"geometry":{"type":"LineString","coordinates":[[-72.16428,-36.62539],[-72.16439,-36.62555],[-72.16444,-36.62604],[-72.16455,-36.62628],[-72.16475,-36.6265],[-72.16515,-36.62673]]}},{"type":"Feature","properties":{"nombre":"","jerarquia":1},"geometry":{"type":"LineString","coordinates":[[-72.16338,-36.62584],[-72.1638,-36.62594],[-72.16411,-36.62588],[-72.1643,-36.62567],[-72.16428,-36.62539]]}},{"type":"Feature","properties":{"nombre":"","jerarquia":1},"geometry":{"type":"LineString","coordinates":[[-72.16318,-36.62551],[-72.1628,-36.62586]]}},{"type":"Feature","properties":{"nombre":"","jerarquia":1},"geometry":{"type":"LineString","coordinates":[[-72.1628,-36.62586],[-72.1626,-36.62601]]}},{"type":"Feature","properties":{"nombre":"","jerarquia":1},"geometry":{"type":"LineString","coordinates":[[-72.16135,-36.62598],[-72.1613,-36.62579],[-72.16135,-36.6256]]}},{"type":"Feature","properties":{"nombre":"","jerarquia":1},"geometry":{"type":"LineString","coordinates":[[-72.16277,-36.62555],[-72.16219,-36.62533],[-72.16197,-36.62535],[-72.16178,-36.62544],[-72.16167,-36.6256],[-72.16167,-36.62581],[-72.16179,-36.62597],[-72.16208,-36.62609]]}},{"type":"Feature","properties":{"nombre":"","jerarquia":1},"geometry":{"type":"LineString","coordinates":[[-72.16208,-36.62609],[-72.16225,-36.6261]]}},{"type":"Feature","properties":{"nombre":"Avenida Libertador Bernardo O'Higgins","jerarquia":3},"geometry":{"type":"LineString","coordinates":[[-72.15351,-36.62419],[-72.15455,-36.62434],[-72.15854,-36.62532]]}},{"type":"Feature","properties":{"nombre":"","jerarquia":1},"geometry":{"type":"LineString","coordinates":[[-72.1668,-36.62729],[-72.16513,-36.62698],[-72.16154,-36.62617]]}},{"type":"Feature","properties":{"nombre":"","jerarquia":1},"geometry":{"type":"LineString","coordinates":[[-72.1602,-36.62573],[-72.16091,-36.62576],[-72.16135,-36.6256]]}},{"type":"Feature","properties":{"nombre":"Avenida Mariscal Ruiz de Gamboa","jerarquia":3},"geometry":{"type":"LineString","coordinates":[[-72.12466,-36.60971],[-72.12548,-36.61068]]}},{"type":"Feature","properties":{"nombre":"Avenida Mariscal Ruiz de Gamboa","jerarquia":3},"geometry":{"type":"LineString","coordinates":[[-72.12548,-36.61068],[-72.1259,-36.61124]]}},{"type":"Feature","properties":{"nombre":"Avenida Mariscal Ruiz de Gamboa","jerarquia":3},"geometry":{"type":"LineString","coordinates":[[-72.1259,-36.61124],[-72.12693,-36.61262]]}},{"type":"Feature","properties":{"nombre":"Juan Martínez de Rozas","jerarquia":5},"geometry":{"type":"LineString","coordinates":[[-72.13268,-36.62346],[-72.13238,-36.6235]]}},{"type":"Feature","properties":{"nombre":"Juan Martínez de Rozas","jerarquia":5},"geometry":{"type":"LineString","coordinates":[[-72.13238,-36.6235],[-72.13151,-36.62361]]}},{"type":"Feature","properties":{"nombre":"Juan Martínez de Rozas","jerarquia":5},"geometry":{"type":"LineString","coordinates":[[-72.13151,-36.62361],[-72.13125,-36.62364]]}},{"type":"Feature","properties":{"nombre":"Juan Martínez de Rozas","jerarquia":5},"geometry":{"type":"LineString","coordinates":[[-72.13125,-36.62364],[-72.13117,-36.62365]]}},{"type":"Feature","properties":{"nombre":"Juan Martínez de Rozas","jerarquia":5},"geometry":{"type":"LineString","coordinates":[[-72.13117,-36.62365],[-72.12975,-36.62386]]}},{"type":"Feature","properties":{"nombre":"Juan Martínez de Rozas","jerarquia":5},"geometry":{"type":"LineString","coordinates":[[-72.12975,-36.62386],[-72.12966,-36.62387]]}},{"type":"Feature","properties":{"nombre":"Sotomayor","jerarquia":5},"geometry":{"type":"LineString","coordinates":[[-72.12488,-36.62332],[-72.12343,-36.62353]]}},{"type":"Feature","properties":{"nombre":"Sotomayor","jerarquia":5},"geometry":{"type":"LineString","coordinates":[[-72.12343,-36.62353],[-72.12336,-36.62353]]}},{"type":"Feature","properties":{"nombre":"Ángel Parra","jerarquia":5},"geometry":{"type":"LineString","coordinates":[[-72.13117,-36.62365],[-72.1311,-36.62339]]}},{"type":"Feature","properties":{"nombre":"Ángel Parra","jerarquia":5},"geometry":{"type":"LineString","coordinates":[[-72.1311,-36.62339],[-72.13089,-36.62254]]}},{"type":"Feature","properties":{"nombre":"Ángel Parra","jerarquia":5},"geometry":{"type":"LineString","coordinates":[[-72.13089,-36.62254],[-72.13087,-36.62247]]}},{"type":"Feature","properties":{"nombre":"Humberto Rodríguez","jerarquia":5},"geometry":{"type":"LineString","coordinates":[[-72.14098,-36.62277],[-72.14097,-36.62284]]}},{"type":"Feature","properties":{"nombre":"Humberto Rodríguez","jerarquia":5},"geometry":{"type":"LineString","coordinates":[[-72.14097,-36.62284],[-72.14096,-36.62287]]}},{"type":"Feature","properties":{"nombre":"General Velásquez","jerarquia":5},"geometry":{"type":"LineString","coordinates":[[-72.12389,-36.61975],[-72.12537,-36.61949]]}},{"type":"Feature","properties":{"nombre":"Luis Araneda","jerarquia":5},"geometry":{"type":"LineString","coordinates":[[-72.13541,-36.62183],[-72.1357,-36.62304]]}},{"type":"Feature","properties":{"nombre":"Luis Araneda","jerarquia":5},"geometry":{"type":"LineString","coordinates":[[-72.1357,-36.62304],[-72.136,-36.62423]]}},{"type":"Feature","properties":{"nombre":"Luis Araneda","jerarquia":5},"geometry":{"type":"LineString","coordinates":[[-72.136,-36.62423],[-72.13615,-36.62476]]}},{"type":"Feature","properties":{"nombre":"Luis Araneda","jerarquia":5},"geometry":{"type":"LineString","coordinates":[[-72.13615,-36.62476],[-72.13632,-36.62543]]}},{"type":"Feature","properties":{"nombre":"Serrano","jerarquia":5},"geometry":{"type":"LineString","coordinates":[[-72.13625,-36.631],[-72.1362,-36.63078]]}},{"type":"Feature","properties":{"nombre":"Serrano","jerarquia":5},"geometry":{"type":"LineString","coordinates":[[-72.1362,-36.63078],[-72.13612,-36.63048]]}},{"type":"Feature","properties":{"nombre":"Serrano","jerarquia":5},"geometry":{"type":"LineString","coordinates":[[-72.13612,-36.63048],[-72.13591,-36.62971]]}},{"type":"Feature","properties":{"nombre":"Serrano","jerarquia":5},"geometry":{"type":"LineString","coordinates":[[-72.13591,-36.62971],[-72.13581,-36.62931]]}},{"type":"Feature","properties":{"nombre":"Avenida Baquedano","jerarquia":3},"geometry":{"type":"LineString","coordinates":[[-72.12264,-36.62101],[-72.12274,-36.62128]]}},{"type":"Feature","properties":{"nombre":"Tomás Yávar","jerarquia":5},"geometry":{"type":"LineString","coordinates":[[-72.12398,-36.62593],[-72.125,-36.62578]]}},{"type":"Feature","properties":{"nombre":"Tomás Yávar","jerarquia":5},"geometry":{"type":"LineString","coordinates":[[-72.125,-36.62578],[-72.12549,-36.62571]]}},{"type":"Feature","properties":{"nombre":"Conde de Maule","jerarquia":5},"geometry":{"type":"LineString","coordinates":[[-72.13059,-36.62747],[-72.13204,-36.62728]]}},{"type":"Feature","properties":{"nombre":"Conde de Maule","jerarquia":5},"geometry":{"type":"LineString","coordinates":[[-72.13204,-36.62728],[-72.13212,-36.62727]]}},{"type":"Feature","properties":{"nombre":"Conde de Maule","jerarquia":5},"geometry":{"type":"LineString","coordinates":[[-72.13212,-36.62727],[-72.13361,-36.62706]]}},{"type":"Feature","properties":{"nombre":"Conde de Maule","jerarquia":5},"geometry":{"type":"LineString","coordinates":[[-72.13361,-36.62706],[-72.13512,-36.62685]]}},{"type":"Feature","properties":{"nombre":"Mariano Egaña","jerarquia":5},"geometry":{"type":"LineString","coordinates":[[-72.13407,-36.63986],[-72.13387,-36.63886]]}},{"type":"Feature","properties":{"nombre":"Mariano Egaña","jerarquia":5},"geometry":{"type":"LineString","coordinates":[[-72.13387,-36.63886],[-72.13354,-36.63758],[-72.13303,-36.63665],[-72.13284,-36.63623]]}},{"type":"Feature","properties":{"nombre":"Ángel Parra","jerarquia":5},"geometry":{"type":"LineString","coordinates":[[-72.1334,-36.63211],[-72.13311,-36.63094]]}},{"type":"Feature","properties":{"nombre":"Ángel Parra","jerarquia":5},"geometry":{"type":"LineString","coordinates":[[-72.13311,-36.63094],[-72.13309,-36.63089]]}},{"type":"Feature","properties":{"nombre":"Antonio Varas","jerarquia":5},"geometry":{"type":"LineString","coordinates":[[-72.14082,-36.62506],[-72.14061,-36.6251]]}},{"type":"Feature","properties":{"nombre":"Antonio Varas","jerarquia":5},"geometry":{"type":"LineString","coordinates":[[-72.14061,-36.6251],[-72.13998,-36.62509]]}},{"type":"Feature","properties":{"nombre":"Antonio Varas","jerarquia":5},"geometry":{"type":"LineString","coordinates":[[-72.13998,-36.62509],[-72.13938,-36.6251]]}},{"type":"Feature","properties":{"nombre":"Antonio Varas","jerarquia":5},"geometry":{"type":"LineString","coordinates":[[-72.13938,-36.6251],[-72.13783,-36.62525]]}},{"type":"Feature","properties":{"nombre":"Antonio Varas","jerarquia":5},"geometry":{"type":"LineString","coordinates":[[-72.13783,-36.62525],[-72.13644,-36.62541]]}},{"type":"Feature","properties":{"nombre":"Antonio Varas","jerarquia":5},"geometry":{"type":"LineString","coordinates":[[-72.13644,-36.62541],[-72.13632,-36.62543]]}},{"type":"Feature","properties":{"nombre":"Avenida Mariscal Ruiz de Gamboa","jerarquia":3},"geometry":{"type":"LineString","coordinates":[[-72.11466,-36.59738],[-72.115,-36.59781]]}},{"type":"Feature","properties":{"nombre":"Avenida Mariscal Ruiz de Gamboa","jerarquia":3},"geometry":{"type":"LineString","coordinates":[[-72.115,-36.59781],[-72.1153,-36.59819]]}},{"type":"Feature","properties":{"nombre":"Avenida Mariscal Ruiz de Gamboa","jerarquia":3},"geometry":{"type":"LineString","coordinates":[[-72.1153,-36.59819],[-72.11544,-36.59837]]}},{"type":"Feature","properties":{"nombre":"Avenida Mariscal Ruiz de Gamboa","jerarquia":3},"geometry":{"type":"LineString","coordinates":[[-72.11544,-36.59837],[-72.11576,-36.59877]]}},{"type":"Feature","properties":{"nombre":"Avenida Mariscal Ruiz de Gamboa","jerarquia":3},"geometry":{"type":"LineString","coordinates":[[-72.11576,-36.59877],[-72.11593,-36.59898]]}},{"type":"Feature","properties":{"nombre":"Avenida Mariscal Ruiz de Gamboa","jerarquia":3},"geometry":{"type":"LineString","coordinates":[[-72.11593,-36.59898],[-72.11629,-36.59944]]}},{"type":"Feature","properties":{"nombre":"Avenida Mariscal Ruiz de Gamboa","jerarquia":3},"geometry":{"type":"LineString","coordinates":[[-72.11629,-36.59944],[-72.11645,-36.59964]]}},{"type":"Feature","properties":{"nombre":"Avenida Mariscal Ruiz de Gamboa","jerarquia":3},"geometry":{"type":"LineString","coordinates":[[-72.11645,-36.59964],[-72.11677,-36.60004]]}},{"type":"Feature","properties":{"nombre":"Avenida Mariscal Ruiz de Gamboa","jerarquia":3},"geometry":{"type":"LineString","coordinates":[[-72.11677,-36.60004],[-72.11714,-36.60051]]}},{"type":"Feature","properties":{"nombre":"Avenida Mariscal Ruiz de Gamboa","jerarquia":3},"geometry":{"type":"LineString","coordinates":[[-72.11714,-36.60051],[-72.11746,-36.60091]]}},{"type":"Feature","properties":{"nombre":"Avenida Mariscal Ruiz de Gamboa","jerarquia":3},"geometry":{"type":"LineString","coordinates":[[-72.11746,-36.60091],[-72.11767,-36.60118]]}},{"type":"Feature","properties":{"nombre":"","jerarquia":4},"geometry":{"type":"LineString","coordinates":[[-72.11202,-36.60456],[-72.11175,-36.60462]]}},{"type":"Feature","properties":{"nombre":"Ruta N-560","jerarquia":4},"geometry":{"type":"LineString","coordinates":[[-72.12463,-36.5902],[-72.12495,-36.59],[-72.12551,-36.58979]]}},{"type":"Feature","properties":{"nombre":"Avenida Libertador Bernardo O'Higgins","jerarquia":3},"geometry":{"type":"LineString","coordinates":[[-72.09791,-36.5691],[-72.09852,-36.57093]]}},{"type":"Feature","properties":{"nombre":"Avenida Libertador Bernardo O'Higgins","jerarquia":3},"geometry":{"type":"LineString","coordinates":[[-72.09852,-36.57093],[-72.09923,-36.57307]]}},{"type":"Feature","properties":{"nombre":"Avenida Libertador Bernardo O'Higgins","jerarquia":3},"geometry":{"type":"LineString","coordinates":[[-72.09923,-36.57307],[-72.09955,-36.57405]]}},{"type":"Feature","properties":{"nombre":"Cruce Ruta 5 (Paso Superior Parque Lantaño) - Ñuble Alto","jerarquia":4},"geometry":{"type":"LineString","coordinates":[[-72.12428,-36.59051],[-72.12463,-36.5902]]}},{"type":"Feature","properties":{"nombre":"Caletera Ruta 5","jerarquia":4},"geometry":{"type":"LineString","coordinates":[[-72.12198,-36.58843],[-72.12409,-36.58966],[-72.1244,-36.58969],[-72.12526,-36.58951],[-72.12555,-36.58957]]}},{"type":"Feature","properties":{"nombre":"Ruta N-546","jerarquia":5},"geometry":{"type":"LineString","coordinates":[[-72.091,-36.54461],[-72.09157,-36.54459]]}},{"type":"Feature","properties":{"nombre":"","jerarquia":5},"geometry":{"type":"LineString","coordinates":[[-72.20367,-36.51022],[-72.20169,-36.50619]]}},{"type":"Feature","properties":{"nombre":"Ruta N-660","jerarquia":5},"geometry":{"type":"LineString","coordinates":[[-72.23979,-36.61015],[-72.23846,-36.60677]]}},{"type":"Feature","properties":{"nombre":"Ruta N-545","jerarquia":4},"geometry":{"type":"LineString","coordinates":[[-71.95928,-36.64893],[-71.95894,-36.64905]]}},{"type":"Feature","properties":{"nombre":"Ruta N-545","jerarquia":4},"geometry":{"type":"LineString","coordinates":[[-71.95894,-36.64905],[-71.95801,-36.64935],[-71.95602,-36.65019],[-71.95272,-36.65202],[-71.94823,-36.6543]]}},{"type":"Feature","properties":{"nombre":"Ruta N-630","jerarquia":5},"geometry":{"type":"LineString","coordinates":[[-72.28608,-36.55497],[-72.28624,-36.55526],[-72.28659,-36.55555],[-72.29197,-36.55913]]}},{"type":"Feature","properties":{"nombre":"Ruta N-630","jerarquia":5},"geometry":{"type":"LineString","coordinates":[[-72.29197,-36.55913],[-72.30029,-36.56462],[-72.30561,-36.56927],[-72.30634,-36.56957],[-72.30908,-36.5702],[-72.30927,-36.57028]]}},{"type":"Feature","properties":{"nombre":"Ruta N-630","jerarquia":5},"geometry":{"type":"LineString","coordinates":[[-72.30927,-36.57028],[-72.30946,-36.57045],[-72.3097,-36.57083],[-72.31023,-36.57207],[-72.31041,-36.57237],[-72.31193,-36.57442],[-72.31256,-36.5749],[-72.31316,-36.57519],[-72.31396,-36.57549],[-72.31471,-36.57596],[-72.31573,-36.5767],[-72.31639,-36.57778],[-72.3165,-36.57807],[-72.31656,-36.57892],[-72.31666,-36.57907],[-72.31685,-36.57921],[-72.31873,-36.58021],[-72.31946,-36.58047]]}},{"type":"Feature","properties":{"nombre":"Ruta N-542","jerarquia":5},"geometry":{"type":"LineString","coordinates":[[-72.22613,-36.50513],[-72.23075,-36.50461],[-72.23155,-36.50442],[-72.23572,-36.50306]]}},{"type":"Feature","properties":{"nombre":"Ruta N-542","jerarquia":5},"geometry":{"type":"LineString","coordinates":[[-72.23572,-36.50306],[-72.23665,-36.50277]]}},{"type":"Feature","properties":{"nombre":"Avenida Baquedano","jerarquia":3},"geometry":{"type":"LineString","coordinates":[[-72.12586,-36.6332],[-72.12587,-36.63328]]}},{"type":"Feature","properties":{"nombre":"Avenida Baquedano","jerarquia":3},"geometry":{"type":"LineString","coordinates":[[-72.12587,-36.63328],[-72.12588,-36.63336]]}},{"type":"Feature","properties":{"nombre":"Avenida Baquedano","jerarquia":3},"geometry":{"type":"LineString","coordinates":[[-72.12588,-36.63336],[-72.12604,-36.63418],[-72.12623,-36.63468]]}},{"type":"Feature","properties":{"nombre":"Avenida Baquedano","jerarquia":3},"geometry":{"type":"LineString","coordinates":[[-72.12623,-36.63468],[-72.12641,-36.63492],[-72.12665,-36.63512],[-72.12981,-36.63713]]}},{"type":"Feature","properties":{"nombre":"Avenida Baquedano","jerarquia":3},"geometry":{"type":"LineString","coordinates":[[-72.12981,-36.63713],[-72.13057,-36.63763]]}},{"type":"Feature","properties":{"nombre":"Avenida Baquedano","jerarquia":3},"geometry":{"type":"LineString","coordinates":[[-72.13057,-36.63763],[-72.13068,-36.6377]]}},{"type":"Feature","properties":{"nombre":"Avenida Baquedano","jerarquia":3},"geometry":{"type":"LineString","coordinates":[[-72.13068,-36.6377],[-72.13155,-36.63826]]}},{"type":"Feature","properties":{"nombre":"Avenida Baquedano","jerarquia":3},"geometry":{"type":"LineString","coordinates":[[-72.13155,-36.63826],[-72.13203,-36.63856]]}},{"type":"Feature","properties":{"nombre":"Avenida Baquedano","jerarquia":3},"geometry":{"type":"LineString","coordinates":[[-72.13203,-36.63856],[-72.13304,-36.63921]]}},{"type":"Feature","properties":{"nombre":"Avenida Baquedano","jerarquia":3},"geometry":{"type":"LineString","coordinates":[[-72.13304,-36.63921],[-72.13367,-36.63961]]}},{"type":"Feature","properties":{"nombre":"Avenida Baquedano","jerarquia":3},"geometry":{"type":"LineString","coordinates":[[-72.13367,-36.63961],[-72.13407,-36.63986]]}},{"type":"Feature","properties":{"nombre":"Ruta N-339","jerarquia":5},"geometry":{"type":"LineString","coordinates":[[-71.95785,-36.4683],[-71.95791,-36.46839],[-71.95874,-36.46867],[-71.96023,-36.46934],[-71.96268,-36.46975],[-71.96275,-36.46979],[-71.9628,-36.46991],[-71.96283,-36.4708]]}},{"type":"Feature","properties":{"nombre":"Ruta N-339","jerarquia":5},"geometry":{"type":"LineString","coordinates":[[-71.96283,-36.4708],[-71.96284,-36.47263],[-71.96289,-36.47309],[-71.96292,-36.47444]]}},{"type":"Feature","properties":{"nombre":"Ruta N-350","jerarquia":5},"geometry":{"type":"LineString","coordinates":[[-72.09634,-36.51388],[-72.09719,-36.51083]]}},{"type":"Feature","properties":{"nombre":"Ruta N-350","jerarquia":5},"geometry":{"type":"LineString","coordinates":[[-72.09719,-36.51083],[-72.09813,-36.50723]]}},{"type":"Feature","properties":{"nombre":"Ruta N-350","jerarquia":5},"geometry":{"type":"LineString","coordinates":[[-72.09813,-36.50723],[-72.09884,-36.50464]]}},{"type":"Feature","properties":{"nombre":"Ruta N-350","jerarquia":5},"geometry":{"type":"LineString","coordinates":[[-72.09884,-36.50464],[-72.09908,-36.50374]]}},{"type":"Feature","properties":{"nombre":"Avenida Alonso de Ercilla","jerarquia":4},"geometry":{"type":"LineString","coordinates":[[-72.0979,-36.6237],[-72.09691,-36.62387]]}},{"type":"Feature","properties":{"nombre":"Ruta N-676","jerarquia":5},"geometry":{"type":"LineString","coordinates":[[-72.2864,-36.67397],[-72.29059,-36.67455]]}},{"type":"Feature","properties":{"nombre":"Ruta N-676","jerarquia":5},"geometry":{"type":"LineString","coordinates":[[-72.29059,-36.67455],[-72.29227,-36.67456]]}},{"type":"Feature","properties":{"nombre":"Ruta N-676","jerarquia":5},"geometry":{"type":"LineString","coordinates":[[-72.29227,-36.67456],[-72.29556,-36.67461],[-72.2998,-36.6748],[-72.29997,-36.67485],[-72.30008,-36.67496]]}},{"type":"Feature","properties":{"nombre":"Ruta N-676","jerarquia":5},"geometry":{"type":"LineString","coordinates":[[-72.30008,-36.67496],[-72.30027,-36.67503],[-72.30108,-36.67496]]}},{"type":"Feature","properties":{"nombre":"Ruta N-676","jerarquia":5},"geometry":{"type":"LineString","coordinates":[[-72.30108,-36.67496],[-72.302,-36.67488]]}},{"type":"Feature","properties":{"nombre":"Ruta N-676","jerarquia":5},"geometry":{"type":"LineString","coordinates":[[-72.302,-36.67488],[-72.30436,-36.67466]]}},{"type":"Feature","properties":{"nombre":"Ruta N-676","jerarquia":5},"geometry":{"type":"LineString","coordinates":[[-72.30436,-36.67466],[-72.3064,-36.67447],[-72.30788,-36.67418]]}},{"type":"Feature","properties":{"nombre":"Ruta N-676","jerarquia":5},"geometry":{"type":"LineString","coordinates":[[-72.30788,-36.67418],[-72.30837,-36.67409]]}},{"type":"Feature","properties":{"nombre":"Ruta N-676","jerarquia":5},"geometry":{"type":"LineString","coordinates":[[-72.30837,-36.67409],[-72.30888,-36.67392],[-72.31387,-36.67151],[-72.31819,-36.67046],[-72.31836,-36.67047],[-72.3185,-36.6706],[-72.3194,-36.67223]]}},{"type":"Feature","properties":{"nombre":"Ruta N-680","jerarquia":5},"geometry":{"type":"LineString","coordinates":[[-72.30417,-36.6587],[-72.30408,-36.65857]]}},{"type":"Feature","properties":{"nombre":"Ruta N-680","jerarquia":5},"geometry":{"type":"LineString","coordinates":[[-72.30408,-36.65857],[-72.30215,-36.65574]]}},{"type":"Feature","properties":{"nombre":"Ruta N-680","jerarquia":5},"geometry":{"type":"LineString","coordinates":[[-72.30215,-36.65574],[-72.30069,-36.65359],[-72.2991,-36.65137],[-72.2991,-36.65129],[-72.29929,-36.65112],[-72.30149,-36.65],[-72.3018,-36.64975],[-72.30185,-36.64948],[-72.30179,-36.64836],[-72.30169,-36.64757],[-72.30171,-36.64731],[-72.30336,-36.64422],[-72.30378,-36.64358],[-72.30391,-36.64349],[-72.30414,-36.64343],[-72.30668,-36.6431],[-72.30728,-36.64295],[-72.30968,-36.64167],[-72.31042,-36.64117],[-72.31054,-36.64105],[-72.31095,-36.64042],[-72.31142,-36.63936],[-72.31164,-36.63912],[-72.31618,-36.63762],[-72.31768,-36.63729],[-72.31866,-36.63646],[-72.31977,-36.63595],[-72.31988,-36.63582]]}},{"type":"Feature","properties":{"nombre":"Ruta N-680","jerarquia":5},"geometry":{"type":"LineString","coordinates":[[-72.31988,-36.63582],[-72.31984,-36.63565],[-72.31847,-36.63378],[-72.31827,-36.6333]]}},{"type":"Feature","properties":{"nombre":"Ruta N-680","jerarquia":5},"geometry":{"type":"LineString","coordinates":[[-72.31827,-36.6333],[-72.31829,-36.63314],[-72.31865,-36.6326]]}},{"type":"Feature","properties":{"nombre":"Camino Boyén","jerarquia":5},"geometry":{"type":"LineString","coordinates":[[-72.01059,-36.67059],[-72.00944,-36.67128],[-72.00623,-36.67342]]}},{"type":"Feature","properties":{"nombre":"Camino Boyén","jerarquia":5},"geometry":{"type":"LineString","coordinates":[[-72.00623,-36.67342],[-72.00567,-36.6738]]}},{"type":"Feature","properties":{"nombre":"Camino Boyén","jerarquia":5},"geometry":{"type":"LineString","coordinates":[[-72.00567,-36.6738],[-72.0051,-36.67417]]}},{"type":"Feature","properties":{"nombre":"Camino Boyén","jerarquia":5},"geometry":{"type":"LineString","coordinates":[[-72.0051,-36.67417],[-72.00424,-36.67476],[-72.00235,-36.67626]]}},{"type":"Feature","properties":{"nombre":"Camino Boyén","jerarquia":5},"geometry":{"type":"LineString","coordinates":[[-72.00235,-36.67626],[-72.00151,-36.67689]]}},{"type":"Feature","properties":{"nombre":"Camino Boyén","jerarquia":5},"geometry":{"type":"LineString","coordinates":[[-72.00151,-36.67689],[-72.00018,-36.67788],[-71.99884,-36.67909],[-71.99743,-36.68072],[-71.99613,-36.68238]]}},{"type":"Feature","properties":{"nombre":"","jerarquia":5},"geometry":{"type":"LineString","coordinates":[[-72.02747,-36.49234],[-72.02781,-36.49233]]}},{"type":"Feature","properties":{"nombre":"Ruta N-680","jerarquia":5},"geometry":{"type":"LineString","coordinates":[[-72.29059,-36.67455],[-72.29061,-36.67448]]}},{"type":"Feature","properties":{"nombre":"Ruta N-680","jerarquia":5},"geometry":{"type":"LineString","coordinates":[[-72.29061,-36.67448],[-72.29138,-36.67129],[-72.29145,-36.67119],[-72.29155,-36.67114],[-72.2956,-36.67037],[-72.29614,-36.67021],[-72.299,-36.66962],[-72.29906,-36.66954]]}},{"type":"Feature","properties":{"nombre":"Ruta N-680","jerarquia":5},"geometry":{"type":"LineString","coordinates":[[-72.29906,-36.66954],[-72.29905,-36.66943],[-72.29862,-36.66899],[-72.29852,-36.66867]]}},{"type":"Feature","properties":{"nombre":"Ruta N-680","jerarquia":5},"geometry":{"type":"LineString","coordinates":[[-72.29852,-36.66867],[-72.29913,-36.66623],[-72.29927,-36.66509],[-72.30071,-36.66242],[-72.30094,-36.66224],[-72.30183,-36.66178],[-72.30506,-36.66019],[-72.3051,-36.66005],[-72.30433,-36.65893]]}},{"type":"Feature","properties":{"nombre":"Ruta N-530","jerarquia":5},"geometry":{"type":"LineString","coordinates":[[-72.24506,-36.49001],[-72.24867,-36.49421]]}},{"type":"Feature","properties":{"nombre":"Ruta N-530","jerarquia":5},"geometry":{"type":"LineString","coordinates":[[-72.24867,-36.49421],[-72.24925,-36.4949]]}},{"type":"Feature","properties":{"nombre":"Ruta N-530","jerarquia":5},"geometry":{"type":"LineString","coordinates":[[-72.24925,-36.4949],[-72.25041,-36.49628]]}},{"type":"Feature","properties":{"nombre":"Ruta N-530","jerarquia":5},"geometry":{"type":"LineString","coordinates":[[-72.25041,-36.49628],[-72.25046,-36.49643],[-72.25044,-36.49663],[-72.24936,-36.49932],[-72.2494,-36.4995]]}},{"type":"Feature","properties":{"nombre":"Ruta N-530","jerarquia":5},"geometry":{"type":"LineString","coordinates":[[-72.2494,-36.4995],[-72.24961,-36.49961],[-72.25412,-36.49983],[-72.25457,-36.49978],[-72.25504,-36.49954],[-72.25538,-36.49946],[-72.25863,-36.49914],[-72.25939,-36.49925],[-72.26417,-36.50026],[-72.26429,-36.50037],[-72.26436,-36.5006],[-72.26544,-36.50573],[-72.26554,-36.50591],[-72.26568,-36.506],[-72.26743,-36.50668],[-72.26837,-36.50717],[-72.27622,-36.51022],[-72.27641,-36.5104],[-72.28003,-36.51555],[-72.28026,-36.51575],[-72.28052,-36.51582],[-72.28179,-36.51598],[-72.29089,-36.51704],[-72.29359,-36.51776],[-72.29472,-36.51818],[-72.29571,-36.51844]]}},{"type":"Feature","properties":{"nombre":"Ruta N-530","jerarquia":5},"geometry":{"type":"LineString","coordinates":[[-72.29571,-36.51844],[-72.29662,-36.51848]]}},{"type":"Feature","properties":{"nombre":"Ruta N-530","jerarquia":5},"geometry":{"type":"LineString","coordinates":[[-72.29662,-36.51848],[-72.29696,-36.51857],[-72.30004,-36.51977],[-72.3002,-36.52001],[-72.30047,-36.5211],[-72.30064,-36.52138],[-72.30192,-36.52217],[-72.3025,-36.52222],[-72.30276,-36.5224],[-72.30301,-36.5232],[-72.30317,-36.52395]]}},{"type":"Feature","properties":{"nombre":"Ruta N-530","jerarquia":5},"geometry":{"type":"LineString","coordinates":[[-72.30317,-36.52395],[-72.30362,-36.52625]]}},{"type":"Feature","properties":{"nombre":"La Maravilla","jerarquia":5},"geometry":{"type":"LineString","coordinates":[[-72.2194,-36.50127],[-72.21919,-36.50025]]}},{"type":"Feature","properties":{"nombre":"La Maravilla","jerarquia":5},"geometry":{"type":"LineString","coordinates":[[-72.21919,-36.50025],[-72.21903,-36.49936]]}},{"type":"Feature","properties":{"nombre":"La Maravilla","jerarquia":5},"geometry":{"type":"LineString","coordinates":[[-72.21903,-36.49936],[-72.21889,-36.49872]]}},{"type":"Feature","properties":{"nombre":"La Maravilla","jerarquia":5},"geometry":{"type":"LineString","coordinates":[[-72.21889,-36.49872],[-72.21879,-36.49815]]}},{"type":"Feature","properties":{"nombre":"La Maravilla","jerarquia":5},"geometry":{"type":"LineString","coordinates":[[-72.21879,-36.49815],[-72.21859,-36.49719]]}},{"type":"Feature","properties":{"nombre":"","jerarquia":4},"geometry":{"type":"LineString","coordinates":[[-72.20504,-36.51314],[-72.20904,-36.52119],[-72.2107,-36.52426],[-72.21155,-36.52611],[-72.21603,-36.5351],[-72.21644,-36.53602],[-72.2169,-36.53723],[-72.21765,-36.53976],[-72.21802,-36.5414],[-72.21895,-36.5487],[-72.21891,-36.5494],[-72.21869,-36.55001],[-72.21842,-36.55045],[-72.21739,-36.55169],[-72.2172,-36.55209],[-72.21716,-36.55235],[-72.21726,-36.55293],[-72.21836,-36.5553],[-72.21855,-36.55582],[-72.2186,-36.55615],[-72.21857,-36.55645],[-72.21839,-36.5569]]}},{"type":"Feature","properties":{"nombre":"","jerarquia":4},"geometry":{"type":"LineString","coordinates":[[-72.21839,-36.5569],[-72.21723,-36.55831],[-72.21686,-36.55895],[-72.21661,-36.55967],[-72.2165,-36.56026],[-72.21648,-36.56087],[-72.21658,-36.5616],[-72.21679,-36.5625],[-72.2168,-36.56295],[-72.21671,-36.56327],[-72.21615,-36.56433],[-72.21601,-36.56479],[-72.21573,-36.56693],[-72.21572,-36.56733],[-72.21578,-36.56797],[-72.21605,-36.56884],[-72.21646,-36.56958],[-72.2176,-36.57113],[-72.21827,-36.57188],[-72.21879,-36.57227],[-72.21917,-36.57249],[-72.2216,-36.57351],[-72.22193,-36.57366],[-72.22216,-36.57385],[-72.22237,-36.57418],[-72.22243,-36.57443],[-72.22249,-36.57601]]}},{"type":"Feature","properties":{"nombre":"Ruta N-620","jerarquia":4},"geometry":{"type":"LineString","coordinates":[[-72.17388,-36.60296],[-72.17571,-36.602]]}},{"type":"Feature","properties":{"nombre":"Ruta N-620","jerarquia":4},"geometry":{"type":"LineString","coordinates":[[-72.17571,-36.602],[-72.17608,-36.6018]]}},{"type":"Feature","properties":{"nombre":"Ruta N-620","jerarquia":4},"geometry":{"type":"LineString","coordinates":[[-72.17608,-36.6018],[-72.18004,-36.59971]]}},{"type":"Feature","properties":{"nombre":"Ruta N-620","jerarquia":4},"geometry":{"type":"LineString","coordinates":[[-72.18004,-36.59971],[-72.18248,-36.59841]]}},{"type":"Feature","properties":{"nombre":"Ruta N-620","jerarquia":4},"geometry":{"type":"LineString","coordinates":[[-72.18248,-36.59841],[-72.18269,-36.5983]]}},{"type":"Feature","properties":{"nombre":"Ruta N-620","jerarquia":4},"geometry":{"type":"LineString","coordinates":[[-72.18269,-36.5983],[-72.18434,-36.59742]]}},{"type":"Feature","properties":{"nombre":"Ruta N-620","jerarquia":4},"geometry":{"type":"LineString","coordinates":[[-72.18434,-36.59742],[-72.18556,-36.59687],[-72.18876,-36.59609]]}},{"type":"Feature","properties":{"nombre":"Ruta N-620","jerarquia":4},"geometry":{"type":"LineString","coordinates":[[-72.18876,-36.59609],[-72.19112,-36.5955]]}},{"type":"Feature","properties":{"nombre":"Ruta N-620","jerarquia":4},"geometry":{"type":"LineString","coordinates":[[-72.19112,-36.5955],[-72.19231,-36.59521]]}},{"type":"Feature","properties":{"nombre":"Camino a San Bernardo","jerarquia":5},"geometry":{"type":"LineString","coordinates":[[-72.08143,-36.60463],[-72.08127,-36.60468]]}},{"type":"Feature","properties":{"nombre":"Camino a San Bernardo","jerarquia":5},"geometry":{"type":"LineString","coordinates":[[-72.08127,-36.60468],[-72.08038,-36.60494]]}},{"type":"Feature","properties":{"nombre":"Camino a San Bernardo","jerarquia":5},"geometry":{"type":"LineString","coordinates":[[-72.08038,-36.60494],[-72.07973,-36.60513]]}},{"type":"Feature","properties":{"nombre":"Camino a San Bernardo","jerarquia":5},"geometry":{"type":"LineString","coordinates":[[-72.07973,-36.60513],[-72.07967,-36.60515]]}},{"type":"Feature","properties":{"nombre":"Ruta N-62","jerarquia":4},"geometry":{"type":"LineString","coordinates":[[-72.18482,-36.61376],[-72.1891,-36.61443],[-72.19234,-36.61466]]}},{"type":"Feature","properties":{"nombre":"Ruta N-62","jerarquia":4},"geometry":{"type":"LineString","coordinates":[[-72.19234,-36.61466],[-72.19341,-36.61474],[-72.19397,-36.61473],[-72.19462,-36.61463],[-72.19557,-36.61439]]}},{"type":"Feature","properties":{"nombre":"Ruta N-62","jerarquia":4},"geometry":{"type":"LineString","coordinates":[[-72.19557,-36.61439],[-72.19798,-36.61373]]}},{"type":"Feature","properties":{"nombre":"Ruta N-62","jerarquia":4},"geometry":{"type":"LineString","coordinates":[[-72.19798,-36.61373],[-72.19847,-36.6136]]}},{"type":"Feature","properties":{"nombre":"Ruta N-62","jerarquia":4},"geometry":{"type":"LineString","coordinates":[[-72.19847,-36.6136],[-72.20154,-36.61274]]}},{"type":"Feature","properties":{"nombre":"Ruta N-62","jerarquia":4},"geometry":{"type":"LineString","coordinates":[[-72.20154,-36.61274],[-72.20573,-36.61162],[-72.20674,-36.61146]]}},{"type":"Feature","properties":{"nombre":"Ruta N-62","jerarquia":4},"geometry":{"type":"LineString","coordinates":[[-72.20674,-36.61146],[-72.2107,-36.61104]]}},{"type":"Feature","properties":{"nombre":"Ruta N-62","jerarquia":4},"geometry":{"type":"LineString","coordinates":[[-72.2107,-36.61104],[-72.21356,-36.61074]]}},{"type":"Feature","properties":{"nombre":"Ruta N-62","jerarquia":4},"geometry":{"type":"LineString","coordinates":[[-72.21356,-36.61074],[-72.2152,-36.61058]]}},{"type":"Feature","properties":{"nombre":"Ruta N-62","jerarquia":4},"geometry":{"type":"LineString","coordinates":[[-72.2152,-36.61058],[-72.21932,-36.61016]]}},{"type":"Feature","properties":{"nombre":"Ruta N-62","jerarquia":4},"geometry":{"type":"LineString","coordinates":[[-72.21932,-36.61016],[-72.22014,-36.61012]]}},{"type":"Feature","properties":{"nombre":"Ruta N-62","jerarquia":4},"geometry":{"type":"LineString","coordinates":[[-72.22014,-36.61012],[-72.22105,-36.61011]]}},{"type":"Feature","properties":{"nombre":"Ruta N-62","jerarquia":4},"geometry":{"type":"LineString","coordinates":[[-72.22105,-36.61011],[-72.22299,-36.61011]]}},{"type":"Feature","properties":{"nombre":"Ruta N-62","jerarquia":4},"geometry":{"type":"LineString","coordinates":[[-72.22299,-36.61011],[-72.22312,-36.61011]]}},{"type":"Feature","properties":{"nombre":"Ruta N-62","jerarquia":4},"geometry":{"type":"LineString","coordinates":[[-72.22312,-36.61011],[-72.22561,-36.6101],[-72.2275,-36.61003],[-72.23039,-36.61035],[-72.23118,-36.61039],[-72.23831,-36.61032],[-72.23893,-36.61028],[-72.23979,-36.61015]]}},{"type":"Feature","properties":{"nombre":"Ruta N-62","jerarquia":4},"geometry":{"type":"LineString","coordinates":[[-72.23979,-36.61015],[-72.24106,-36.6099]]}},{"type":"Feature","properties":{"nombre":"Ruta N-62","jerarquia":4},"geometry":{"type":"LineString","coordinates":[[-72.24106,-36.6099],[-72.24159,-36.6098]]}},{"type":"Feature","properties":{"nombre":"Ruta N-62","jerarquia":4},"geometry":{"type":"LineString","coordinates":[[-72.24159,-36.6098],[-72.24202,-36.60972]]}},{"type":"Feature","properties":{"nombre":"Ruta N-62","jerarquia":4},"geometry":{"type":"LineString","coordinates":[[-72.24202,-36.60972],[-72.24413,-36.60932]]}},{"type":"Feature","properties":{"nombre":"Ruta N-62","jerarquia":4},"geometry":{"type":"LineString","coordinates":[[-72.24413,-36.60932],[-72.24419,-36.60931]]}},{"type":"Feature","properties":{"nombre":"Ruta N-62","jerarquia":4},"geometry":{"type":"LineString","coordinates":[[-72.24419,-36.60931],[-72.24772,-36.60867]]}},{"type":"Feature","properties":{"nombre":"Ruta N-62","jerarquia":4},"geometry":{"type":"LineString","coordinates":[[-72.24772,-36.60867],[-72.25146,-36.60796]]}},{"type":"Feature","properties":{"nombre":"Ruta N-62","jerarquia":4},"geometry":{"type":"LineString","coordinates":[[-72.25146,-36.60796],[-72.25343,-36.60755]]}},{"type":"Feature","properties":{"nombre":"Ruta N-62","jerarquia":4},"geometry":{"type":"LineString","coordinates":[[-72.25343,-36.60755],[-72.25481,-36.60729],[-72.25568,-36.60723]]}},{"type":"Feature","properties":{"nombre":"Ruta N-62","jerarquia":4},"geometry":{"type":"LineString","coordinates":[[-72.25568,-36.60723],[-72.25636,-36.60728],[-72.2609,-36.60786]]}},{"type":"Feature","properties":{"nombre":"Ruta N-62","jerarquia":4},"geometry":{"type":"LineString","coordinates":[[-72.2609,-36.60786],[-72.26231,-36.60805]]}},{"type":"Feature","properties":{"nombre":"Ruta N-62","jerarquia":4},"geometry":{"type":"LineString","coordinates":[[-72.26231,-36.60805],[-72.26462,-36.60838],[-72.26999,-36.60864]]}},{"type":"Feature","properties":{"nombre":"Ruta N-346","jerarquia":5},"geometry":{"type":"LineString","coordinates":[[-72.20169,-36.50619],[-72.20061,-36.50403]]}},{"type":"Feature","properties":{"nombre":"Ruta N-346","jerarquia":5},"geometry":{"type":"LineString","coordinates":[[-72.20061,-36.50403],[-72.19688,-36.49642]]}},{"type":"Feature","properties":{"nombre":"Ruta N-346","jerarquia":5},"geometry":{"type":"LineString","coordinates":[[-72.19688,-36.49642],[-72.1957,-36.49408]]}},{"type":"Feature","properties":{"nombre":"Ruta N-605","jerarquia":5},"geometry":{"type":"LineString","coordinates":[[-72.09399,-36.64507],[-72.09338,-36.64611]]}},{"type":"Feature","properties":{"nombre":"Ruta N-605","jerarquia":5},"geometry":{"type":"LineString","coordinates":[[-72.09338,-36.64611],[-72.09294,-36.64712],[-72.09293,-36.64747],[-72.09313,-36.64785],[-72.09393,-36.64842],[-72.09405,-36.64861]]}},{"type":"Feature","properties":{"nombre":"Camino Colonia Bernardo O'Higgins","jerarquia":5},"geometry":{"type":"LineString","coordinates":[[-72.07835,-36.58881],[-72.07689,-36.58748],[-72.07623,-36.58707]]}},{"type":"Feature","properties":{"nombre":"Camino Colonia Bernardo O'Higgins","jerarquia":5},"geometry":{"type":"LineString","coordinates":[[-72.07623,-36.58707],[-72.07597,-36.5869]]}},{"type":"Feature","properties":{"nombre":"Ruta 5 Sur","jerarquia":1},"geometry":{"type":"LineString","coordinates":[[-72.1551,-36.61525],[-72.15514,-36.61549]]}},{"type":"Feature","properties":{"nombre":"Ruta 5 Sur","jerarquia":1},"geometry":{"type":"LineString","coordinates":[[-72.15492,-36.61522],[-72.1548,-36.61434],[-72.15453,-36.61342],[-72.15409,-36.61259],[-72.15344,-36.61172],[-72.15295,-36.61122],[-72.15236,-36.61074],[-72.14848,-36.60804]]}},{"type":"Feature","properties":{"nombre":"Avenida Doctor José María Sepúlveda Bustos","jerarquia":4},"geometry":{"type":"LineString","coordinates":[[-72.14481,-36.60736],[-72.14349,-36.60715]]}},{"type":"Feature","properties":{"nombre":"Avenida Doctor José María Sepúlveda Bustos","jerarquia":4},"geometry":{"type":"LineString","coordinates":[[-72.14349,-36.60715],[-72.14208,-36.60692]]}},{"type":"Feature","properties":{"nombre":"Avenida Doctor José María Sepúlveda Bustos","jerarquia":4},"geometry":{"type":"LineString","coordinates":[[-72.14208,-36.60692],[-72.14076,-36.60672]]}},{"type":"Feature","properties":{"nombre":"Avenida Doctor José María Sepúlveda Bustos","jerarquia":4},"geometry":{"type":"LineString","coordinates":[[-72.14076,-36.60672],[-72.13948,-36.60653]]}},{"type":"Feature","properties":{"nombre":"Avenida Doctor José María Sepúlveda Bustos","jerarquia":4},"geometry":{"type":"LineString","coordinates":[[-72.13948,-36.60653],[-72.13815,-36.60632]]}},{"type":"Feature","properties":{"nombre":"Avenida Doctor José María Sepúlveda Bustos","jerarquia":4},"geometry":{"type":"LineString","coordinates":[[-72.13815,-36.60632],[-72.13683,-36.60612]]}},{"type":"Feature","properties":{"nombre":"Avenida Doctor José María Sepúlveda Bustos","jerarquia":4},"geometry":{"type":"LineString","coordinates":[[-72.13683,-36.60612],[-72.13551,-36.60591]]}},{"type":"Feature","properties":{"nombre":"Avenida Doctor José María Sepúlveda Bustos","jerarquia":4},"geometry":{"type":"LineString","coordinates":[[-72.13551,-36.60591],[-72.1342,-36.60571]]}},{"type":"Feature","properties":{"nombre":"Avenida Doctor José María Sepúlveda Bustos","jerarquia":4},"geometry":{"type":"LineString","coordinates":[[-72.1342,-36.60571],[-72.13287,-36.6055]]}},{"type":"Feature","properties":{"nombre":"Avenida Doctor José María Sepúlveda Bustos","jerarquia":4},"geometry":{"type":"LineString","coordinates":[[-72.13287,-36.6055],[-72.13152,-36.60529]]}},{"type":"Feature","properties":{"nombre":"Avenida Doctor José María Sepúlveda Bustos","jerarquia":4},"geometry":{"type":"LineString","coordinates":[[-72.13152,-36.60529],[-72.13077,-36.60517]]}},{"type":"Feature","properties":{"nombre":"Avenida Doctor José María Sepúlveda Bustos","jerarquia":4},"geometry":{"type":"LineString","coordinates":[[-72.13077,-36.60517],[-72.13021,-36.60508]]}},{"type":"Feature","properties":{"nombre":"Avenida Doctor José María Sepúlveda Bustos","jerarquia":4},"geometry":{"type":"LineString","coordinates":[[-72.13021,-36.60508],[-72.12886,-36.60487]]}},{"type":"Feature","properties":{"nombre":"Avenida Doctor José María Sepúlveda Bustos","jerarquia":4},"geometry":{"type":"LineString","coordinates":[[-72.12886,-36.60487],[-72.12819,-36.60477]]}},{"type":"Feature","properties":{"nombre":"Avenida Doctor José María Sepúlveda Bustos","jerarquia":4},"geometry":{"type":"LineString","coordinates":[[-72.12819,-36.60477],[-72.12756,-36.60467]]}},{"type":"Feature","properties":{"nombre":"Avenida Doctor José María Sepúlveda Bustos","jerarquia":4},"geometry":{"type":"LineString","coordinates":[[-72.12756,-36.60467],[-72.12624,-36.60447]]}},{"type":"Feature","properties":{"nombre":"Avenida Coihueco","jerarquia":4},"geometry":{"type":"LineString","coordinates":[[-72.08158,-36.60468],[-72.08169,-36.60472]]}},{"type":"Feature","properties":{"nombre":"Avenida Coihueco","jerarquia":4},"geometry":{"type":"LineString","coordinates":[[-72.08169,-36.60472],[-72.08241,-36.60497]]}},{"type":"Feature","properties":{"nombre":"Avenida Coihueco","jerarquia":4},"geometry":{"type":"LineString","coordinates":[[-72.08241,-36.60497],[-72.08311,-36.60522]]}},{"type":"Feature","properties":{"nombre":"Avenida Coihueco","jerarquia":4},"geometry":{"type":"LineString","coordinates":[[-72.08311,-36.60522],[-72.08358,-36.60539]]}},{"type":"Feature","properties":{"nombre":"Avenida Coihueco","jerarquia":4},"geometry":{"type":"LineString","coordinates":[[-72.08358,-36.60539],[-72.08369,-36.60542]]}},{"type":"Feature","properties":{"nombre":"Avenida Coihueco","jerarquia":4},"geometry":{"type":"LineString","coordinates":[[-72.08369,-36.60542],[-72.08409,-36.60557]]}},{"type":"Feature","properties":{"nombre":"","jerarquia":1},"geometry":{"type":"LineString","coordinates":[[-72.22976,-36.65439],[-72.22934,-36.65425],[-72.22901,-36.65421],[-72.22873,-36.65421],[-72.22834,-36.65429],[-72.22802,-36.65446],[-72.22781,-36.65465],[-72.22766,-36.6549],[-72.22758,-36.65526],[-72.22766,-36.65557],[-72.22777,-36.65575],[-72.22805,-36.65599],[-72.22839,-36.65615],[-72.22899,-36.65622],[-72.22931,-36.65615],[-72.22976,-36.65594]]}},{"type":"Feature","properties":{"nombre":"","jerarquia":5},"geometry":{"type":"LineString","coordinates":[[-72.24569,-36.66321],[-72.24557,-36.66307]]}},{"type":"Feature","properties":{"nombre":"","jerarquia":5},"geometry":{"type":"LineString","coordinates":[[-72.24557,-36.66307],[-72.24532,-36.66285],[-72.24217,-36.66103],[-72.24154,-36.66079],[-72.23842,-36.65985],[-72.23802,-36.65963]]}},{"type":"Feature","properties":{"nombre":"","jerarquia":5},"geometry":{"type":"LineString","coordinates":[[-72.23802,-36.65963],[-72.23589,-36.65733],[-72.23477,-36.6562],[-72.23387,-36.65538],[-72.23328,-36.65455]]}},{"type":"Feature","properties":{"nombre":"","jerarquia":5},"geometry":{"type":"LineString","coordinates":[[-72.23328,-36.65455],[-72.23294,-36.65405]]}},{"type":"Feature","properties":{"nombre":"","jerarquia":5},"geometry":{"type":"LineString","coordinates":[[-72.23294,-36.65405],[-72.23255,-36.65362],[-72.23018,-36.65193],[-72.22967,-36.65153],[-72.22904,-36.65092],[-72.22634,-36.64909],[-72.22623,-36.64893]]}},{"type":"Feature","properties":{"nombre":"","jerarquia":1},"geometry":{"type":"LineString","coordinates":[[-72.23392,-36.65399],[-72.23337,-36.65428],[-72.23295,-36.65469],[-72.23279,-36.65503],[-72.23273,-36.65528],[-72.23274,-36.65578]]}},{"type":"Feature","properties":{"nombre":"","jerarquia":1},"geometry":{"type":"LineString","coordinates":[[-72.23033,-36.65439],[-72.23105,-36.65454],[-72.23178,-36.65452]]}},{"type":"Feature","properties":{"nombre":"Autopista del Itata","jerarquia":1},"geometry":{"type":"LineString","coordinates":[[-72.23084,-36.65531],[-72.23122,-36.65509]]}},{"type":"Feature","properties":{"nombre":"Autopista del Itata","jerarquia":1},"geometry":{"type":"LineString","coordinates":[[-72.2353,-36.65363],[-72.23652,-36.65358],[-72.23743,-36.65364],[-72.23834,-36.65378],[-72.23924,-36.65401],[-72.25631,-36.66015],[-72.25758,-36.66054],[-72.25895,-36.66076],[-72.2599,-36.6608],[-72.26072,-36.66078],[-72.26199,-36.66062],[-72.26473,-36.66003]]}},{"type":"Feature","properties":{"nombre":"","jerarquia":1},"geometry":{"type":"LineString","coordinates":[[-72.23091,-36.65537],[-72.22968,-36.6561],[-72.2293,-36.65625],[-72.22868,-36.65631],[-72.22811,-36.65614],[-72.22777,-36.65591],[-72.22749,-36.65548],[-72.22719,-36.65373],[-72.22707,-36.65324]]}},{"type":"Feature","properties":{"nombre":"Autopista del Itata","jerarquia":1},"geometry":{"type":"LineString","coordinates":[[-72.23131,-36.65514],[-72.23091,-36.65537]]}},{"type":"Feature","properties":{"nombre":"Isabel Riquelme","jerarquia":5},"geometry":{"type":"LineString","coordinates":[[-72.09696,-36.60082],[-72.09744,-36.6021]]}},{"type":"Feature","properties":{"nombre":"Isabel Riquelme","jerarquia":5},"geometry":{"type":"LineString","coordinates":[[-72.09744,-36.6021],[-72.09788,-36.60326]]}},{"type":"Feature","properties":{"nombre":"Isabel Riquelme","jerarquia":5},"geometry":{"type":"LineString","coordinates":[[-72.09788,-36.60326],[-72.09789,-36.60331]]}},{"type":"Feature","properties":{"nombre":"Isabel Riquelme","jerarquia":5},"geometry":{"type":"LineString","coordinates":[[-72.09789,-36.60331],[-72.09833,-36.60447]]}},{"type":"Feature","properties":{"nombre":"Isabel Riquelme","jerarquia":5},"geometry":{"type":"LineString","coordinates":[[-72.09833,-36.60447],[-72.09836,-36.60455]]}},{"type":"Feature","properties":{"nombre":"Isabel Riquelme","jerarquia":5},"geometry":{"type":"LineString","coordinates":[[-72.09836,-36.60455],[-72.09883,-36.60579]]}},{"type":"Feature","properties":{"nombre":"Isabel Riquelme","jerarquia":5},"geometry":{"type":"LineString","coordinates":[[-72.09883,-36.60579],[-72.09928,-36.607]]}},{"type":"Feature","properties":{"nombre":"Ignacio Carrera Pinto","jerarquia":5},"geometry":{"type":"LineString","coordinates":[[-72.09031,-36.60061],[-72.08939,-36.60015]]}},{"type":"Feature","properties":{"nombre":"Avenida Argentina","jerarquia":3},"geometry":{"type":"LineString","coordinates":[[-72.09518,-36.61381],[-72.09522,-36.61391]]}},{"type":"Feature","properties":{"nombre":"Avenida Argentina","jerarquia":3},"geometry":{"type":"LineString","coordinates":[[-72.09512,-36.61363],[-72.09518,-36.61381]]}},{"type":"Feature","properties":{"nombre":"Avenida Argentina","jerarquia":3},"geometry":{"type":"LineString","coordinates":[[-72.09499,-36.61387],[-72.0949,-36.61361]]}},{"type":"Feature","properties":{"nombre":"Avenida Argentina","jerarquia":3},"geometry":{"type":"LineString","coordinates":[[-72.0949,-36.61361],[-72.09484,-36.61345]]}},{"type":"Feature","properties":{"nombre":"Avenida Argentina","jerarquia":3},"geometry":{"type":"LineString","coordinates":[[-72.09484,-36.61345],[-72.09438,-36.61223]]}},{"type":"Feature","properties":{"nombre":"Avenida Argentina","jerarquia":3},"geometry":{"type":"LineString","coordinates":[[-72.09438,-36.61223],[-72.09407,-36.61141]]}},{"type":"Feature","properties":{"nombre":"Avenida Argentina","jerarquia":3},"geometry":{"type":"LineString","coordinates":[[-72.09407,-36.61141],[-72.09391,-36.611]]}},{"type":"Feature","properties":{"nombre":"Avenida Argentina","jerarquia":3},"geometry":{"type":"LineString","coordinates":[[-72.09391,-36.611],[-72.09357,-36.6101]]}},{"type":"Feature","properties":{"nombre":"Avenida Argentina","jerarquia":3},"geometry":{"type":"LineString","coordinates":[[-72.09357,-36.6101],[-72.0935,-36.60991]]}},{"type":"Feature","properties":{"nombre":"Avenida Argentina","jerarquia":3},"geometry":{"type":"LineString","coordinates":[[-72.0935,-36.60991],[-72.09348,-36.60986]]}},{"type":"Feature","properties":{"nombre":"Avenida La Concepción","jerarquia":5},"geometry":{"type":"LineString","coordinates":[[-72.08552,-36.60285],[-72.086,-36.60399]]}},{"type":"Feature","properties":{"nombre":"Yungay","jerarquia":5},"geometry":{"type":"LineString","coordinates":[[-72.08852,-36.60289],[-72.08908,-36.60275]]}},{"type":"Feature","properties":{"nombre":"11 Oriente","jerarquia":5},"geometry":{"type":"LineString","coordinates":[[-72.08879,-36.61507],[-72.08859,-36.61425]]}},{"type":"Feature","properties":{"nombre":"11 Oriente","jerarquia":5},"geometry":{"type":"LineString","coordinates":[[-72.08859,-36.61425],[-72.08856,-36.61409]]}},{"type":"Feature","properties":{"nombre":"11 Oriente","jerarquia":5},"geometry":{"type":"LineString","coordinates":[[-72.08856,-36.61409],[-72.08844,-36.61362]]}},{"type":"Feature","properties":{"nombre":"11 Oriente","jerarquia":5},"geometry":{"type":"LineString","coordinates":[[-72.08844,-36.61362],[-72.08841,-36.6135]]}},{"type":"Feature","properties":{"nombre":"11 Oriente","jerarquia":5},"geometry":{"type":"LineString","coordinates":[[-72.08841,-36.6135],[-72.0884,-36.61345]]}},{"type":"Feature","properties":{"nombre":"11 Oriente","jerarquia":5},"geometry":{"type":"LineString","coordinates":[[-72.0884,-36.61345],[-72.0883,-36.61303]]}},{"type":"Feature","properties":{"nombre":"11 Oriente","jerarquia":5},"geometry":{"type":"LineString","coordinates":[[-72.0883,-36.61303],[-72.08827,-36.61289]]}},{"type":"Feature","properties":{"nombre":"Las Rosas","jerarquia":4},"geometry":{"type":"LineString","coordinates":[[-72.08171,-36.60912],[-72.08175,-36.60923]]}},{"type":"Feature","properties":{"nombre":"Las Rosas","jerarquia":4},"geometry":{"type":"LineString","coordinates":[[-72.08175,-36.60923],[-72.08188,-36.6096]]}},{"type":"Feature","properties":{"nombre":"Las Rosas","jerarquia":4},"geometry":{"type":"LineString","coordinates":[[-72.08188,-36.6096],[-72.08203,-36.61001]]}},{"type":"Feature","properties":{"nombre":"Las Rosas","jerarquia":4},"geometry":{"type":"LineString","coordinates":[[-72.08203,-36.61001],[-72.08217,-36.6104]]}},{"type":"Feature","properties":{"nombre":"Las Rosas","jerarquia":4},"geometry":{"type":"LineString","coordinates":[[-72.08217,-36.6104],[-72.08245,-36.61116]]}},{"type":"Feature","properties":{"nombre":"Las Rosas","jerarquia":4},"geometry":{"type":"LineString","coordinates":[[-72.08245,-36.61116],[-72.08258,-36.61154]]}},{"type":"Feature","properties":{"nombre":"Las Rosas","jerarquia":4},"geometry":{"type":"LineString","coordinates":[[-72.08258,-36.61154],[-72.08271,-36.6119]]}},{"type":"Feature","properties":{"nombre":"Las Rosas","jerarquia":4},"geometry":{"type":"LineString","coordinates":[[-72.08271,-36.6119],[-72.08284,-36.61225]]}},{"type":"Feature","properties":{"nombre":"San Alberto","jerarquia":5},"geometry":{"type":"LineString","coordinates":[[-72.06754,-36.58841],[-72.06805,-36.58822]]}},{"type":"Feature","properties":{"nombre":"San Alberto","jerarquia":5},"geometry":{"type":"LineString","coordinates":[[-72.06805,-36.58822],[-72.06828,-36.58813]]}},{"type":"Feature","properties":{"nombre":"San Alberto","jerarquia":5},"geometry":{"type":"LineString","coordinates":[[-72.06828,-36.58813],[-72.06855,-36.58803]]}},{"type":"Feature","properties":{"nombre":"San Alberto","jerarquia":5},"geometry":{"type":"LineString","coordinates":[[-72.06855,-36.58803],[-72.06891,-36.58789]]}},{"type":"Feature","properties":{"nombre":"San Alberto","jerarquia":5},"geometry":{"type":"LineString","coordinates":[[-72.06891,-36.58789],[-72.06905,-36.58784]]}},{"type":"Feature","properties":{"nombre":"San Alberto","jerarquia":5},"geometry":{"type":"LineString","coordinates":[[-72.06905,-36.58784],[-72.06956,-36.58765]]}},{"type":"Feature","properties":{"nombre":"San Alberto","jerarquia":5},"geometry":{"type":"LineString","coordinates":[[-72.06956,-36.58765],[-72.07005,-36.58746]]}},{"type":"Feature","properties":{"nombre":"San Alberto","jerarquia":5},"geometry":{"type":"LineString","coordinates":[[-72.07005,-36.58746],[-72.07011,-36.58744]]}},{"type":"Feature","properties":{"nombre":"San Alberto","jerarquia":5},"geometry":{"type":"LineString","coordinates":[[-72.07011,-36.58744],[-72.07063,-36.58724]]}},{"type":"Feature","properties":{"nombre":"San Alberto","jerarquia":5},"geometry":{"type":"LineString","coordinates":[[-72.07063,-36.58724],[-72.07115,-36.58704]]}},{"type":"Feature","properties":{"nombre":"San Alberto","jerarquia":5},"geometry":{"type":"LineString","coordinates":[[-72.07115,-36.58704],[-72.07183,-36.58679]]}},{"type":"Feature","properties":{"nombre":"San Alberto","jerarquia":5},"geometry":{"type":"LineString","coordinates":[[-72.07183,-36.58679],[-72.07249,-36.58654]]}},{"type":"Feature","properties":{"nombre":"San Alberto","jerarquia":5},"geometry":{"type":"LineString","coordinates":[[-72.07249,-36.58654],[-72.07303,-36.58633]]}},{"type":"Feature","properties":{"nombre":"San Alberto","jerarquia":5},"geometry":{"type":"LineString","coordinates":[[-72.07303,-36.58633],[-72.07369,-36.58608]]}},{"type":"Feature","properties":{"nombre":"San Alberto","jerarquia":5},"geometry":{"type":"LineString","coordinates":[[-72.07369,-36.58608],[-72.07421,-36.58588]]}},{"type":"Feature","properties":{"nombre":"San Alberto","jerarquia":5},"geometry":{"type":"LineString","coordinates":[[-72.07421,-36.58588],[-72.07451,-36.58577]]}},{"type":"Feature","properties":{"nombre":"Avenida Andrés Bello","jerarquia":5},"geometry":{"type":"LineString","coordinates":[[-72.06856,-36.58969],[-72.06875,-36.58993]]}},{"type":"Feature","properties":{"nombre":"Avenida Andrés Bello","jerarquia":5},"geometry":{"type":"LineString","coordinates":[[-72.06875,-36.58993],[-72.06902,-36.59028]]}},{"type":"Feature","properties":{"nombre":"Avenida Andrés Bello","jerarquia":5},"geometry":{"type":"LineString","coordinates":[[-72.06626,-36.58663],[-72.06662,-36.58709],[-72.06668,-36.58734]]}},{"type":"Feature","properties":{"nombre":"Avenida Andrés Bello","jerarquia":5},"geometry":{"type":"LineString","coordinates":[[-72.06668,-36.58734],[-72.06691,-36.58762]]}},{"type":"Feature","properties":{"nombre":"Avenida Andrés Bello","jerarquia":5},"geometry":{"type":"LineString","coordinates":[[-72.06691,-36.58762],[-72.06708,-36.58784]]}},{"type":"Feature","properties":{"nombre":"Avenida Andrés Bello","jerarquia":5},"geometry":{"type":"LineString","coordinates":[[-72.06708,-36.58784],[-72.06746,-36.58831]]}},{"type":"Feature","properties":{"nombre":"Avenida Andrés Bello","jerarquia":5},"geometry":{"type":"LineString","coordinates":[[-72.06746,-36.58831],[-72.06754,-36.58841]]}},{"type":"Feature","properties":{"nombre":"Avenida España","jerarquia":5},"geometry":{"type":"LineString","coordinates":[[-72.09522,-36.61391],[-72.09502,-36.61396]]}},{"type":"Feature","properties":{"nombre":"Avenida España","jerarquia":5},"geometry":{"type":"LineString","coordinates":[[-72.09502,-36.61396],[-72.09411,-36.61413]]}},{"type":"Feature","properties":{"nombre":"Avenida España","jerarquia":5},"geometry":{"type":"LineString","coordinates":[[-72.09411,-36.61413],[-72.09253,-36.61445]]}},{"type":"Feature","properties":{"nombre":"Avenida España","jerarquia":5},"geometry":{"type":"LineString","coordinates":[[-72.09253,-36.61445],[-72.09206,-36.61455]]}},{"type":"Feature","properties":{"nombre":"Avenida España","jerarquia":5},"geometry":{"type":"LineString","coordinates":[[-72.09206,-36.61455],[-72.09204,-36.61455]]}},{"type":"Feature","properties":{"nombre":"Avenida España","jerarquia":5},"geometry":{"type":"LineString","coordinates":[[-72.09204,-36.61455],[-72.09144,-36.61468]]}},{"type":"Feature","properties":{"nombre":"Avenida España","jerarquia":5},"geometry":{"type":"LineString","coordinates":[[-72.09144,-36.61468],[-72.09124,-36.61472]]}},{"type":"Feature","properties":{"nombre":"Avenida España","jerarquia":5},"geometry":{"type":"LineString","coordinates":[[-72.09124,-36.61472],[-72.09076,-36.61479]]}},{"type":"Feature","properties":{"nombre":"Avenida España","jerarquia":5},"geometry":{"type":"LineString","coordinates":[[-72.09076,-36.61479],[-72.09024,-36.61486]]}},{"type":"Feature","properties":{"nombre":"Avenida España","jerarquia":5},"geometry":{"type":"LineString","coordinates":[[-72.09024,-36.61486],[-72.08979,-36.61493]]}},{"type":"Feature","properties":{"nombre":"Avenida España","jerarquia":5},"geometry":{"type":"LineString","coordinates":[[-72.08979,-36.61493],[-72.08936,-36.61498]]}},{"type":"Feature","properties":{"nombre":"Avenida España","jerarquia":5},"geometry":{"type":"LineString","coordinates":[[-72.08936,-36.61498],[-72.08879,-36.61507]]}},{"type":"Feature","properties":{"nombre":"Central","jerarquia":5},"geometry":{"type":"LineString","coordinates":[[-72.09194,-36.61587],[-72.092,-36.61598]]}},{"type":"Feature","properties":{"nombre":"Central","jerarquia":5},"geometry":{"type":"LineString","coordinates":[[-72.092,-36.61598],[-72.09217,-36.61604],[-72.09368,-36.61555]]}},{"type":"Feature","properties":{"nombre":"Central","jerarquia":5},"geometry":{"type":"LineString","coordinates":[[-72.09368,-36.61555],[-72.09371,-36.61553]]}},{"type":"Feature","properties":{"nombre":"Central","jerarquia":5},"geometry":{"type":"LineString","coordinates":[[-72.09371,-36.61553],[-72.09419,-36.61538]]}},{"type":"Feature","properties":{"nombre":"Central","jerarquia":5},"geometry":{"type":"LineString","coordinates":[[-72.09419,-36.61538],[-72.09423,-36.61537]]}},{"type":"Feature","properties":{"nombre":"Central","jerarquia":5},"geometry":{"type":"LineString","coordinates":[[-72.09423,-36.61537],[-72.09471,-36.61522]]}},{"type":"Feature","properties":{"nombre":"Central","jerarquia":5},"geometry":{"type":"LineString","coordinates":[[-72.09471,-36.61522],[-72.09475,-36.6152]]}},{"type":"Feature","properties":{"nombre":"Central","jerarquia":5},"geometry":{"type":"LineString","coordinates":[[-72.09475,-36.6152],[-72.0954,-36.61501]]}},{"type":"Feature","properties":{"nombre":"Almirante Latorre","jerarquia":4},"geometry":{"type":"LineString","coordinates":[[-72.09208,-36.62104],[-72.09315,-36.62068]]}},{"type":"Feature","properties":{"nombre":"Esmeralda","jerarquia":5},"geometry":{"type":"LineString","coordinates":[[-72.07795,-36.62201],[-72.07847,-36.62191]]}},{"type":"Feature","properties":{"nombre":"Esmeralda","jerarquia":5},"geometry":{"type":"LineString","coordinates":[[-72.07847,-36.62191],[-72.07878,-36.62185]]}},{"type":"Feature","properties":{"nombre":"Iquique","jerarquia":5},"geometry":{"type":"LineString","coordinates":[[-72.08813,-36.60176],[-72.08852,-36.60289]]}},{"type":"Feature","properties":{"nombre":"Vega de Saldías","jerarquia":5},"geometry":{"type":"LineString","coordinates":[[-72.11089,-36.60149],[-72.11067,-36.60154]]}},{"type":"Feature","properties":{"nombre":"Vega de Saldías","jerarquia":5},"geometry":{"type":"LineString","coordinates":[[-72.11067,-36.60154],[-72.11059,-36.60156]]}},{"type":"Feature","properties":{"nombre":"Vega de Saldías","jerarquia":5},"geometry":{"type":"LineString","coordinates":[[-72.11059,-36.60156],[-72.10909,-36.60193]]}},{"type":"Feature","properties":{"nombre":"Vega de Saldías","jerarquia":5},"geometry":{"type":"LineString","coordinates":[[-72.10909,-36.60193],[-72.10769,-36.60227]]}},{"type":"Feature","properties":{"nombre":"Vega de Saldías","jerarquia":5},"geometry":{"type":"LineString","coordinates":[[-72.10769,-36.60227],[-72.10762,-36.60229]]}},{"type":"Feature","properties":{"nombre":"Camino a San Bernardo","jerarquia":5},"geometry":{"type":"LineString","coordinates":[[-72.07967,-36.60515],[-72.07955,-36.60519]]}},{"type":"Feature","properties":{"nombre":"Camino a San Bernardo","jerarquia":5},"geometry":{"type":"LineString","coordinates":[[-72.07955,-36.60519],[-72.0795,-36.6052]]}},{"type":"Feature","properties":{"nombre":"Camino a San Bernardo","jerarquia":5},"geometry":{"type":"LineString","coordinates":[[-72.0795,-36.6052],[-72.07858,-36.60548]]}},{"type":"Feature","properties":{"nombre":"Camino a San Bernardo","jerarquia":5},"geometry":{"type":"LineString","coordinates":[[-72.07858,-36.60548],[-72.0776,-36.60576]]}},{"type":"Feature","properties":{"nombre":"Camino a San Bernardo","jerarquia":5},"geometry":{"type":"LineString","coordinates":[[-72.0776,-36.60576],[-72.07684,-36.60599]]}},{"type":"Feature","properties":{"nombre":"Camino a San Bernardo","jerarquia":5},"geometry":{"type":"LineString","coordinates":[[-72.07684,-36.60599],[-72.07631,-36.60615]]}},{"type":"Feature","properties":{"nombre":"Camino a San Bernardo","jerarquia":5},"geometry":{"type":"LineString","coordinates":[[-72.07631,-36.60615],[-72.07616,-36.60619]]}},{"type":"Feature","properties":{"nombre":"Camino a San Bernardo","jerarquia":5},"geometry":{"type":"LineString","coordinates":[[-72.07616,-36.60619],[-72.0752,-36.60647]]}},{"type":"Feature","properties":{"nombre":"Camino a San Bernardo","jerarquia":5},"geometry":{"type":"LineString","coordinates":[[-72.0752,-36.60647],[-72.07411,-36.60679]]}},{"type":"Feature","properties":{"nombre":"Ruta N-55","jerarquia":4},"geometry":{"type":"LineString","coordinates":[[-72.08254,-36.63169],[-72.08194,-36.63183]]}},{"type":"Feature","properties":{"nombre":"Río Viejo","jerarquia":4},"geometry":{"type":"LineString","coordinates":[[-72.08296,-36.63156],[-72.08254,-36.63169]]}},{"type":"Feature","properties":{"nombre":"Huambalí","jerarquia":5},"geometry":{"type":"LineString","coordinates":[[-72.10571,-36.6253],[-72.10551,-36.62488]]}},{"type":"Feature","properties":{"nombre":"Huambalí","jerarquia":5},"geometry":{"type":"LineString","coordinates":[[-72.10551,-36.62488],[-72.10532,-36.62445]]}},{"type":"Feature","properties":{"nombre":"Huambalí","jerarquia":5},"geometry":{"type":"LineString","coordinates":[[-72.10532,-36.62445],[-72.10512,-36.62403]]}},{"type":"Feature","properties":{"nombre":"Huambalí","jerarquia":5},"geometry":{"type":"LineString","coordinates":[[-72.10512,-36.62403],[-72.10492,-36.62361]]}},{"type":"Feature","properties":{"nombre":"Huambalí","jerarquia":5},"geometry":{"type":"LineString","coordinates":[[-72.10492,-36.62361],[-72.10473,-36.62321]]}},{"type":"Feature","properties":{"nombre":"Huambalí","jerarquia":5},"geometry":{"type":"LineString","coordinates":[[-72.10473,-36.62321],[-72.10465,-36.62304]]}},{"type":"Feature","properties":{"nombre":"","jerarquia":3},"geometry":{"type":"LineString","coordinates":[[-72.10169,-36.61582],[-72.10177,-36.61603]]}},{"type":"Feature","properties":{"nombre":"Carlos Lozier","jerarquia":5},"geometry":{"type":"LineString","coordinates":[[-72.10182,-36.62192],[-72.09935,-36.62232]]}},{"type":"Feature","properties":{"nombre":"Ángel Custodio Oyarzún","jerarquia":5},"geometry":{"type":"LineString","coordinates":[[-72.0997,-36.62337],[-72.09968,-36.62331]]}},{"type":"Feature","properties":{"nombre":"Ángel Custodio Oyarzún","jerarquia":5},"geometry":{"type":"LineString","coordinates":[[-72.09968,-36.62331],[-72.09935,-36.62232]]}},{"type":"Feature","properties":{"nombre":"Ángel Custodio Oyarzún","jerarquia":5},"geometry":{"type":"LineString","coordinates":[[-72.09935,-36.62232],[-72.09925,-36.62203]]}},{"type":"Feature","properties":{"nombre":"Los Espinos","jerarquia":5},"geometry":{"type":"LineString","coordinates":[[-72.10243,-36.62576],[-72.10224,-36.62535]]}},{"type":"Feature","properties":{"nombre":"Los Espinos","jerarquia":5},"geometry":{"type":"LineString","coordinates":[[-72.10224,-36.62535],[-72.10204,-36.62493]]}},{"type":"Feature","properties":{"nombre":"Los Espinos","jerarquia":5},"geometry":{"type":"LineString","coordinates":[[-72.10204,-36.62493],[-72.10185,-36.62451]]}},{"type":"Feature","properties":{"nombre":"Los Espinos","jerarquia":5},"geometry":{"type":"LineString","coordinates":[[-72.10185,-36.62451],[-72.10164,-36.62408]]}},{"type":"Feature","properties":{"nombre":"Los Espinos","jerarquia":5},"geometry":{"type":"LineString","coordinates":[[-72.10164,-36.62408],[-72.10143,-36.62363]]}},{"type":"Feature","properties":{"nombre":"Los Espinos","jerarquia":5},"geometry":{"type":"LineString","coordinates":[[-72.10143,-36.62363],[-72.10123,-36.6232]]}},{"type":"Feature","properties":{"nombre":"Los Espinos","jerarquia":5},"geometry":{"type":"LineString","coordinates":[[-72.10123,-36.6232],[-72.1012,-36.62312]]}},{"type":"Feature","properties":{"nombre":"Rosauro Acuña","jerarquia":4},"geometry":{"type":"LineString","coordinates":[[-72.1201,-36.61934],[-72.11998,-36.61939]]}},{"type":"Feature","properties":{"nombre":"Atenas","jerarquia":5},"geometry":{"type":"LineString","coordinates":[[-72.10907,-36.62301],[-72.1091,-36.62165]]}},{"type":"Feature","properties":{"nombre":"Los Copihues","jerarquia":5},"geometry":{"type":"LineString","coordinates":[[-72.11626,-36.62608],[-72.11618,-36.62611]]}},{"type":"Feature","properties":{"nombre":"Los Copihues","jerarquia":5},"geometry":{"type":"LineString","coordinates":[[-72.11618,-36.62611],[-72.11566,-36.62619]]}},{"type":"Feature","properties":{"nombre":"Los Copihues","jerarquia":5},"geometry":{"type":"LineString","coordinates":[[-72.11566,-36.62619],[-72.11512,-36.62619]]}},{"type":"Feature","properties":{"nombre":"Los Copihues","jerarquia":5},"geometry":{"type":"LineString","coordinates":[[-72.11512,-36.62619],[-72.11465,-36.62619]]}},{"type":"Feature","properties":{"nombre":"Los Copihues","jerarquia":5},"geometry":{"type":"LineString","coordinates":[[-72.11465,-36.62619],[-72.11407,-36.62619]]}},{"type":"Feature","properties":{"nombre":"Los Copihues","jerarquia":5},"geometry":{"type":"LineString","coordinates":[[-72.11407,-36.62619],[-72.11278,-36.62616]]}},{"type":"Feature","properties":{"nombre":"Los Copihues","jerarquia":5},"geometry":{"type":"LineString","coordinates":[[-72.11278,-36.62616],[-72.11215,-36.62616]]}},{"type":"Feature","properties":{"nombre":"Los Copihues","jerarquia":5},"geometry":{"type":"LineString","coordinates":[[-72.11215,-36.62616],[-72.11151,-36.62616]]}},{"type":"Feature","properties":{"nombre":"Los Copihues","jerarquia":5},"geometry":{"type":"LineString","coordinates":[[-72.11151,-36.62616],[-72.11096,-36.62616]]}},{"type":"Feature","properties":{"nombre":"Los Copihues","jerarquia":5},"geometry":{"type":"LineString","coordinates":[[-72.11096,-36.62616],[-72.1104,-36.62616]]}},{"type":"Feature","properties":{"nombre":"Las Canoas","jerarquia":5},"geometry":{"type":"LineString","coordinates":[[-72.11878,-36.62954],[-72.11816,-36.62843]]}},{"type":"Feature","properties":{"nombre":"Las Canoas","jerarquia":5},"geometry":{"type":"LineString","coordinates":[[-72.11816,-36.62843],[-72.11788,-36.62795]]}},{"type":"Feature","properties":{"nombre":"Las Canoas","jerarquia":5},"geometry":{"type":"LineString","coordinates":[[-72.11788,-36.62795],[-72.11774,-36.6278],[-72.11748,-36.62768]]}},{"type":"Feature","properties":{"nombre":"Las Canoas","jerarquia":5},"geometry":{"type":"LineString","coordinates":[[-72.11748,-36.62768],[-72.11721,-36.62751]]}},{"type":"Feature","properties":{"nombre":"Las Canoas","jerarquia":5},"geometry":{"type":"LineString","coordinates":[[-72.11721,-36.62751],[-72.11679,-36.6272]]}},{"type":"Feature","properties":{"nombre":"Las Canoas","jerarquia":5},"geometry":{"type":"LineString","coordinates":[[-72.11679,-36.6272],[-72.11666,-36.62705]]}},{"type":"Feature","properties":{"nombre":"Ruta N-45","jerarquia":4},"geometry":{"type":"LineString","coordinates":[[-72.04493,-36.55748],[-72.04499,-36.55754]]}},{"type":"Feature","properties":{"nombre":"Ruta N-45","jerarquia":4},"geometry":{"type":"LineString","coordinates":[[-72.04499,-36.55754],[-72.04512,-36.55764]]}},{"type":"Feature","properties":{"nombre":"Ruta N-45","jerarquia":4},"geometry":{"type":"LineString","coordinates":[[-72.04512,-36.55764],[-72.0465,-36.55888],[-72.04678,-36.5592],[-72.04722,-36.55995],[-72.04741,-36.56054]]}},{"type":"Feature","properties":{"nombre":"Ruta N-45","jerarquia":4},"geometry":{"type":"LineString","coordinates":[[-72.04741,-36.56054],[-72.04787,-36.56216],[-72.04864,-36.56449]]}},{"type":"Feature","properties":{"nombre":"Ruta N-45","jerarquia":4},"geometry":{"type":"LineString","coordinates":[[-72.04864,-36.56449],[-72.04889,-36.56523]]}},{"type":"Feature","properties":{"nombre":"Ruta N-45","jerarquia":4},"geometry":{"type":"LineString","coordinates":[[-72.04889,-36.56523],[-72.04934,-36.56661]]}},{"type":"Feature","properties":{"nombre":"Ruta N-45","jerarquia":4},"geometry":{"type":"LineString","coordinates":[[-72.04934,-36.56661],[-72.0497,-36.56771]]}},{"type":"Feature","properties":{"nombre":"Ruta N-45","jerarquia":4},"geometry":{"type":"LineString","coordinates":[[-72.0497,-36.56771],[-72.05038,-36.56971]]}},{"type":"Feature","properties":{"nombre":"Ruta N-45","jerarquia":4},"geometry":{"type":"LineString","coordinates":[[-72.05038,-36.56971],[-72.05098,-36.57153]]}},{"type":"Feature","properties":{"nombre":"Ruta N-45","jerarquia":4},"geometry":{"type":"LineString","coordinates":[[-72.04418,-36.55683],[-72.04493,-36.55748]]}},{"type":"Feature","properties":{"nombre":"Ruta N-609","jerarquia":5},"geometry":{"type":"LineString","coordinates":[[-72.07398,-36.6801],[-72.06158,-36.68658],[-72.0497,-36.69321],[-72.04849,-36.69396]]}},{"type":"Feature","properties":{"nombre":"Ruta N-605","jerarquia":5},"geometry":{"type":"LineString","coordinates":[[-72.09405,-36.64861],[-72.0941,-36.64907]]}},{"type":"Feature","properties":{"nombre":"Ruta N-50","jerarquia":3},"geometry":{"type":"LineString","coordinates":[[-72.0731,-36.52394],[-72.07278,-36.5244],[-72.07262,-36.52454],[-72.07232,-36.52475],[-72.07182,-36.52492]]}},{"type":"Feature","properties":{"nombre":"Ruta N-50","jerarquia":3},"geometry":{"type":"LineString","coordinates":[[-72.10735,-36.51593],[-72.11321,-36.51394]]}},{"type":"Feature","properties":{"nombre":"Ruta N-50","jerarquia":3},"geometry":{"type":"LineString","coordinates":[[-72.11321,-36.51394],[-72.117,-36.51267]]}},{"type":"Feature","properties":{"nombre":"Ruta N-50","jerarquia":3},"geometry":{"type":"LineString","coordinates":[[-72.117,-36.51267],[-72.11902,-36.51201]]}},{"type":"Feature","properties":{"nombre":"Ruta N-50","jerarquia":3},"geometry":{"type":"LineString","coordinates":[[-72.11902,-36.51201],[-72.12009,-36.51176],[-72.12099,-36.51174],[-72.12515,-36.51233]]}},{"type":"Feature","properties":{"nombre":"Ruta N-50","jerarquia":3},"geometry":{"type":"LineString","coordinates":[[-72.12515,-36.51233],[-72.12781,-36.51274],[-72.13143,-36.51384]]}},{"type":"Feature","properties":{"nombre":"Ruta N-50","jerarquia":3},"geometry":{"type":"LineString","coordinates":[[-72.13143,-36.51384],[-72.13167,-36.51392]]}},{"type":"Feature","properties":{"nombre":"Ruta N-50","jerarquia":3},"geometry":{"type":"LineString","coordinates":[[-72.13167,-36.51392],[-72.13503,-36.51496]]}},{"type":"Feature","properties":{"nombre":"Ruta N-50","jerarquia":3},"geometry":{"type":"LineString","coordinates":[[-72.13503,-36.51496],[-72.13608,-36.51525],[-72.1374,-36.51553],[-72.13804,-36.51564],[-72.13876,-36.5157],[-72.14612,-36.51533]]}},{"type":"Feature","properties":{"nombre":"Ruta N-50","jerarquia":3},"geometry":{"type":"LineString","coordinates":[[-72.14612,-36.51533],[-72.14939,-36.51519],[-72.15754,-36.51456],[-72.15811,-36.51459],[-72.15878,-36.51474]]}},{"type":"Feature","properties":{"nombre":"Ruta N-50","jerarquia":3},"geometry":{"type":"LineString","coordinates":[[-72.15878,-36.51474],[-72.16172,-36.51546],[-72.16462,-36.51584]]}},{"type":"Feature","properties":{"nombre":"Ruta N-50","jerarquia":3},"geometry":{"type":"LineString","coordinates":[[-72.16462,-36.51584],[-72.17521,-36.51723]]}},{"type":"Feature","properties":{"nombre":"Ruta N-50","jerarquia":3},"geometry":{"type":"LineString","coordinates":[[-72.17521,-36.51723],[-72.17563,-36.51728]]}},{"type":"Feature","properties":{"nombre":"Ruta N-50","jerarquia":3},"geometry":{"type":"LineString","coordinates":[[-72.17563,-36.51728],[-72.17738,-36.51753]]}},{"type":"Feature","properties":{"nombre":"Ruta N-50","jerarquia":3},"geometry":{"type":"LineString","coordinates":[[-72.17738,-36.51753],[-72.17913,-36.51775],[-72.18001,-36.51769],[-72.18067,-36.51752],[-72.18336,-36.51656],[-72.18428,-36.51617],[-72.19369,-36.51155]]}},{"type":"Feature","properties":{"nombre":"Ruta N-50","jerarquia":3},"geometry":{"type":"LineString","coordinates":[[-72.19369,-36.51155],[-72.19391,-36.51145]]}},{"type":"Feature","properties":{"nombre":"Ruta N-50","jerarquia":3},"geometry":{"type":"LineString","coordinates":[[-72.19391,-36.51145],[-72.19406,-36.51138]]}},{"type":"Feature","properties":{"nombre":"Ruta N-50","jerarquia":3},"geometry":{"type":"LineString","coordinates":[[-72.19406,-36.51138],[-72.19538,-36.5108],[-72.19618,-36.51038]]}},{"type":"Feature","properties":{"nombre":"Ruta N-50","jerarquia":3},"geometry":{"type":"LineString","coordinates":[[-72.19618,-36.51038],[-72.19735,-36.50963],[-72.19929,-36.50819]]}},{"type":"Feature","properties":{"nombre":"Ruta N-50","jerarquia":3},"geometry":{"type":"LineString","coordinates":[[-72.19929,-36.50819],[-72.19983,-36.50776]]}},{"type":"Feature","properties":{"nombre":"Ruta N-50","jerarquia":3},"geometry":{"type":"LineString","coordinates":[[-72.06987,-36.52633],[-72.06983,-36.52651],[-72.06988,-36.52662],[-72.07036,-36.52695]]}},{"type":"Feature","properties":{"nombre":"","jerarquia":1},"geometry":{"type":"LineString","coordinates":[[-72.07036,-36.52695],[-72.07062,-36.52712],[-72.0707,-36.52723],[-72.07074,-36.52775],[-72.07117,-36.52813]]}},{"type":"Feature","properties":{"nombre":"","jerarquia":1},"geometry":{"type":"LineString","coordinates":[[-72.06978,-36.52763],[-72.07006,-36.5273]]}},{"type":"Feature","properties":{"nombre":"","jerarquia":1},"geometry":{"type":"LineString","coordinates":[[-72.06872,-36.52764],[-72.06875,-36.52779],[-72.06887,-36.52793],[-72.06915,-36.52803],[-72.06944,-36.52797],[-72.06978,-36.52763]]}},{"type":"Feature","properties":{"nombre":"","jerarquia":1},"geometry":{"type":"LineString","coordinates":[[-72.06951,-36.52742],[-72.06925,-36.52734],[-72.06905,-36.52735],[-72.06887,-36.52744],[-72.06872,-36.52764]]}},{"type":"Feature","properties":{"nombre":"","jerarquia":1},"geometry":{"type":"LineString","coordinates":[[-72.06872,-36.52764],[-72.0688,-36.52725],[-72.06877,-36.52709],[-72.06838,-36.52672]]}},{"type":"Feature","properties":{"nombre":"","jerarquia":1},"geometry":{"type":"LineString","coordinates":[[-72.06879,-36.52679],[-72.0691,-36.52686],[-72.06941,-36.5267]]}},{"type":"Feature","properties":{"nombre":"Barros Arana","jerarquia":4},"geometry":{"type":"LineString","coordinates":[[-72.09756,-36.62326],[-72.09608,-36.62127]]}},{"type":"Feature","properties":{"nombre":"Barros Arana","jerarquia":4},"geometry":{"type":"LineString","coordinates":[[-72.09608,-36.62127],[-72.09532,-36.61981]]}},{"type":"Feature","properties":{"nombre":"Monterrico","jerarquia":5},"geometry":{"type":"LineString","coordinates":[[-72.07878,-36.62185],[-72.07907,-36.6221]]}},{"type":"Feature","properties":{"nombre":"Monterrico","jerarquia":5},"geometry":{"type":"LineString","coordinates":[[-72.07907,-36.6221],[-72.07987,-36.62279]]}},{"type":"Feature","properties":{"nombre":"Ruta 5 Sur","jerarquia":1},"geometry":{"type":"LineString","coordinates":[[-72.21234,-36.64252],[-72.21101,-36.64162]]}},{"type":"Feature","properties":{"nombre":"Ruta 5 Sur","jerarquia":1},"geometry":{"type":"LineString","coordinates":[[-72.21118,-36.64157],[-72.21254,-36.64251]]}},{"type":"Feature","properties":{"nombre":"Avenida Libertador Bernardo O'Higgins","jerarquia":3},"geometry":{"type":"LineString","coordinates":[[-72.15307,-36.62414],[-72.15351,-36.62419]]}},{"type":"Feature","properties":{"nombre":"Los Andes","jerarquia":5},"geometry":{"type":"LineString","coordinates":[[-72.07828,-36.6231],[-72.07744,-36.62326]]}},{"type":"Feature","properties":{"nombre":"Los Andes","jerarquia":5},"geometry":{"type":"LineString","coordinates":[[-72.07744,-36.62326],[-72.07721,-36.62331]]}},{"type":"Feature","properties":{"nombre":"Los Andes","jerarquia":5},"geometry":{"type":"LineString","coordinates":[[-72.07721,-36.62331],[-72.07712,-36.62332]]}},{"type":"Feature","properties":{"nombre":"Los Pidenes","jerarquia":5},"geometry":{"type":"LineString","coordinates":[[-72.11816,-36.62843],[-72.11809,-36.62845]]}},{"type":"Feature","properties":{"nombre":"Los Pidenes","jerarquia":5},"geometry":{"type":"LineString","coordinates":[[-72.11809,-36.62845],[-72.11729,-36.62872],[-72.11715,-36.6287],[-72.11679,-36.62849]]}},{"type":"Feature","properties":{"nombre":"Avenida Reino de Chile","jerarquia":5},"geometry":{"type":"LineString","coordinates":[[-72.11031,-36.63154],[-72.11051,-36.63154],[-72.11069,-36.63146]]}},{"type":"Feature","properties":{"nombre":"Avenida Reino de Chile","jerarquia":5},"geometry":{"type":"LineString","coordinates":[[-72.11069,-36.63146],[-72.11102,-36.63127]]}},{"type":"Feature","properties":{"nombre":"Avenida Reino de Chile","jerarquia":5},"geometry":{"type":"LineString","coordinates":[[-72.11102,-36.63127],[-72.11139,-36.63104]]}},{"type":"Feature","properties":{"nombre":"Avenida Reino de Chile","jerarquia":5},"geometry":{"type":"LineString","coordinates":[[-72.11139,-36.63104],[-72.11178,-36.63075]]}},{"type":"Feature","properties":{"nombre":"Avenida Reino de Chile","jerarquia":5},"geometry":{"type":"LineString","coordinates":[[-72.11178,-36.63075],[-72.11215,-36.63048]]}},{"type":"Feature","properties":{"nombre":"Avenida Reino de Chile","jerarquia":5},"geometry":{"type":"LineString","coordinates":[[-72.11215,-36.63048],[-72.11253,-36.63021]]}},{"type":"Feature","properties":{"nombre":"La Colonia","jerarquia":5},"geometry":{"type":"LineString","coordinates":[[-72.12405,-36.61344],[-72.1246,-36.61391]]}},{"type":"Feature","properties":{"nombre":"José Manuel Balmaceda","jerarquia":5},"geometry":{"type":"LineString","coordinates":[[-72.22118,-36.50378],[-72.21933,-36.50381]]}},{"type":"Feature","properties":{"nombre":"José Manuel Balmaceda","jerarquia":5},"geometry":{"type":"LineString","coordinates":[[-72.21933,-36.50381],[-72.21711,-36.50385]]}},{"type":"Feature","properties":{"nombre":"José Manuel Balmaceda","jerarquia":5},"geometry":{"type":"LineString","coordinates":[[-72.21711,-36.50385],[-72.21506,-36.5039]]}},{"type":"Feature","properties":{"nombre":"José Manuel Balmaceda","jerarquia":5},"geometry":{"type":"LineString","coordinates":[[-72.21506,-36.5039],[-72.21497,-36.5039]]}},{"type":"Feature","properties":{"nombre":"José Manuel Balmaceda","jerarquia":5},"geometry":{"type":"LineString","coordinates":[[-72.21497,-36.5039],[-72.21312,-36.50395]]}},{"type":"Feature","properties":{"nombre":"José Manuel Balmaceda","jerarquia":5},"geometry":{"type":"LineString","coordinates":[[-72.21312,-36.50395],[-72.2124,-36.50398]]}},{"type":"Feature","properties":{"nombre":"José Manuel Balmaceda","jerarquia":5},"geometry":{"type":"LineString","coordinates":[[-72.2124,-36.50398],[-72.21177,-36.504]]}},{"type":"Feature","properties":{"nombre":"Bernardo O'Higgins","jerarquia":3},"geometry":{"type":"LineString","coordinates":[[-72.20889,-36.50313],[-72.20963,-36.50302],[-72.21032,-36.50298]]}},{"type":"Feature","properties":{"nombre":"Bernardo O'Higgins","jerarquia":3},"geometry":{"type":"LineString","coordinates":[[-72.2194,-36.50127],[-72.21959,-36.50113]]}},{"type":"Feature","properties":{"nombre":"Bernardo O'Higgins","jerarquia":3},"geometry":{"type":"LineString","coordinates":[[-72.21959,-36.50113],[-72.22028,-36.5006]]}},{"type":"Feature","properties":{"nombre":"Bulnes","jerarquia":5},"geometry":{"type":"LineString","coordinates":[[-72.09272,-36.60729],[-72.09424,-36.60692]]}},{"type":"Feature","properties":{"nombre":"Bulnes","jerarquia":5},"geometry":{"type":"LineString","coordinates":[[-72.09424,-36.60692],[-72.09577,-36.60654]]}},{"type":"Feature","properties":{"nombre":"Bulnes","jerarquia":5},"geometry":{"type":"LineString","coordinates":[[-72.09577,-36.60654],[-72.0973,-36.60617]]}},{"type":"Feature","properties":{"nombre":"Bulnes","jerarquia":5},"geometry":{"type":"LineString","coordinates":[[-72.0973,-36.60617],[-72.09883,-36.60579]]}},{"type":"Feature","properties":{"nombre":"Bulnes","jerarquia":5},"geometry":{"type":"LineString","coordinates":[[-72.09883,-36.60579],[-72.10035,-36.60542]]}},{"type":"Feature","properties":{"nombre":"Bulnes","jerarquia":5},"geometry":{"type":"LineString","coordinates":[[-72.10035,-36.60542],[-72.10189,-36.60504]]}},{"type":"Feature","properties":{"nombre":"Bulnes","jerarquia":5},"geometry":{"type":"LineString","coordinates":[[-72.10189,-36.60504],[-72.10342,-36.60467]]}},{"type":"Feature","properties":{"nombre":"Bulnes","jerarquia":5},"geometry":{"type":"LineString","coordinates":[[-72.10342,-36.60467],[-72.10497,-36.60429]]}},{"type":"Feature","properties":{"nombre":"Bulnes","jerarquia":5},"geometry":{"type":"LineString","coordinates":[[-72.10497,-36.60429],[-72.10536,-36.60419]]}},{"type":"Feature","properties":{"nombre":"Bulnes","jerarquia":5},"geometry":{"type":"LineString","coordinates":[[-72.10536,-36.60419],[-72.10602,-36.60403]]}},{"type":"Feature","properties":{"nombre":"Bulnes","jerarquia":5},"geometry":{"type":"LineString","coordinates":[[-72.10602,-36.60403],[-72.10648,-36.60392]]}},{"type":"Feature","properties":{"nombre":"Bulnes","jerarquia":5},"geometry":{"type":"LineString","coordinates":[[-72.10648,-36.60392],[-72.10783,-36.60358]]}},{"type":"Feature","properties":{"nombre":"Bulnes","jerarquia":5},"geometry":{"type":"LineString","coordinates":[[-72.10783,-36.60358],[-72.10796,-36.60355]]}},{"type":"Feature","properties":{"nombre":"","jerarquia":5},"geometry":{"type":"LineString","coordinates":[[-72.22147,-36.5056],[-72.22423,-36.50532]]}},{"type":"Feature","properties":{"nombre":"","jerarquia":5},"geometry":{"type":"LineString","coordinates":[[-72.22423,-36.50532],[-72.22613,-36.50513]]}},{"type":"Feature","properties":{"nombre":"Eduardo Parra Sandoval","jerarquia":4},"geometry":{"type":"LineString","coordinates":[[-72.11461,-36.60695],[-72.11434,-36.60719],[-72.11399,-36.6074],[-72.11333,-36.60762]]}},{"type":"Feature","properties":{"nombre":"Eduardo Parra Sandoval","jerarquia":4},"geometry":{"type":"LineString","coordinates":[[-72.11333,-36.60762],[-72.11317,-36.60765]]}},{"type":"Feature","properties":{"nombre":"Eduardo Parra Sandoval","jerarquia":4},"geometry":{"type":"LineString","coordinates":[[-72.11496,-36.60657],[-72.11461,-36.60695]]}},{"type":"Feature","properties":{"nombre":"Ruta 5 Sur","jerarquia":1},"geometry":{"type":"LineString","coordinates":[[-72.09949,-36.56007],[-72.09896,-36.55964]]}},{"type":"Feature","properties":{"nombre":"Ruta 5 Sur","jerarquia":1},"geometry":{"type":"LineString","coordinates":[[-72.09896,-36.55964],[-72.09765,-36.55885],[-72.09701,-36.55841]]}},{"type":"Feature","properties":{"nombre":"","jerarquia":1},"geometry":{"type":"LineString","coordinates":[[-72.09623,-36.55764],[-72.0957,-36.55731],[-72.09545,-36.55731],[-72.09526,-36.55739],[-72.09514,-36.55753],[-72.0951,-36.55766],[-72.09512,-36.55833]]}},{"type":"Feature","properties":{"nombre":"","jerarquia":1},"geometry":{"type":"LineString","coordinates":[[-72.09512,-36.55833],[-72.09513,-36.55845]]}},{"type":"Feature","properties":{"nombre":"Ruta 5 Sur","jerarquia":1},"geometry":{"type":"LineString","coordinates":[[-72.09895,-36.55953],[-72.09949,-36.55994]]}},{"type":"Feature","properties":{"nombre":"Ruta 5 Sur","jerarquia":1},"geometry":{"type":"LineString","coordinates":[[-72.12526,-36.59089],[-72.12893,-36.59407],[-72.13034,-36.59519],[-72.13179,-36.59617],[-72.13568,-36.59846],[-72.13723,-36.59949],[-72.13846,-36.6004],[-72.14312,-36.60404],[-72.14845,-36.60783]]}},{"type":"Feature","properties":{"nombre":"","jerarquia":1},"geometry":{"type":"LineString","coordinates":[[-72.09634,-36.55739],[-72.09626,-36.55804]]}},{"type":"Feature","properties":{"nombre":"","jerarquia":1},"geometry":{"type":"LineString","coordinates":[[-72.09513,-36.55845],[-72.09496,-36.55816],[-72.0949,-36.55786]]}},{"type":"Feature","properties":{"nombre":"Ruta 5 Sur","jerarquia":1},"geometry":{"type":"LineString","coordinates":[[-72.10522,-36.57969],[-72.10114,-36.56521],[-72.10095,-36.56426],[-72.10088,-36.56284],[-72.10075,-36.56207],[-72.10053,-36.56146],[-72.10027,-36.56098],[-72.09993,-36.56053],[-72.09949,-36.56007]]}},{"type":"Feature","properties":{"nombre":"Avenida Francisco Ramírez","jerarquia":4},"geometry":{"type":"LineString","coordinates":[[-72.09298,-36.60855],[-72.09089,-36.60859]]}},{"type":"Feature","properties":{"nombre":"Avenida Francisco Ramírez","jerarquia":4},"geometry":{"type":"LineString","coordinates":[[-72.09089,-36.60859],[-72.08907,-36.6086]]}},{"type":"Feature","properties":{"nombre":"Avenida Francisco Ramírez","jerarquia":4},"geometry":{"type":"LineString","coordinates":[[-72.08907,-36.6086],[-72.08787,-36.6086]]}},{"type":"Feature","properties":{"nombre":"Avenida Francisco Ramírez","jerarquia":4},"geometry":{"type":"LineString","coordinates":[[-72.08787,-36.6086],[-72.08782,-36.6086]]}},{"type":"Feature","properties":{"nombre":"Avenida Mariscal Ruiz de Gamboa","jerarquia":3},"geometry":{"type":"LineString","coordinates":[[-72.13549,-36.6183],[-72.13509,-36.61734],[-72.13492,-36.61711],[-72.13468,-36.61693],[-72.13271,-36.61615],[-72.13208,-36.61608]]}},{"type":"Feature","properties":{"nombre":"Luis Arellano","jerarquia":3},"geometry":{"type":"LineString","coordinates":[[-72.13549,-36.6183],[-72.13585,-36.61926]]}},{"type":"Feature","properties":{"nombre":"Luis Arellano","jerarquia":3},"geometry":{"type":"LineString","coordinates":[[-72.13585,-36.61926],[-72.13627,-36.62041]]}},{"type":"Feature","properties":{"nombre":"Luis Arellano","jerarquia":3},"geometry":{"type":"LineString","coordinates":[[-72.13627,-36.62041],[-72.13663,-36.6214]]}},{"type":"Feature","properties":{"nombre":"20 de Agosto","jerarquia":5},"geometry":{"type":"LineString","coordinates":[[-72.13084,-36.61627],[-72.13086,-36.61631]]}},{"type":"Feature","properties":{"nombre":"20 de Agosto","jerarquia":5},"geometry":{"type":"LineString","coordinates":[[-72.13086,-36.61631],[-72.13086,-36.61635]]}},{"type":"Feature","properties":{"nombre":"","jerarquia":3},"geometry":{"type":"LineString","coordinates":[[-72.13663,-36.6214],[-72.13683,-36.62155]]}},{"type":"Feature","properties":{"nombre":"","jerarquia":3},"geometry":{"type":"LineString","coordinates":[[-72.13683,-36.62155],[-72.13714,-36.62164]]}},{"type":"Feature","properties":{"nombre":"Luis Arellano","jerarquia":3},"geometry":{"type":"LineString","coordinates":[[-72.13673,-36.6217],[-72.13671,-36.62165]]}},{"type":"Feature","properties":{"nombre":"Luis Arellano","jerarquia":5},"geometry":{"type":"LineString","coordinates":[[-72.13679,-36.62188],[-72.13709,-36.62284]]}},{"type":"Feature","properties":{"nombre":"Luis Arellano","jerarquia":5},"geometry":{"type":"LineString","coordinates":[[-72.13709,-36.62284],[-72.13744,-36.62403]]}},{"type":"Feature","properties":{"nombre":"","jerarquia":1},"geometry":{"type":"LineString","coordinates":[[-72.10893,-36.58459],[-72.10956,-36.58463],[-72.11011,-36.58477],[-72.11053,-36.58495],[-72.11124,-36.58534],[-72.11201,-36.58563]]}},{"type":"Feature","properties":{"nombre":"","jerarquia":1},"geometry":{"type":"LineString","coordinates":[[-72.10815,-36.58458],[-72.10893,-36.58459]]}},{"type":"Feature","properties":{"nombre":"","jerarquia":1},"geometry":{"type":"LineString","coordinates":[[-72.09489,-36.55514],[-72.09534,-36.55575],[-72.09592,-36.55622],[-72.09619,-36.55657],[-72.09635,-36.557],[-72.09634,-36.55739]]}},{"type":"Feature","properties":{"nombre":"Avenida Francisco Ramírez","jerarquia":4},"geometry":{"type":"LineString","coordinates":[[-72.08782,-36.6086],[-72.08768,-36.6086]]}},{"type":"Feature","properties":{"nombre":"Avenida Francisco Ramírez","jerarquia":4},"geometry":{"type":"LineString","coordinates":[[-72.08768,-36.6086],[-72.08759,-36.6086]]}},{"type":"Feature","properties":{"nombre":"Avenida Francisco Ramírez","jerarquia":4},"geometry":{"type":"LineString","coordinates":[[-72.08759,-36.6086],[-72.08653,-36.60856]]}},{"type":"Feature","properties":{"nombre":"Mario Vergara","jerarquia":5},"geometry":{"type":"LineString","coordinates":[[-72.08647,-36.60865],[-72.08638,-36.60882]]}},{"type":"Feature","properties":{"nombre":"Avenida Andrés Bello","jerarquia":5},"geometry":{"type":"LineString","coordinates":[[-72.06668,-36.58734],[-72.06625,-36.58681]]}},{"type":"Feature","properties":{"nombre":"Avenida Andrés Bello","jerarquia":5},"geometry":{"type":"LineString","coordinates":[[-72.06625,-36.58681],[-72.06615,-36.58669]]}},{"type":"Feature","properties":{"nombre":"Andrés Bello","jerarquia":5},"geometry":{"type":"LineString","coordinates":[[-72.06615,-36.58669],[-72.06626,-36.58663]]}},{"type":"Feature","properties":{"nombre":"Emmanuel","jerarquia":5},"geometry":{"type":"LineString","coordinates":[[-72.06856,-36.58969],[-72.06884,-36.58958]]}},{"type":"Feature","properties":{"nombre":"","jerarquia":1},"geometry":{"type":"LineString","coordinates":[[-72.09626,-36.55804],[-72.09611,-36.55838],[-72.09576,-36.55861]]}},{"type":"Feature","properties":{"nombre":"","jerarquia":1},"geometry":{"type":"LineString","coordinates":[[-72.09481,-36.55682],[-72.09476,-36.55605],[-72.09479,-36.55552],[-72.09471,-36.55507]]}},{"type":"Feature","properties":{"nombre":"Virrey Don Ambrosio","jerarquia":5},"geometry":{"type":"LineString","coordinates":[[-72.13205,-36.62105],[-72.13356,-36.62085]]}},{"type":"Feature","properties":{"nombre":"Ruta N-357","jerarquia":5},"geometry":{"type":"LineString","coordinates":[[-72.01971,-36.48475],[-72.01889,-36.48478]]}},{"type":"Feature","properties":{"nombre":"Ruta N-357","jerarquia":5},"geometry":{"type":"LineString","coordinates":[[-72.01889,-36.48478],[-72.0161,-36.48485]]}},{"type":"Feature","properties":{"nombre":"Ruta N-357","jerarquia":5},"geometry":{"type":"LineString","coordinates":[[-72.0161,-36.48485],[-72.01252,-36.48498]]}},{"type":"Feature","properties":{"nombre":"Ruta N-357","jerarquia":5},"geometry":{"type":"LineString","coordinates":[[-72.01252,-36.48498],[-72.00431,-36.48515],[-71.99909,-36.48493],[-71.99664,-36.48515],[-71.9964,-36.48514],[-71.99599,-36.48506],[-71.98843,-36.48283]]}},{"type":"Feature","properties":{"nombre":"Ruta N-357","jerarquia":5},"geometry":{"type":"LineString","coordinates":[[-71.98843,-36.48283],[-71.98832,-36.48278]]}},{"type":"Feature","properties":{"nombre":"Ruta N-357","jerarquia":5},"geometry":{"type":"LineString","coordinates":[[-71.98832,-36.48278],[-71.97928,-36.47978],[-71.97856,-36.4796]]}},{"type":"Feature","properties":{"nombre":"Ruta N-357","jerarquia":5},"geometry":{"type":"LineString","coordinates":[[-71.97856,-36.4796],[-71.97594,-36.47973],[-71.97455,-36.47965],[-71.97245,-36.4794]]}},{"type":"Feature","properties":{"nombre":"Ruta N-357","jerarquia":5},"geometry":{"type":"LineString","coordinates":[[-71.97245,-36.4794],[-71.97031,-36.47903]]}},{"type":"Feature","properties":{"nombre":"Ruta N-357","jerarquia":5},"geometry":{"type":"LineString","coordinates":[[-71.97031,-36.47903],[-71.96737,-36.4785],[-71.96545,-36.47804],[-71.9629,-36.4779]]}},{"type":"Feature","properties":{"nombre":"Ruta N-357","jerarquia":5},"geometry":{"type":"LineString","coordinates":[[-71.9629,-36.4779],[-71.96043,-36.47778],[-71.95864,-36.47755],[-71.95694,-36.47719],[-71.95559,-36.47716]]}},{"type":"Feature","properties":{"nombre":"Ruta N-357","jerarquia":5},"geometry":{"type":"LineString","coordinates":[[-71.95559,-36.47716],[-71.95421,-36.47724],[-71.95262,-36.47747],[-71.95178,-36.4777],[-71.95038,-36.47824]]}},{"type":"Feature","properties":{"nombre":"Ruta N-357","jerarquia":5},"geometry":{"type":"LineString","coordinates":[[-71.95038,-36.47824],[-71.94774,-36.47834],[-71.94484,-36.47839],[-71.94158,-36.47821],[-71.93677,-36.4782]]}},{"type":"Feature","properties":{"nombre":"","jerarquia":1},"geometry":{"type":"LineString","coordinates":[[-72.06171,-36.52194],[-72.06177,-36.52225]]}},{"type":"Feature","properties":{"nombre":"","jerarquia":1},"geometry":{"type":"LineString","coordinates":[[-72.06177,-36.52175],[-72.06167,-36.52158],[-72.06153,-36.52149],[-72.06134,-36.52146],[-72.06116,-36.52151]]}},{"type":"Feature","properties":{"nombre":"Ruta 5 Sur","jerarquia":1},"geometry":{"type":"LineString","coordinates":[[-72.06239,-36.52285],[-72.06145,-36.52219]]}},{"type":"Feature","properties":{"nombre":"Ruta N-546","jerarquia":5},"geometry":{"type":"LineString","coordinates":[[-72.09092,-36.53616],[-72.09346,-36.53526],[-72.09359,-36.53512],[-72.09292,-36.53195],[-72.09294,-36.53141],[-72.09283,-36.53089]]}},{"type":"Feature","properties":{"nombre":"Ruta N-546","jerarquia":5},"geometry":{"type":"LineString","coordinates":[[-72.09283,-36.53089],[-72.09228,-36.52832],[-72.09228,-36.52823],[-72.09236,-36.52813],[-72.09249,-36.52807],[-72.09665,-36.52751],[-72.09682,-36.52744]]}},{"type":"Feature","properties":{"nombre":"Ruta N-546","jerarquia":5},"geometry":{"type":"LineString","coordinates":[[-72.09682,-36.52744],[-72.09689,-36.52734],[-72.0969,-36.52722],[-72.09643,-36.52496]]}},{"type":"Feature","properties":{"nombre":"Ruta N-546","jerarquia":5},"geometry":{"type":"LineString","coordinates":[[-72.09643,-36.52496],[-72.09554,-36.52061],[-72.09559,-36.52049],[-72.09588,-36.52041],[-72.09599,-36.52032],[-72.09603,-36.51971]]}},{"type":"Feature","properties":{"nombre":"Autopista del Itata","jerarquia":1},"geometry":{"type":"LineString","coordinates":[[-72.2649,-36.66009],[-72.26213,-36.66069],[-72.26085,-36.66086],[-72.25939,-36.66088],[-72.25863,-36.66082],[-72.25775,-36.66067],[-72.25631,-36.66025],[-72.24271,-36.65537]]}},{"type":"Feature","properties":{"nombre":"Autopista del Itata","jerarquia":1},"geometry":{"type":"LineString","coordinates":[[-72.26473,-36.66003],[-72.2655,-36.65986]]}},{"type":"Feature","properties":{"nombre":"Autopista del Itata","jerarquia":1},"geometry":{"type":"LineString","coordinates":[[-72.26569,-36.65992],[-72.2649,-36.66009]]}},{"type":"Feature","properties":{"nombre":"Ruta N-620","jerarquia":5},"geometry":{"type":"LineString","coordinates":[[-72.28242,-36.55616],[-72.28337,-36.55584]]}},{"type":"Feature","properties":{"nombre":"Ruta N-620","jerarquia":5},"geometry":{"type":"LineString","coordinates":[[-72.28337,-36.55584],[-72.28608,-36.55497]]}},{"type":"Feature","properties":{"nombre":"Ruta N-620","jerarquia":5},"geometry":{"type":"LineString","coordinates":[[-72.28608,-36.55497],[-72.28649,-36.55477],[-72.28689,-36.55442],[-72.28925,-36.55165]]}},{"type":"Feature","properties":{"nombre":"Ruta N-620","jerarquia":5},"geometry":{"type":"LineString","coordinates":[[-72.28925,-36.55165],[-72.29079,-36.54985]]}},{"type":"Feature","properties":{"nombre":"Ruta N-620","jerarquia":5},"geometry":{"type":"LineString","coordinates":[[-72.29079,-36.54985],[-72.29319,-36.54703],[-72.29363,-36.54664],[-72.29431,-36.54622]]}},{"type":"Feature","properties":{"nombre":"Ruta N-620","jerarquia":5},"geometry":{"type":"LineString","coordinates":[[-72.29431,-36.54622],[-72.29886,-36.54374],[-72.30074,-36.54308]]}},{"type":"Feature","properties":{"nombre":"Ruta N-620","jerarquia":5},"geometry":{"type":"LineString","coordinates":[[-72.30074,-36.54308],[-72.30225,-36.54259]]}},{"type":"Feature","properties":{"nombre":"Ruta N-620","jerarquia":5},"geometry":{"type":"LineString","coordinates":[[-72.30225,-36.54259],[-72.30671,-36.54113]]}},{"type":"Feature","properties":{"nombre":"Ruta N-620","jerarquia":5},"geometry":{"type":"LineString","coordinates":[[-72.30671,-36.54113],[-72.30958,-36.5402]]}},{"type":"Feature","properties":{"nombre":"Ruta N-620","jerarquia":5},"geometry":{"type":"LineString","coordinates":[[-72.30958,-36.5402],[-72.31161,-36.53954],[-72.31233,-36.53922]]}},{"type":"Feature","properties":{"nombre":"Ruta N-620","jerarquia":5},"geometry":{"type":"LineString","coordinates":[[-72.22249,-36.57601],[-72.23629,-36.57591]]}},{"type":"Feature","properties":{"nombre":"Ruta N-620","jerarquia":5},"geometry":{"type":"LineString","coordinates":[[-72.23629,-36.57591],[-72.23868,-36.57591],[-72.23908,-36.57586],[-72.23942,-36.57576],[-72.24003,-36.57539],[-72.24168,-36.57391]]}},{"type":"Feature","properties":{"nombre":"Ruta N-620","jerarquia":5},"geometry":{"type":"LineString","coordinates":[[-72.24168,-36.57391],[-72.24825,-36.56836],[-72.24909,-36.5679],[-72.25245,-36.56654]]}},{"type":"Feature","properties":{"nombre":"Ruta N-620","jerarquia":5},"geometry":{"type":"LineString","coordinates":[[-72.25245,-36.56654],[-72.25447,-36.56572]]}},{"type":"Feature","properties":{"nombre":"Ruta N-620","jerarquia":5},"geometry":{"type":"LineString","coordinates":[[-72.25447,-36.56572],[-72.25688,-36.56474]]}},{"type":"Feature","properties":{"nombre":"Ruta N-620","jerarquia":5},"geometry":{"type":"LineString","coordinates":[[-72.25688,-36.56474],[-72.26038,-36.5633]]}},{"type":"Feature","properties":{"nombre":"Ruta N-620","jerarquia":5},"geometry":{"type":"LineString","coordinates":[[-72.26038,-36.5633],[-72.2609,-36.56308]]}},{"type":"Feature","properties":{"nombre":"Ruta N-620","jerarquia":5},"geometry":{"type":"LineString","coordinates":[[-72.2609,-36.56308],[-72.26289,-36.56226]]}},{"type":"Feature","properties":{"nombre":"Ruta N-620","jerarquia":5},"geometry":{"type":"LineString","coordinates":[[-72.26289,-36.56226],[-72.26387,-36.56187],[-72.26494,-36.56152]]}},{"type":"Feature","properties":{"nombre":"Ruta N-620","jerarquia":5},"geometry":{"type":"LineString","coordinates":[[-72.26494,-36.56152],[-72.26553,-36.56135]]}},{"type":"Feature","properties":{"nombre":"Ruta N-620","jerarquia":5},"geometry":{"type":"LineString","coordinates":[[-72.26553,-36.56135],[-72.27167,-36.55965],[-72.28242,-36.55616]]}},{"type":"Feature","properties":{"nombre":"Ruta N-620","jerarquia":4},"geometry":{"type":"LineString","coordinates":[[-72.21048,-36.57659],[-72.21569,-36.57437]]}},{"type":"Feature","properties":{"nombre":"","jerarquia":1},"geometry":{"type":"LineString","coordinates":[[-72.14992,-36.60815],[-72.15008,-36.60831],[-72.15011,-36.60851]]}},{"type":"Feature","properties":{"nombre":"","jerarquia":1},"geometry":{"type":"LineString","coordinates":[[-72.15067,-36.60827],[-72.15034,-36.60834],[-72.15017,-36.60845]]}},{"type":"Feature","properties":{"nombre":"","jerarquia":1},"geometry":{"type":"LineString","coordinates":[[-72.15017,-36.60845],[-72.15011,-36.60851]]}},{"type":"Feature","properties":{"nombre":"","jerarquia":5},"geometry":{"type":"LineString","coordinates":[[-72.05628,-36.51877],[-72.05512,-36.51794]]}},{"type":"Feature","properties":{"nombre":"","jerarquia":5},"geometry":{"type":"LineString","coordinates":[[-72.05512,-36.51794],[-72.054,-36.51716]]}},{"type":"Feature","properties":{"nombre":"","jerarquia":5},"geometry":{"type":"LineString","coordinates":[[-72.054,-36.51716],[-72.05087,-36.51484],[-72.05049,-36.51461]]}},{"type":"Feature","properties":{"nombre":"","jerarquia":1},"geometry":{"type":"LineString","coordinates":[[-72.06144,-36.52202],[-72.0616,-36.52201],[-72.06171,-36.52194]]}},{"type":"Feature","properties":{"nombre":"","jerarquia":1},"geometry":{"type":"LineString","coordinates":[[-72.06239,-36.52285],[-72.06196,-36.52271],[-72.06133,-36.52267]]}},{"type":"Feature","properties":{"nombre":"Acceso a Nueva Esperanza","jerarquia":5},"geometry":{"type":"LineString","coordinates":[[-72.06063,-36.52241],[-72.06042,-36.52252],[-72.0602,-36.52249],[-72.0597,-36.52221],[-72.05935,-36.52194],[-72.05917,-36.52163],[-72.05911,-36.52095],[-72.05885,-36.52067]]}},{"type":"Feature","properties":{"nombre":"Manuel Castillo","jerarquia":5},"geometry":{"type":"LineString","coordinates":[[-72.05512,-36.51794],[-72.05437,-36.51846]]}},{"type":"Feature","properties":{"nombre":"Manuel Castillo","jerarquia":5},"geometry":{"type":"LineString","coordinates":[[-72.05437,-36.51846],[-72.05431,-36.51851]]}},{"type":"Feature","properties":{"nombre":"Manuel Castillo","jerarquia":5},"geometry":{"type":"LineString","coordinates":[[-72.05431,-36.51851],[-72.054,-36.51872]]}},{"type":"Feature","properties":{"nombre":"Ruta N-546","jerarquia":5},"geometry":{"type":"LineString","coordinates":[[-72.09157,-36.54459],[-72.09149,-36.54415],[-72.09153,-36.54335]]}},{"type":"Feature","properties":{"nombre":"Ruta N-546","jerarquia":5},"geometry":{"type":"LineString","coordinates":[[-72.09153,-36.54335],[-72.09154,-36.54309],[-72.09148,-36.54288],[-72.09059,-36.54194],[-72.09064,-36.54184],[-72.09076,-36.54175],[-72.09077,-36.54166],[-72.0896,-36.54075],[-72.08951,-36.5406]]}},{"type":"Feature","properties":{"nombre":"Ruta N-546","jerarquia":5},"geometry":{"type":"LineString","coordinates":[[-72.08951,-36.5406],[-72.08953,-36.54048],[-72.09138,-36.53748],[-72.09137,-36.5373],[-72.0908,-36.53628],[-72.09092,-36.53616]]}},{"type":"Feature","properties":{"nombre":"Camino Santa Isabel","jerarquia":5},"geometry":{"type":"LineString","coordinates":[[-72.02267,-36.49092],[-72.02295,-36.49169]]}},{"type":"Feature","properties":{"nombre":"Camino Santa Isabel","jerarquia":5},"geometry":{"type":"LineString","coordinates":[[-72.02295,-36.49169],[-72.02324,-36.49252],[-72.02357,-36.49299],[-72.02657,-36.49556],[-72.03069,-36.49888],[-72.03112,-36.49945],[-72.03126,-36.4999],[-72.03149,-36.50097]]}},{"type":"Feature","properties":{"nombre":"","jerarquia":1},"geometry":{"type":"LineString","coordinates":[[-72.02058,-36.48459],[-72.02057,-36.48429]]}},{"type":"Feature","properties":{"nombre":"","jerarquia":1},"geometry":{"type":"LineString","coordinates":[[-72.01569,-36.47844],[-72.01596,-36.47844]]}},{"type":"Feature","properties":{"nombre":"","jerarquia":1},"geometry":{"type":"LineString","coordinates":[[-72.01596,-36.47844],[-72.016,-36.47844]]}},{"type":"Feature","properties":{"nombre":"Camino Lateral Ruta 5","jerarquia":5},"geometry":{"type":"LineString","coordinates":[[-72.01999,-36.4839],[-72.02053,-36.4836]]}},{"type":"Feature","properties":{"nombre":"Camino Lateral Ruta 5","jerarquia":5},"geometry":{"type":"LineString","coordinates":[[-72.02053,-36.4836],[-72.0208,-36.48349],[-72.02118,-36.48349]]}},{"type":"Feature","properties":{"nombre":"","jerarquia":1},"geometry":{"type":"LineString","coordinates":[[-72.02126,-36.48413],[-72.02115,-36.48426],[-72.02109,-36.48445]]}},{"type":"Feature","properties":{"nombre":"","jerarquia":1},"geometry":{"type":"LineString","coordinates":[[-72.02109,-36.48445],[-72.02112,-36.48473]]}},{"type":"Feature","properties":{"nombre":"","jerarquia":1},"geometry":{"type":"LineString","coordinates":[[-72.02044,-36.48393],[-72.02081,-36.48415],[-72.02103,-36.48418],[-72.02126,-36.48413]]}},{"type":"Feature","properties":{"nombre":"","jerarquia":1},"geometry":{"type":"LineString","coordinates":[[-72.02086,-36.48465],[-72.02058,-36.48459]]}},{"type":"Feature","properties":{"nombre":"Ruta N-357","jerarquia":5},"geometry":{"type":"LineString","coordinates":[[-72.01971,-36.48475],[-72.0197,-36.4847]]}},{"type":"Feature","properties":{"nombre":"Ruta N-357","jerarquia":5},"geometry":{"type":"LineString","coordinates":[[-72.0197,-36.4847],[-72.01971,-36.48414],[-72.01981,-36.484],[-72.01999,-36.4839]]}},{"type":"Feature","properties":{"nombre":"","jerarquia":4},"geometry":{"type":"LineString","coordinates":[[-72.1101,-36.59937],[-72.10988,-36.59943]]}},{"type":"Feature","properties":{"nombre":"","jerarquia":4},"geometry":{"type":"LineString","coordinates":[[-72.10988,-36.59943],[-72.1098,-36.59945]]}},{"type":"Feature","properties":{"nombre":"Serrano","jerarquia":5},"geometry":{"type":"LineString","coordinates":[[-72.13387,-36.62204],[-72.13359,-36.62094]]}},{"type":"Feature","properties":{"nombre":"Serrano","jerarquia":5},"geometry":{"type":"LineString","coordinates":[[-72.13359,-36.62094],[-72.13356,-36.62085]]}},{"type":"Feature","properties":{"nombre":"Gacitúa","jerarquia":5},"geometry":{"type":"LineString","coordinates":[[-72.12113,-36.62509],[-72.12077,-36.6254]]}},{"type":"Feature","properties":{"nombre":"Gacitúa","jerarquia":5},"geometry":{"type":"LineString","coordinates":[[-72.12077,-36.6254],[-72.12047,-36.62566]]}},{"type":"Feature","properties":{"nombre":"Gacitúa","jerarquia":5},"geometry":{"type":"LineString","coordinates":[[-72.12047,-36.62566],[-72.12038,-36.62575]]}},{"type":"Feature","properties":{"nombre":"Gacitúa","jerarquia":5},"geometry":{"type":"LineString","coordinates":[[-72.12038,-36.62575],[-72.12014,-36.62596]]}},{"type":"Feature","properties":{"nombre":"Gacitúa","jerarquia":5},"geometry":{"type":"LineString","coordinates":[[-72.12014,-36.62596],[-72.11976,-36.6263]]}},{"type":"Feature","properties":{"nombre":"Gacitúa","jerarquia":5},"geometry":{"type":"LineString","coordinates":[[-72.11976,-36.6263],[-72.11926,-36.62675]]}},{"type":"Feature","properties":{"nombre":"Gacitúa","jerarquia":5},"geometry":{"type":"LineString","coordinates":[[-72.11926,-36.62675],[-72.11866,-36.62727]]}},{"type":"Feature","properties":{"nombre":"Gacitúa","jerarquia":5},"geometry":{"type":"LineString","coordinates":[[-72.11866,-36.62727],[-72.11788,-36.62795]]}},{"type":"Feature","properties":{"nombre":"Orozimbo Barboza","jerarquia":5},"geometry":{"type":"LineString","coordinates":[[-72.12389,-36.61975],[-72.12422,-36.62093]]}},{"type":"Feature","properties":{"nombre":"Orozimbo Barboza","jerarquia":5},"geometry":{"type":"LineString","coordinates":[[-72.12422,-36.62093],[-72.12455,-36.62212]]}},{"type":"Feature","properties":{"nombre":"Orozimbo Barboza","jerarquia":5},"geometry":{"type":"LineString","coordinates":[[-72.12455,-36.62212],[-72.12465,-36.62245]]}},{"type":"Feature","properties":{"nombre":"","jerarquia":3},"geometry":{"type":"LineString","coordinates":[[-72.10346,-36.59139],[-72.10363,-36.59133]]}},{"type":"Feature","properties":{"nombre":"Gamero","jerarquia":5},"geometry":{"type":"LineString","coordinates":[[-72.10706,-36.60108],[-72.1069,-36.60112]]}},{"type":"Feature","properties":{"nombre":"Gamero","jerarquia":5},"geometry":{"type":"LineString","coordinates":[[-72.1069,-36.60112],[-72.10556,-36.60145]]}},{"type":"Feature","properties":{"nombre":"Gamero","jerarquia":5},"geometry":{"type":"LineString","coordinates":[[-72.10556,-36.60145],[-72.10477,-36.60164]]}},{"type":"Feature","properties":{"nombre":"Gamero","jerarquia":5},"geometry":{"type":"LineString","coordinates":[[-72.10477,-36.60164],[-72.10405,-36.60182]]}},{"type":"Feature","properties":{"nombre":"Gamero","jerarquia":5},"geometry":{"type":"LineString","coordinates":[[-72.10405,-36.60182],[-72.10249,-36.60219]]}},{"type":"Feature","properties":{"nombre":"Ruta N-59-Q","jerarquia":3},"geometry":{"type":"LineString","coordinates":[[-72.14537,-36.64706],[-72.14644,-36.64953],[-72.14664,-36.65005],[-72.14676,-36.65054]]}},{"type":"Feature","properties":{"nombre":"Ruta N-59-Q","jerarquia":3},"geometry":{"type":"LineString","coordinates":[[-72.14676,-36.65054],[-72.14683,-36.65128],[-72.1468,-36.65186],[-72.14599,-36.65565],[-72.14587,-36.65656],[-72.14552,-36.66021]]}},{"type":"Feature","properties":{"nombre":"Ruta N-59-Q","jerarquia":3},"geometry":{"type":"LineString","coordinates":[[-72.14552,-36.66021],[-72.14548,-36.66063]]}},{"type":"Feature","properties":{"nombre":"Ruta N-59-Q","jerarquia":3},"geometry":{"type":"LineString","coordinates":[[-72.14548,-36.66063],[-72.14532,-36.66227]]}},{"type":"Feature","properties":{"nombre":"Ruta N-59-Q","jerarquia":3},"geometry":{"type":"LineString","coordinates":[[-72.14532,-36.66227],[-72.14516,-36.66397]]}},{"type":"Feature","properties":{"nombre":"Ruta N-59-Q","jerarquia":3},"geometry":{"type":"LineString","coordinates":[[-72.14516,-36.66397],[-72.14492,-36.66642]]}},{"type":"Feature","properties":{"nombre":"Ruta N-59-Q","jerarquia":3},"geometry":{"type":"LineString","coordinates":[[-72.14513,-36.64653],[-72.14537,-36.64706]]}},{"type":"Feature","properties":{"nombre":"Avenida Brasil","jerarquia":4},"geometry":{"type":"LineString","coordinates":[[-72.10945,-36.59764],[-72.10949,-36.59775]]}},{"type":"Feature","properties":{"nombre":"Avenida Paul Harris","jerarquia":4},"geometry":{"type":"LineString","coordinates":[[-72.10228,-36.58526],[-72.10216,-36.58529]]}},{"type":"Feature","properties":{"nombre":"Avenida Paul Harris","jerarquia":4},"geometry":{"type":"LineString","coordinates":[[-72.10216,-36.58529],[-72.10114,-36.58558]]}},{"type":"Feature","properties":{"nombre":"Avenida Paul Harris","jerarquia":4},"geometry":{"type":"LineString","coordinates":[[-72.10114,-36.58558],[-72.10088,-36.58566]]}},{"type":"Feature","properties":{"nombre":"Avenida Paul Harris","jerarquia":4},"geometry":{"type":"LineString","coordinates":[[-72.10088,-36.58566],[-72.10063,-36.58573]]}},{"type":"Feature","properties":{"nombre":"","jerarquia":5},"geometry":{"type":"LineString","coordinates":[[-72.09139,-36.54678],[-72.0917,-36.54749]]}},{"type":"Feature","properties":{"nombre":"","jerarquia":5},"geometry":{"type":"LineString","coordinates":[[-72.0917,-36.54749],[-72.09181,-36.54759]]}},{"type":"Feature","properties":{"nombre":"","jerarquia":5},"geometry":{"type":"LineString","coordinates":[[-72.09181,-36.54759],[-72.09206,-36.54758],[-72.09224,-36.54745]]}},{"type":"Feature","properties":{"nombre":"","jerarquia":5},"geometry":{"type":"LineString","coordinates":[[-72.09224,-36.54745],[-72.09228,-36.54669]]}},{"type":"Feature","properties":{"nombre":"","jerarquia":1},"geometry":{"type":"LineString","coordinates":[[-72.08565,-36.53992],[-72.08548,-36.53986],[-72.08531,-36.53989]]}},{"type":"Feature","properties":{"nombre":"Calle 3","jerarquia":5},"geometry":{"type":"LineString","coordinates":[[-72.08531,-36.53989],[-72.08492,-36.54014]]}},{"type":"Feature","properties":{"nombre":"Calle 3","jerarquia":5},"geometry":{"type":"LineString","coordinates":[[-72.08492,-36.54014],[-72.08445,-36.54051]]}},{"type":"Feature","properties":{"nombre":"Ruta N-356","jerarquia":5},"geometry":{"type":"LineString","coordinates":[[-72.07159,-36.46844],[-72.07176,-36.46848],[-72.07219,-36.4684]]}},{"type":"Feature","properties":{"nombre":"Ruta N-595","jerarquia":5},"geometry":{"type":"LineString","coordinates":[[-72.16562,-36.66974],[-72.16566,-36.66999],[-72.1659,-36.67037],[-72.1661,-36.67084],[-72.16626,-36.67177],[-72.16641,-36.67216],[-72.1667,-36.67256],[-72.16697,-36.67275],[-72.16732,-36.67277],[-72.16809,-36.6726],[-72.16964,-36.67213],[-72.17043,-36.67199],[-72.17129,-36.67172],[-72.17185,-36.67133],[-72.17305,-36.67024],[-72.17326,-36.67011],[-72.17635,-36.66933],[-72.17675,-36.66912],[-72.17705,-36.6687],[-72.17839,-36.66606],[-72.17916,-36.66555],[-72.17977,-36.6653],[-72.18081,-36.6647],[-72.18279,-36.66441],[-72.18403,-36.66397],[-72.18445,-36.66367],[-72.18511,-36.66289],[-72.18589,-36.66234],[-72.18805,-36.66118],[-72.19112,-36.65979]]}},{"type":"Feature","properties":{"nombre":"Ruta N-595","jerarquia":5},"geometry":{"type":"LineString","coordinates":[[-72.19112,-36.65979],[-72.19193,-36.65927]]}},{"type":"Feature","properties":{"nombre":"Ruta N-595","jerarquia":5},"geometry":{"type":"LineString","coordinates":[[-72.19193,-36.65927],[-72.19247,-36.65889],[-72.19325,-36.6581],[-72.19373,-36.65772]]}},{"type":"Feature","properties":{"nombre":"Ruta N-595","jerarquia":5},"geometry":{"type":"LineString","coordinates":[[-72.19373,-36.65772],[-72.19375,-36.6577]]}},{"type":"Feature","properties":{"nombre":"Ruta N-595","jerarquia":5},"geometry":{"type":"LineString","coordinates":[[-72.19375,-36.6577],[-72.19379,-36.65766]]}},{"type":"Feature","properties":{"nombre":"Ruta N-595","jerarquia":5},"geometry":{"type":"LineString","coordinates":[[-72.19379,-36.65766],[-72.19402,-36.65747]]}},{"type":"Feature","properties":{"nombre":"Ruta N-595","jerarquia":5},"geometry":{"type":"LineString","coordinates":[[-72.19402,-36.65747],[-72.19484,-36.65672]]}},{"type":"Feature","properties":{"nombre":"Ruta N-595","jerarquia":5},"geometry":{"type":"LineString","coordinates":[[-72.19484,-36.65672],[-72.19515,-36.65638],[-72.19557,-36.65569]]}},{"type":"Feature","properties":{"nombre":"Ruta N-595","jerarquia":5},"geometry":{"type":"LineString","coordinates":[[-72.19557,-36.65569],[-72.1962,-36.65476]]}},{"type":"Feature","properties":{"nombre":"Ruta N-595","jerarquia":5},"geometry":{"type":"LineString","coordinates":[[-72.1962,-36.65476],[-72.19659,-36.65424],[-72.1978,-36.65341]]}},{"type":"Feature","properties":{"nombre":"Ruta N-595","jerarquia":5},"geometry":{"type":"LineString","coordinates":[[-72.1978,-36.65341],[-72.19989,-36.65167],[-72.2067,-36.64753]]}},{"type":"Feature","properties":{"nombre":"Reloncaví","jerarquia":5},"geometry":{"type":"LineString","coordinates":[[-72.08359,-36.61678],[-72.0831,-36.61691]]}},{"type":"Feature","properties":{"nombre":"Reloncaví","jerarquia":5},"geometry":{"type":"LineString","coordinates":[[-72.0831,-36.61691],[-72.08277,-36.617]]}},{"type":"Feature","properties":{"nombre":"Reloncaví","jerarquia":5},"geometry":{"type":"LineString","coordinates":[[-72.08277,-36.617],[-72.08265,-36.61703]]}},{"type":"Feature","properties":{"nombre":"Reloncaví","jerarquia":5},"geometry":{"type":"LineString","coordinates":[[-72.08265,-36.61703],[-72.0822,-36.61715]]}},{"type":"Feature","properties":{"nombre":"Reloncaví","jerarquia":5},"geometry":{"type":"LineString","coordinates":[[-72.0822,-36.61715],[-72.08207,-36.61719]]}},{"type":"Feature","properties":{"nombre":"Reloncaví","jerarquia":5},"geometry":{"type":"LineString","coordinates":[[-72.08207,-36.61719],[-72.08176,-36.61727]]}},{"type":"Feature","properties":{"nombre":"Reloncaví","jerarquia":5},"geometry":{"type":"LineString","coordinates":[[-72.08176,-36.61727],[-72.08132,-36.61739]]}},{"type":"Feature","properties":{"nombre":"Reloncaví","jerarquia":5},"geometry":{"type":"LineString","coordinates":[[-72.08132,-36.61739],[-72.08089,-36.6175]]}},{"type":"Feature","properties":{"nombre":"5 de Abril","jerarquia":5},"geometry":{"type":"LineString","coordinates":[[-72.10263,-36.61155],[-72.10221,-36.61043]]}},{"type":"Feature","properties":{"nombre":"5 de Abril","jerarquia":5},"geometry":{"type":"LineString","coordinates":[[-72.10221,-36.61043],[-72.10218,-36.61034]]}},{"type":"Feature","properties":{"nombre":"","jerarquia":4},"geometry":{"type":"LineString","coordinates":[[-72.11335,-36.60808],[-72.11327,-36.60822],[-72.11309,-36.60821]]}},{"type":"Feature","properties":{"nombre":"Avenida Collín","jerarquia":3},"geometry":{"type":"LineString","coordinates":[[-72.11137,-36.61372],[-72.11165,-36.61364]]}},{"type":"Feature","properties":{"nombre":"Avenida Collín","jerarquia":3},"geometry":{"type":"LineString","coordinates":[[-72.11165,-36.61364],[-72.11174,-36.61362]]}},{"type":"Feature","properties":{"nombre":"El Roble","jerarquia":5},"geometry":{"type":"LineString","coordinates":[[-72.10175,-36.60909],[-72.10034,-36.60943]]}},{"type":"Feature","properties":{"nombre":"El Roble","jerarquia":5},"geometry":{"type":"LineString","coordinates":[[-72.10034,-36.60943],[-72.10021,-36.60946]]}},{"type":"Feature","properties":{"nombre":"Maipón","jerarquia":5},"geometry":{"type":"LineString","coordinates":[[-72.0976,-36.61144],[-72.09913,-36.61107]]}},{"type":"Feature","properties":{"nombre":"Maipón","jerarquia":5},"geometry":{"type":"LineString","coordinates":[[-72.09913,-36.61107],[-72.10057,-36.61071]]}},{"type":"Feature","properties":{"nombre":"Maipón","jerarquia":5},"geometry":{"type":"LineString","coordinates":[[-72.10057,-36.61071],[-72.10067,-36.61069]]}},{"type":"Feature","properties":{"nombre":"Ruta N-55","jerarquia":4},"geometry":{"type":"LineString","coordinates":[[-72.06147,-36.64228],[-72.06071,-36.64238],[-72.05965,-36.64245]]}},{"type":"Feature","properties":{"nombre":"Ruta N-55","jerarquia":4},"geometry":{"type":"LineString","coordinates":[[-72.05965,-36.64245],[-72.05945,-36.64247]]}},{"type":"Feature","properties":{"nombre":"Ruta N-55","jerarquia":4},"geometry":{"type":"LineString","coordinates":[[-72.05945,-36.64247],[-72.05443,-36.64282]]}},{"type":"Feature","properties":{"nombre":"Ruta N-55","jerarquia":4},"geometry":{"type":"LineString","coordinates":[[-72.05443,-36.64282],[-72.05268,-36.64294]]}},{"type":"Feature","properties":{"nombre":"Ruta N-55","jerarquia":4},"geometry":{"type":"LineString","coordinates":[[-72.05268,-36.64294],[-72.05088,-36.64305]]}},{"type":"Feature","properties":{"nombre":"Ruta N-55","jerarquia":4},"geometry":{"type":"LineString","coordinates":[[-72.05088,-36.64305],[-72.05014,-36.64307]]}},{"type":"Feature","properties":{"nombre":"Ruta N-55","jerarquia":4},"geometry":{"type":"LineString","coordinates":[[-72.05014,-36.64307],[-72.0492,-36.64301],[-72.04443,-36.64225]]}},{"type":"Feature","properties":{"nombre":"Ruta N-55","jerarquia":4},"geometry":{"type":"LineString","coordinates":[[-72.04443,-36.64225],[-72.04181,-36.64179]]}},{"type":"Feature","properties":{"nombre":"Ruta N-55","jerarquia":4},"geometry":{"type":"LineString","coordinates":[[-72.04181,-36.64179],[-72.03954,-36.64143]]}},{"type":"Feature","properties":{"nombre":"Ruta N-55","jerarquia":4},"geometry":{"type":"LineString","coordinates":[[-72.03954,-36.64143],[-72.03781,-36.64113]]}},{"type":"Feature","properties":{"nombre":"Ruta N-55","jerarquia":4},"geometry":{"type":"LineString","coordinates":[[-72.03781,-36.64113],[-72.03668,-36.64096]]}},{"type":"Feature","properties":{"nombre":"Ruta N-55","jerarquia":4},"geometry":{"type":"LineString","coordinates":[[-72.03668,-36.64096],[-72.03437,-36.64059]]}},{"type":"Feature","properties":{"nombre":"Ruta N-55","jerarquia":4},"geometry":{"type":"LineString","coordinates":[[-72.03437,-36.64059],[-72.03341,-36.64044]]}},{"type":"Feature","properties":{"nombre":"Ruta N-55","jerarquia":4},"geometry":{"type":"LineString","coordinates":[[-72.03341,-36.64044],[-72.03269,-36.64035]]}},{"type":"Feature","properties":{"nombre":"Ruta N-55","jerarquia":4},"geometry":{"type":"LineString","coordinates":[[-71.97395,-36.66169],[-71.97308,-36.66213],[-71.97027,-36.66389],[-71.96921,-36.66442],[-71.96803,-36.66491]]}},{"type":"Feature","properties":{"nombre":"Ruta N-55","jerarquia":4},"geometry":{"type":"LineString","coordinates":[[-71.99507,-36.65944],[-71.99205,-36.65958]]}},{"type":"Feature","properties":{"nombre":"Ruta N-55","jerarquia":4},"geometry":{"type":"LineString","coordinates":[[-71.99205,-36.65958],[-71.99096,-36.65962]]}},{"type":"Feature","properties":{"nombre":"Ruta N-55","jerarquia":4},"geometry":{"type":"LineString","coordinates":[[-71.99096,-36.65962],[-71.99014,-36.65965]]}},{"type":"Feature","properties":{"nombre":"Ruta N-55","jerarquia":4},"geometry":{"type":"LineString","coordinates":[[-71.99014,-36.65965],[-71.98304,-36.65992]]}},{"type":"Feature","properties":{"nombre":"Ruta N-55","jerarquia":4},"geometry":{"type":"LineString","coordinates":[[-71.98304,-36.65992],[-71.98089,-36.65999]]}},{"type":"Feature","properties":{"nombre":"Ruta N-55","jerarquia":4},"geometry":{"type":"LineString","coordinates":[[-71.98089,-36.65999],[-71.97996,-36.66004]]}},{"type":"Feature","properties":{"nombre":"Ruta N-55","jerarquia":4},"geometry":{"type":"LineString","coordinates":[[-71.97996,-36.66004],[-71.97835,-36.6602]]}},{"type":"Feature","properties":{"nombre":"Ruta N-55","jerarquia":4},"geometry":{"type":"LineString","coordinates":[[-71.97835,-36.6602],[-71.97707,-36.6605]]}},{"type":"Feature","properties":{"nombre":"Ruta N-55","jerarquia":4},"geometry":{"type":"LineString","coordinates":[[-71.97707,-36.6605],[-71.97558,-36.66099]]}},{"type":"Feature","properties":{"nombre":"Ruta N-55","jerarquia":4},"geometry":{"type":"LineString","coordinates":[[-71.97558,-36.66099],[-71.97395,-36.66169]]}},{"type":"Feature","properties":{"nombre":"Ruta N-55","jerarquia":4},"geometry":{"type":"LineString","coordinates":[[-72.03269,-36.64035],[-72.03179,-36.64029]]}},{"type":"Feature","properties":{"nombre":"Ruta N-55","jerarquia":4},"geometry":{"type":"LineString","coordinates":[[-72.03179,-36.64029],[-72.03133,-36.64031],[-72.02996,-36.64048],[-72.02534,-36.6413]]}},{"type":"Feature","properties":{"nombre":"Ruta N-55","jerarquia":4},"geometry":{"type":"LineString","coordinates":[[-72.02534,-36.6413],[-72.02499,-36.64136]]}},{"type":"Feature","properties":{"nombre":"Ruta N-55","jerarquia":4},"geometry":{"type":"LineString","coordinates":[[-72.02499,-36.64136],[-72.01987,-36.64227],[-72.01889,-36.64262],[-72.01766,-36.64332]]}},{"type":"Feature","properties":{"nombre":"Ruta N-55","jerarquia":4},"geometry":{"type":"LineString","coordinates":[[-72.01766,-36.64332],[-72.01475,-36.64602],[-72.01367,-36.64718]]}},{"type":"Feature","properties":{"nombre":"Ruta N-55","jerarquia":4},"geometry":{"type":"LineString","coordinates":[[-72.01367,-36.64718],[-72.01331,-36.64762],[-72.01156,-36.6501],[-72.01092,-36.65089]]}},{"type":"Feature","properties":{"nombre":"Ruta N-55","jerarquia":4},"geometry":{"type":"LineString","coordinates":[[-72.01092,-36.65089],[-72.0099,-36.65185],[-72.00827,-36.65307]]}},{"type":"Feature","properties":{"nombre":"Ruta N-55","jerarquia":4},"geometry":{"type":"LineString","coordinates":[[-72.00827,-36.65307],[-72.00776,-36.65344]]}},{"type":"Feature","properties":{"nombre":"Ruta N-55","jerarquia":4},"geometry":{"type":"LineString","coordinates":[[-72.00776,-36.65344],[-72.00738,-36.65372]]}},{"type":"Feature","properties":{"nombre":"Ruta N-55","jerarquia":4},"geometry":{"type":"LineString","coordinates":[[-72.00738,-36.65372],[-72.00697,-36.65403]]}},{"type":"Feature","properties":{"nombre":"Ruta N-55","jerarquia":4},"geometry":{"type":"LineString","coordinates":[[-72.00697,-36.65403],[-72.00561,-36.65503]]}},{"type":"Feature","properties":{"nombre":"Ruta N-55","jerarquia":4},"geometry":{"type":"LineString","coordinates":[[-72.00561,-36.65503],[-72.00447,-36.65586]]}},{"type":"Feature","properties":{"nombre":"Ruta N-55","jerarquia":4},"geometry":{"type":"LineString","coordinates":[[-72.00447,-36.65586],[-72.00365,-36.65646]]}},{"type":"Feature","properties":{"nombre":"Ruta N-55","jerarquia":4},"geometry":{"type":"LineString","coordinates":[[-72.00365,-36.65646],[-72.00181,-36.6578]]}},{"type":"Feature","properties":{"nombre":"Ruta N-55","jerarquia":4},"geometry":{"type":"LineString","coordinates":[[-72.08194,-36.63183],[-72.08184,-36.63185]]}},{"type":"Feature","properties":{"nombre":"Ruta N-55","jerarquia":4},"geometry":{"type":"LineString","coordinates":[[-72.08184,-36.63185],[-72.08096,-36.63207],[-72.08024,-36.63231],[-72.07849,-36.63324]]}},{"type":"Feature","properties":{"nombre":"Ruta N-55","jerarquia":4},"geometry":{"type":"LineString","coordinates":[[-72.07849,-36.63324],[-72.07824,-36.63337]]}},{"type":"Feature","properties":{"nombre":"Ruta N-55","jerarquia":4},"geometry":{"type":"LineString","coordinates":[[-72.07824,-36.63337],[-72.07667,-36.63419]]}},{"type":"Feature","properties":{"nombre":"Ruta N-55","jerarquia":4},"geometry":{"type":"LineString","coordinates":[[-72.07667,-36.63419],[-72.0765,-36.63428]]}},{"type":"Feature","properties":{"nombre":"Ruta N-55","jerarquia":4},"geometry":{"type":"LineString","coordinates":[[-72.0765,-36.63428],[-72.07626,-36.63441]]}},{"type":"Feature","properties":{"nombre":"Ruta N-55","jerarquia":4},"geometry":{"type":"LineString","coordinates":[[-72.07626,-36.63441],[-72.07606,-36.63451]]}},{"type":"Feature","properties":{"nombre":"Ruta N-55","jerarquia":4},"geometry":{"type":"LineString","coordinates":[[-72.07606,-36.63451],[-72.07319,-36.63603]]}},{"type":"Feature","properties":{"nombre":"Ruta N-55","jerarquia":4},"geometry":{"type":"LineString","coordinates":[[-72.07319,-36.63603],[-72.06878,-36.63835]]}},{"type":"Feature","properties":{"nombre":"Ruta N-55","jerarquia":4},"geometry":{"type":"LineString","coordinates":[[-72.06878,-36.63835],[-72.06676,-36.63944]]}},{"type":"Feature","properties":{"nombre":"Ruta N-55","jerarquia":4},"geometry":{"type":"LineString","coordinates":[[-72.06676,-36.63944],[-72.06417,-36.641]]}},{"type":"Feature","properties":{"nombre":"Ruta N-55","jerarquia":4},"geometry":{"type":"LineString","coordinates":[[-72.06417,-36.641],[-72.06285,-36.6418],[-72.06192,-36.64218]]}},{"type":"Feature","properties":{"nombre":"Ruta N-55","jerarquia":4},"geometry":{"type":"LineString","coordinates":[[-72.00181,-36.6578],[-72.0005,-36.65878],[-72.00004,-36.65902],[-71.99944,-36.65923],[-71.99855,-36.65935]]}},{"type":"Feature","properties":{"nombre":"Ruta N-55","jerarquia":4},"geometry":{"type":"LineString","coordinates":[[-71.99855,-36.65935],[-71.99815,-36.65936]]}},{"type":"Feature","properties":{"nombre":"Ruta N-55","jerarquia":4},"geometry":{"type":"LineString","coordinates":[[-71.99815,-36.65936],[-71.99713,-36.6594]]}},{"type":"Feature","properties":{"nombre":"Ruta N-55","jerarquia":4},"geometry":{"type":"LineString","coordinates":[[-71.99713,-36.6594],[-71.99507,-36.65944]]}},{"type":"Feature","properties":{"nombre":"","jerarquia":1},"geometry":{"type":"LineString","coordinates":[[-72.19264,-36.63409],[-72.19316,-36.63394]]}},{"type":"Feature","properties":{"nombre":"Ruta N-59-Q","jerarquia":3},"geometry":{"type":"LineString","coordinates":[[-72.14704,-36.67626],[-72.1472,-36.67656]]}},{"type":"Feature","properties":{"nombre":"Ruta N-59-Q","jerarquia":3},"geometry":{"type":"LineString","coordinates":[[-72.1472,-36.67656],[-72.14766,-36.67747],[-72.14786,-36.67831],[-72.14783,-36.67899],[-72.14756,-36.68022],[-72.14753,-36.68055],[-72.14776,-36.68259],[-72.14794,-36.68332]]}},{"type":"Feature","properties":{"nombre":"Ruta N-59-Q","jerarquia":3},"geometry":{"type":"LineString","coordinates":[[-72.14794,-36.68332],[-72.14989,-36.68914],[-72.14987,-36.68967],[-72.14968,-36.69036]]}},{"type":"Feature","properties":{"nombre":"Ruta N-59-Q","jerarquia":3},"geometry":{"type":"LineString","coordinates":[[-72.14968,-36.69036],[-72.14922,-36.69164],[-72.14804,-36.69402]]}},{"type":"Feature","properties":{"nombre":"","jerarquia":1},"geometry":{"type":"LineString","coordinates":[[-72.01669,-36.47961],[-72.01619,-36.47936]]}},{"type":"Feature","properties":{"nombre":"","jerarquia":1},"geometry":{"type":"LineString","coordinates":[[-72.1812,-36.63049],[-72.18161,-36.63037]]}},{"type":"Feature","properties":{"nombre":"","jerarquia":1},"geometry":{"type":"LineString","coordinates":[[-72.19958,-36.63632],[-72.19989,-36.63622]]}},{"type":"Feature","properties":{"nombre":"Ruta N-562","jerarquia":5},"geometry":{"type":"LineString","coordinates":[[-72.10124,-36.56363],[-72.10172,-36.5636],[-72.10248,-36.56339],[-72.10825,-36.56296]]}},{"type":"Feature","properties":{"nombre":"Ruta N-562","jerarquia":5},"geometry":{"type":"LineString","coordinates":[[-72.10825,-36.56296],[-72.10995,-36.5689]]}},{"type":"Feature","properties":{"nombre":"Ruta N-562","jerarquia":5},"geometry":{"type":"LineString","coordinates":[[-72.10995,-36.5689],[-72.11045,-36.57064]]}},{"type":"Feature","properties":{"nombre":"Ruta N-562","jerarquia":5},"geometry":{"type":"LineString","coordinates":[[-72.11045,-36.57064],[-72.11048,-36.5707]]}},{"type":"Feature","properties":{"nombre":"Ruta N-562","jerarquia":5},"geometry":{"type":"LineString","coordinates":[[-72.11048,-36.5707],[-72.11091,-36.57215]]}},{"type":"Feature","properties":{"nombre":"Ruta N-562","jerarquia":5},"geometry":{"type":"LineString","coordinates":[[-72.11091,-36.57215],[-72.11151,-36.57414]]}},{"type":"Feature","properties":{"nombre":"Ruta N-562","jerarquia":5},"geometry":{"type":"LineString","coordinates":[[-72.11151,-36.57414],[-72.11255,-36.57781],[-72.11271,-36.5782]]}},{"type":"Feature","properties":{"nombre":"Ruta N-562","jerarquia":5},"geometry":{"type":"LineString","coordinates":[[-72.11271,-36.5782],[-72.11327,-36.57963]]}},{"type":"Feature","properties":{"nombre":"Ruta N-562","jerarquia":5},"geometry":{"type":"LineString","coordinates":[[-72.11327,-36.57963],[-72.1156,-36.58555]]}},{"type":"Feature","properties":{"nombre":"Ruta N-562","jerarquia":5},"geometry":{"type":"LineString","coordinates":[[-72.1156,-36.58555],[-72.11559,-36.58563],[-72.11551,-36.5857],[-72.11502,-36.58593]]}},{"type":"Feature","properties":{"nombre":"","jerarquia":1},"geometry":{"type":"LineString","coordinates":[[-72.19272,-36.63425],[-72.19145,-36.63391]]}},{"type":"Feature","properties":{"nombre":"","jerarquia":1},"geometry":{"type":"LineString","coordinates":[[-72.19145,-36.63391],[-72.19108,-36.63378]]}},{"type":"Feature","properties":{"nombre":"O'Brien","jerarquia":5},"geometry":{"type":"LineString","coordinates":[[-72.08692,-36.61638],[-72.08695,-36.61543],[-72.08698,-36.61536],[-72.08712,-36.61528]]}},{"type":"Feature","properties":{"nombre":"Avenida Inglaterra","jerarquia":5},"geometry":{"type":"LineString","coordinates":[[-72.08548,-36.61611],[-72.08558,-36.61613]]}},{"type":"Feature","properties":{"nombre":"Avenida Inglaterra","jerarquia":5},"geometry":{"type":"LineString","coordinates":[[-72.08558,-36.61613],[-72.08595,-36.6162]]}},{"type":"Feature","properties":{"nombre":"Avenida Inglaterra","jerarquia":5},"geometry":{"type":"LineString","coordinates":[[-72.08595,-36.6162],[-72.08635,-36.61627]]}},{"type":"Feature","properties":{"nombre":"Avenida Inglaterra","jerarquia":5},"geometry":{"type":"LineString","coordinates":[[-72.08635,-36.61627],[-72.08642,-36.61628]]}},{"type":"Feature","properties":{"nombre":"Avenida Inglaterra","jerarquia":5},"geometry":{"type":"LineString","coordinates":[[-72.08642,-36.61628],[-72.08692,-36.61638]]}},{"type":"Feature","properties":{"nombre":"","jerarquia":5},"geometry":{"type":"LineString","coordinates":[[-72.10025,-36.56366],[-72.09961,-36.56367]]}},{"type":"Feature","properties":{"nombre":"","jerarquia":5},"geometry":{"type":"LineString","coordinates":[[-72.10025,-36.56366],[-72.10124,-36.56363]]}},{"type":"Feature","properties":{"nombre":"Ruta 5 Sur","jerarquia":1},"geometry":{"type":"LineString","coordinates":[[-72.09438,-36.55389],[-72.09489,-36.55514]]}},{"type":"Feature","properties":{"nombre":"Ruta 5 Sur","jerarquia":1},"geometry":{"type":"LineString","coordinates":[[-72.09416,-36.55366],[-72.09172,-36.54687]]}},{"type":"Feature","properties":{"nombre":"Camino En Manzanar","jerarquia":5},"geometry":{"type":"LineString","coordinates":[[-71.94265,-36.50747],[-71.94346,-36.5074]]}},{"type":"Feature","properties":{"nombre":"Camino En Manzanar","jerarquia":5},"geometry":{"type":"LineString","coordinates":[[-71.94346,-36.5074],[-71.9497,-36.50686],[-71.95143,-36.50655]]}},{"type":"Feature","properties":{"nombre":"Camino En Manzanar","jerarquia":5},"geometry":{"type":"LineString","coordinates":[[-71.95143,-36.50655],[-71.95216,-36.50642],[-71.95272,-36.50616]]}},{"type":"Feature","properties":{"nombre":"Camino En Manzanar","jerarquia":5},"geometry":{"type":"LineString","coordinates":[[-71.95272,-36.50616],[-71.95278,-36.50607],[-71.95277,-36.506],[-71.95222,-36.50491],[-71.95221,-36.50476],[-71.95233,-36.50465],[-71.95374,-36.50388],[-71.9543,-36.50351],[-71.95485,-36.50334]]}},{"type":"Feature","properties":{"nombre":"Camino En Manzanar","jerarquia":5},"geometry":{"type":"LineString","coordinates":[[-71.95485,-36.50334],[-71.95512,-36.50324],[-71.95575,-36.50276],[-71.95613,-36.5026],[-71.95708,-36.50257],[-71.95833,-36.50228],[-71.96021,-36.50219]]}},{"type":"Feature","properties":{"nombre":"Camino En Manzanar","jerarquia":5},"geometry":{"type":"LineString","coordinates":[[-71.96021,-36.50219],[-71.96122,-36.50215],[-71.96371,-36.50238]]}},{"type":"Feature","properties":{"nombre":"Camino En Manzanar","jerarquia":5},"geometry":{"type":"LineString","coordinates":[[-71.96371,-36.50238],[-71.96614,-36.50267],[-71.97344,-36.5026],[-71.97351,-36.50257],[-71.97353,-36.5025],[-71.97309,-36.50151],[-71.97306,-36.50129]]}},{"type":"Feature","properties":{"nombre":"Diagonal Las Termas","jerarquia":4},"geometry":{"type":"LineString","coordinates":[[-72.0874,-36.62535],[-72.0872,-36.62562]]}},{"type":"Feature","properties":{"nombre":"Diagonal Las Termas","jerarquia":4},"geometry":{"type":"LineString","coordinates":[[-72.0872,-36.62562],[-72.08695,-36.62597]]}},{"type":"Feature","properties":{"nombre":"Diagonal Las Termas","jerarquia":4},"geometry":{"type":"LineString","coordinates":[[-72.08695,-36.62597],[-72.0867,-36.62631]]}},{"type":"Feature","properties":{"nombre":"Diagonal Las Termas","jerarquia":4},"geometry":{"type":"LineString","coordinates":[[-72.0867,-36.62631],[-72.08645,-36.62665]]}},{"type":"Feature","properties":{"nombre":"Diagonal Las Termas","jerarquia":4},"geometry":{"type":"LineString","coordinates":[[-72.08645,-36.62665],[-72.08624,-36.62694]]}},{"type":"Feature","properties":{"nombre":"Diagonal Las Termas","jerarquia":4},"geometry":{"type":"LineString","coordinates":[[-72.08624,-36.62694],[-72.08598,-36.6273]]}},{"type":"Feature","properties":{"nombre":"Diagonal Las Termas","jerarquia":4},"geometry":{"type":"LineString","coordinates":[[-72.08598,-36.6273],[-72.0858,-36.62754]]}},{"type":"Feature","properties":{"nombre":"Diagonal Las Termas","jerarquia":4},"geometry":{"type":"LineString","coordinates":[[-72.0858,-36.62754],[-72.08531,-36.62821]]}},{"type":"Feature","properties":{"nombre":"Diagonal Las Termas","jerarquia":4},"geometry":{"type":"LineString","coordinates":[[-72.08531,-36.62821],[-72.08506,-36.62856]]}},{"type":"Feature","properties":{"nombre":"General Cruz","jerarquia":5},"geometry":{"type":"LineString","coordinates":[[-72.08924,-36.60319],[-72.08868,-36.60333]]}},{"type":"Feature","properties":{"nombre":"","jerarquia":1},"geometry":{"type":"LineString","coordinates":[[-72.102,-36.58256],[-72.10241,-36.583]]}},{"type":"Feature","properties":{"nombre":"","jerarquia":1},"geometry":{"type":"LineString","coordinates":[[-72.10607,-36.5844],[-72.10613,-36.58441]]}},{"type":"Feature","properties":{"nombre":"","jerarquia":1},"geometry":{"type":"LineString","coordinates":[[-72.1052,-36.58431],[-72.10563,-36.58438]]}},{"type":"Feature","properties":{"nombre":"","jerarquia":1},"geometry":{"type":"LineString","coordinates":[[-72.10563,-36.58438],[-72.10607,-36.5844]]}},{"type":"Feature","properties":{"nombre":"Ruta N-349","jerarquia":1},"geometry":{"type":"LineString","coordinates":[[-72.03857,-36.50612],[-72.03825,-36.50657]]}},{"type":"Feature","properties":{"nombre":"Ruta N-349","jerarquia":1},"geometry":{"type":"LineString","coordinates":[[-72.03825,-36.50657],[-72.03817,-36.50666]]}},{"type":"Feature","properties":{"nombre":"","jerarquia":1},"geometry":{"type":"LineString","coordinates":[[-72.039,-36.5061],[-72.03878,-36.50607],[-72.03857,-36.50612]]}},{"type":"Feature","properties":{"nombre":"","jerarquia":1},"geometry":{"type":"LineString","coordinates":[[-72.03857,-36.50612],[-72.03863,-36.50595],[-72.0386,-36.50576]]}},{"type":"Feature","properties":{"nombre":"","jerarquia":1},"geometry":{"type":"LineString","coordinates":[[-72.00728,-36.47119],[-72.0069,-36.47106],[-72.00658,-36.47102]]}},{"type":"Feature","properties":{"nombre":"Camino Las Raíces","jerarquia":5},"geometry":{"type":"LineString","coordinates":[[-72.1092,-36.64164],[-72.10897,-36.64167],[-72.10783,-36.64204],[-72.10645,-36.64233],[-72.10504,-36.64271],[-72.10089,-36.6439]]}},{"type":"Feature","properties":{"nombre":"Camino Las Raíces","jerarquia":5},"geometry":{"type":"LineString","coordinates":[[-72.10089,-36.6439],[-72.09363,-36.64613],[-72.09338,-36.64611]]}},{"type":"Feature","properties":{"nombre":"Luis del Fierro","jerarquia":4},"geometry":{"type":"LineString","coordinates":[[-72.12162,-36.60598],[-72.12071,-36.60586],[-72.12001,-36.60602]]}},{"type":"Feature","properties":{"nombre":"Luis del Fierro","jerarquia":4},"geometry":{"type":"LineString","coordinates":[[-72.12001,-36.60602],[-72.11962,-36.60611]]}},{"type":"Feature","properties":{"nombre":"Luis del Fierro","jerarquia":4},"geometry":{"type":"LineString","coordinates":[[-72.11962,-36.60611],[-72.11917,-36.60622]]}},{"type":"Feature","properties":{"nombre":"Luis del Fierro","jerarquia":4},"geometry":{"type":"LineString","coordinates":[[-72.11917,-36.60622],[-72.11836,-36.60641]]}},{"type":"Feature","properties":{"nombre":"Luis del Fierro","jerarquia":4},"geometry":{"type":"LineString","coordinates":[[-72.11836,-36.60641],[-72.11752,-36.60661]]}},{"type":"Feature","properties":{"nombre":"Avenida Libertador Bernardo O'Higgins","jerarquia":3},"geometry":{"type":"LineString","coordinates":[[-72.11164,-36.61323],[-72.11126,-36.61217]]}},{"type":"Feature","properties":{"nombre":"Ruta 5 Sur","jerarquia":1},"geometry":{"type":"LineString","coordinates":[[-72.0183,-36.48132],[-72.01848,-36.48155]]}},{"type":"Feature","properties":{"nombre":"Ruta 5 Sur","jerarquia":1},"geometry":{"type":"LineString","coordinates":[[-72.01836,-36.48161],[-72.01815,-36.48136]]}},{"type":"Feature","properties":{"nombre":"Ruta 5 Sur","jerarquia":1},"geometry":{"type":"LineString","coordinates":[[-72.0422,-36.50825],[-72.04652,-36.51133]]}},{"type":"Feature","properties":{"nombre":"Bernardo O'Higgins","jerarquia":3},"geometry":{"type":"LineString","coordinates":[[-72.21111,-36.50294],[-72.21169,-36.50293]]}},{"type":"Feature","properties":{"nombre":"Bernardo O'Higgins","jerarquia":3},"geometry":{"type":"LineString","coordinates":[[-72.21169,-36.50293],[-72.21291,-36.50286]]}},{"type":"Feature","properties":{"nombre":"Bernardo O'Higgins","jerarquia":3},"geometry":{"type":"LineString","coordinates":[[-72.21291,-36.50286],[-72.21302,-36.50286]]}},{"type":"Feature","properties":{"nombre":"Bernardo O'Higgins","jerarquia":3},"geometry":{"type":"LineString","coordinates":[[-72.21302,-36.50286],[-72.21313,-36.50285]]}},{"type":"Feature","properties":{"nombre":"Bernardo O'Higgins","jerarquia":3},"geometry":{"type":"LineString","coordinates":[[-72.21313,-36.50285],[-72.2141,-36.50281],[-72.21496,-36.50268]]}},{"type":"Feature","properties":{"nombre":"Bernardo O'Higgins","jerarquia":3},"geometry":{"type":"LineString","coordinates":[[-72.21496,-36.50268],[-72.21592,-36.50251]]}},{"type":"Feature","properties":{"nombre":"Bernardo O'Higgins","jerarquia":3},"geometry":{"type":"LineString","coordinates":[[-72.21592,-36.50251],[-72.21668,-36.50236]]}},{"type":"Feature","properties":{"nombre":"Bernardo O'Higgins","jerarquia":3},"geometry":{"type":"LineString","coordinates":[[-72.21668,-36.50236],[-72.21844,-36.50196],[-72.21877,-36.50178],[-72.2194,-36.50127]]}},{"type":"Feature","properties":{"nombre":"Bernardo O'Higgins","jerarquia":3},"geometry":{"type":"LineString","coordinates":[[-72.21032,-36.50298],[-72.21111,-36.50294]]}},{"type":"Feature","properties":{"nombre":"Ruta N-595","jerarquia":5},"geometry":{"type":"LineString","coordinates":[[-72.16562,-36.66974],[-72.16563,-36.66947]]}},{"type":"Feature","properties":{"nombre":"Ruta N-595","jerarquia":5},"geometry":{"type":"LineString","coordinates":[[-72.1658,-36.66743],[-72.16591,-36.66716],[-72.1666,-36.66656],[-72.16693,-36.66614],[-72.1672,-36.66547],[-72.16724,-36.66525],[-72.16721,-36.66483],[-72.16708,-36.66444],[-72.16694,-36.66369],[-72.16687,-36.66293],[-72.16668,-36.66241],[-72.16375,-36.65937],[-72.16004,-36.65521],[-72.15888,-36.65398],[-72.15846,-36.6535],[-72.15808,-36.65293],[-72.15789,-36.65281]]}},{"type":"Feature","properties":{"nombre":"Ruta N-595","jerarquia":5},"geometry":{"type":"LineString","coordinates":[[-72.15789,-36.65281],[-72.15766,-36.6528],[-72.15216,-36.65424],[-72.15194,-36.65425],[-72.15177,-36.65421],[-72.15104,-36.65388],[-72.14907,-36.65287],[-72.14884,-36.65265],[-72.14769,-36.65116],[-72.14715,-36.65068],[-72.14676,-36.65054]]}},{"type":"Feature","properties":{"nombre":"Ruta N-680","jerarquia":5},"geometry":{"type":"LineString","coordinates":[[-72.30433,-36.65893],[-72.30417,-36.6587]]}},{"type":"Feature","properties":{"nombre":"Avenida Mariscal Ruiz de Gamboa","jerarquia":3},"geometry":{"type":"LineString","coordinates":[[-72.12454,-36.60956],[-72.12466,-36.60971]]}},{"type":"Feature","properties":{"nombre":"Avenida Mariscal Ruiz de Gamboa","jerarquia":3},"geometry":{"type":"LineString","coordinates":[[-72.12442,-36.6094],[-72.12454,-36.60956]]}},{"type":"Feature","properties":{"nombre":"5 de Abril","jerarquia":5},"geometry":{"type":"LineString","coordinates":[[-72.10365,-36.61423],[-72.10356,-36.61402]]}},{"type":"Feature","properties":{"nombre":"5 de Abril","jerarquia":5},"geometry":{"type":"LineString","coordinates":[[-72.10356,-36.61402],[-72.10355,-36.61397]]}},{"type":"Feature","properties":{"nombre":"5 de Abril","jerarquia":5},"geometry":{"type":"LineString","coordinates":[[-72.10355,-36.61397],[-72.10309,-36.61278]]}},{"type":"Feature","properties":{"nombre":"5 de Abril","jerarquia":5},"geometry":{"type":"LineString","coordinates":[[-72.10309,-36.61278],[-72.10267,-36.61165]]}},{"type":"Feature","properties":{"nombre":"5 de Abril","jerarquia":5},"geometry":{"type":"LineString","coordinates":[[-72.10267,-36.61165],[-72.10263,-36.61155]]}},{"type":"Feature","properties":{"nombre":"Avenida España","jerarquia":5},"geometry":{"type":"LineString","coordinates":[[-72.08879,-36.61507],[-72.08836,-36.61514]]}},{"type":"Feature","properties":{"nombre":"Avenida España","jerarquia":5},"geometry":{"type":"LineString","coordinates":[[-72.08836,-36.61514],[-72.08797,-36.61519]]}},{"type":"Feature","properties":{"nombre":"Avenida España","jerarquia":5},"geometry":{"type":"LineString","coordinates":[[-72.08797,-36.61519],[-72.08782,-36.61521]]}},{"type":"Feature","properties":{"nombre":"Avenida España","jerarquia":5},"geometry":{"type":"LineString","coordinates":[[-72.08782,-36.61521],[-72.08755,-36.61525]]}},{"type":"Feature","properties":{"nombre":"Avenida España","jerarquia":5},"geometry":{"type":"LineString","coordinates":[[-72.08755,-36.61525],[-72.08712,-36.61528]]}},{"type":"Feature","properties":{"nombre":"O'Brien","jerarquia":5},"geometry":{"type":"LineString","coordinates":[[-72.08712,-36.61528],[-72.08707,-36.61578]]}},{"type":"Feature","properties":{"nombre":"O'Brien","jerarquia":5},"geometry":{"type":"LineString","coordinates":[[-72.08707,-36.61578],[-72.08707,-36.61601]]}},{"type":"Feature","properties":{"nombre":"O'Brien","jerarquia":5},"geometry":{"type":"LineString","coordinates":[[-72.08707,-36.61601],[-72.08706,-36.6164]]}},{"type":"Feature","properties":{"nombre":"","jerarquia":5},"geometry":{"type":"LineString","coordinates":[[-72.08827,-36.61289],[-72.08823,-36.61279]]}},{"type":"Feature","properties":{"nombre":"Avenida Inglaterra","jerarquia":5},"geometry":{"type":"LineString","coordinates":[[-72.08706,-36.6164],[-72.08773,-36.61652]]}},{"type":"Feature","properties":{"nombre":"Mario Vergara","jerarquia":5},"geometry":{"type":"LineString","coordinates":[[-72.08823,-36.61279],[-72.08787,-36.6122]]}},{"type":"Feature","properties":{"nombre":"Mario Vergara","jerarquia":5},"geometry":{"type":"LineString","coordinates":[[-72.08787,-36.6122],[-72.08737,-36.61096]]}},{"type":"Feature","properties":{"nombre":"Esmeralda","jerarquia":5},"geometry":{"type":"LineString","coordinates":[[-72.07679,-36.62223],[-72.07795,-36.62201]]}},{"type":"Feature","properties":{"nombre":"Avenida Andrés Bello","jerarquia":5},"geometry":{"type":"LineString","coordinates":[[-72.06754,-36.58841],[-72.06784,-36.58879]]}},{"type":"Feature","properties":{"nombre":"Avenida Andrés Bello","jerarquia":5},"geometry":{"type":"LineString","coordinates":[[-72.06784,-36.58879],[-72.0682,-36.58925]]}},{"type":"Feature","properties":{"nombre":"Avenida Andrés Bello","jerarquia":5},"geometry":{"type":"LineString","coordinates":[[-72.0682,-36.58925],[-72.06856,-36.58969]]}},{"type":"Feature","properties":{"nombre":"Avenida Los Puelches","jerarquia":4},"geometry":{"type":"LineString","coordinates":[[-72.08439,-36.61514],[-72.08442,-36.61521]]}},{"type":"Feature","properties":{"nombre":"","jerarquia":1},"geometry":{"type":"LineString","coordinates":[[-72.1626,-36.62601],[-72.16232,-36.62615],[-72.16177,-36.62618]]}},{"type":"Feature","properties":{"nombre":"Avenida Libertador Bernardo O'Higgins","jerarquia":3},"geometry":{"type":"LineString","coordinates":[[-72.13714,-36.62164],[-72.13788,-36.62176],[-72.14015,-36.6225]]}},{"type":"Feature","properties":{"nombre":"","jerarquia":3},"geometry":{"type":"LineString","coordinates":[[-72.15247,-36.6241],[-72.15255,-36.62417],[-72.15255,-36.62429]]}},{"type":"Feature","properties":{"nombre":"","jerarquia":3},"geometry":{"type":"LineString","coordinates":[[-72.15255,-36.62429],[-72.15246,-36.62434]]}},{"type":"Feature","properties":{"nombre":"Avenida Libertador Bernardo O'Higgins","jerarquia":3},"geometry":{"type":"LineString","coordinates":[[-72.1536,-36.62441],[-72.1532,-36.62438]]}},{"type":"Feature","properties":{"nombre":"Avenida Coihueco","jerarquia":4},"geometry":{"type":"LineString","coordinates":[[-72.08409,-36.60557],[-72.08601,-36.60624]]}},{"type":"Feature","properties":{"nombre":"Avenida Coihueco","jerarquia":4},"geometry":{"type":"LineString","coordinates":[[-72.08601,-36.60624],[-72.08613,-36.60628]]}},{"type":"Feature","properties":{"nombre":"Avenida Coihueco","jerarquia":4},"geometry":{"type":"LineString","coordinates":[[-72.08613,-36.60628],[-72.08672,-36.60651],[-72.08698,-36.60669]]}},{"type":"Feature","properties":{"nombre":"Avenida Coihueco","jerarquia":4},"geometry":{"type":"LineString","coordinates":[[-72.08698,-36.60669],[-72.08731,-36.60724]]}},{"type":"Feature","properties":{"nombre":"Avenida Coihueco","jerarquia":4},"geometry":{"type":"LineString","coordinates":[[-72.08731,-36.60724],[-72.08749,-36.60762]]}},{"type":"Feature","properties":{"nombre":"Avenida Vicente Méndez","jerarquia":4},"geometry":{"type":"LineString","coordinates":[[-72.07849,-36.58898],[-72.07857,-36.58897]]}},{"type":"Feature","properties":{"nombre":"Chacabuco","jerarquia":5},"geometry":{"type":"LineString","coordinates":[[-72.08431,-36.60339],[-72.08411,-36.60348]]}},{"type":"Feature","properties":{"nombre":"Chacabuco","jerarquia":5},"geometry":{"type":"LineString","coordinates":[[-72.08411,-36.60348],[-72.08368,-36.60368]]}},{"type":"Feature","properties":{"nombre":"Chacabuco","jerarquia":5},"geometry":{"type":"LineString","coordinates":[[-72.08368,-36.60368],[-72.08316,-36.60393]]}},{"type":"Feature","properties":{"nombre":"Chacabuco","jerarquia":5},"geometry":{"type":"LineString","coordinates":[[-72.08316,-36.60393],[-72.08245,-36.60427]]}},{"type":"Feature","properties":{"nombre":"Chacabuco","jerarquia":5},"geometry":{"type":"LineString","coordinates":[[-72.08245,-36.60427],[-72.08198,-36.60449]]}},{"type":"Feature","properties":{"nombre":"Chacabuco","jerarquia":5},"geometry":{"type":"LineString","coordinates":[[-72.08198,-36.60449],[-72.0817,-36.60463]]}},{"type":"Feature","properties":{"nombre":"Chacabuco","jerarquia":5},"geometry":{"type":"LineString","coordinates":[[-72.0817,-36.60463],[-72.08158,-36.60468]]}},{"type":"Feature","properties":{"nombre":"Avenida Vicente Méndez","jerarquia":3},"geometry":{"type":"LineString","coordinates":[[-72.09063,-36.60237],[-72.09059,-36.60227]]}},{"type":"Feature","properties":{"nombre":"Camino Colonia Bernardo O'Higgins","jerarquia":5},"geometry":{"type":"LineString","coordinates":[[-72.07451,-36.58577],[-72.07392,-36.58514]]}},{"type":"Feature","properties":{"nombre":"Camino Colonia Bernardo O'Higgins","jerarquia":5},"geometry":{"type":"LineString","coordinates":[[-72.07392,-36.58514],[-72.07361,-36.58481]]}},{"type":"Feature","properties":{"nombre":"Camino Colonia Bernardo O'Higgins","jerarquia":5},"geometry":{"type":"LineString","coordinates":[[-72.07361,-36.58481],[-72.07355,-36.58474]]}},{"type":"Feature","properties":{"nombre":"Camino Colonia Bernardo O'Higgins","jerarquia":5},"geometry":{"type":"LineString","coordinates":[[-72.07355,-36.58474],[-72.07252,-36.58363]]}},{"type":"Feature","properties":{"nombre":"Camino Colonia Bernardo O'Higgins","jerarquia":5},"geometry":{"type":"LineString","coordinates":[[-72.07252,-36.58363],[-72.07211,-36.58318]]}},{"type":"Feature","properties":{"nombre":"Camino Colonia Bernardo O'Higgins","jerarquia":5},"geometry":{"type":"LineString","coordinates":[[-72.07211,-36.58318],[-72.07178,-36.5828]]}},{"type":"Feature","properties":{"nombre":"Camino Colonia Bernardo O'Higgins","jerarquia":5},"geometry":{"type":"LineString","coordinates":[[-72.07178,-36.5828],[-72.07171,-36.58271]]}},{"type":"Feature","properties":{"nombre":"Camino Colonia Bernardo O'Higgins","jerarquia":5},"geometry":{"type":"LineString","coordinates":[[-72.07171,-36.58271],[-72.07069,-36.58152]]}},{"type":"Feature","properties":{"nombre":"Camino Colonia Bernardo O'Higgins","jerarquia":5},"geometry":{"type":"LineString","coordinates":[[-72.07069,-36.58152],[-72.07066,-36.58147]]}},{"type":"Feature","properties":{"nombre":"Camino Colonia Bernardo O'Higgins","jerarquia":5},"geometry":{"type":"LineString","coordinates":[[-72.07066,-36.58147],[-72.07056,-36.58135]]}},{"type":"Feature","properties":{"nombre":"Camino Colonia Bernardo O'Higgins","jerarquia":5},"geometry":{"type":"LineString","coordinates":[[-72.07056,-36.58135],[-72.07047,-36.58124]]}},{"type":"Feature","properties":{"nombre":"Camino Colonia Bernardo O'Higgins","jerarquia":5},"geometry":{"type":"LineString","coordinates":[[-72.07047,-36.58124],[-72.07033,-36.58107]]}},{"type":"Feature","properties":{"nombre":"Camino Colonia Bernardo O'Higgins","jerarquia":5},"geometry":{"type":"LineString","coordinates":[[-72.07033,-36.58107],[-72.07029,-36.58102]]}},{"type":"Feature","properties":{"nombre":"Camino Colonia Bernardo O'Higgins","jerarquia":5},"geometry":{"type":"LineString","coordinates":[[-72.07029,-36.58102],[-72.06951,-36.58005]]}},{"type":"Feature","properties":{"nombre":"Camino Colonia Bernardo O'Higgins","jerarquia":5},"geometry":{"type":"LineString","coordinates":[[-72.06951,-36.58005],[-72.06883,-36.5792]]}},{"type":"Feature","properties":{"nombre":"Camino Colonia Bernardo O'Higgins","jerarquia":5},"geometry":{"type":"LineString","coordinates":[[-72.06883,-36.5792],[-72.06842,-36.57869]]}},{"type":"Feature","properties":{"nombre":"Camino Colonia Bernardo O'Higgins","jerarquia":5},"geometry":{"type":"LineString","coordinates":[[-72.06842,-36.57869],[-72.06754,-36.57761]]}},{"type":"Feature","properties":{"nombre":"Camino Colonia Bernardo O'Higgins","jerarquia":5},"geometry":{"type":"LineString","coordinates":[[-72.06754,-36.57761],[-72.06725,-36.57724]]}},{"type":"Feature","properties":{"nombre":"Camino Colonia Bernardo O'Higgins","jerarquia":5},"geometry":{"type":"LineString","coordinates":[[-72.06725,-36.57724],[-72.06711,-36.57707]]}},{"type":"Feature","properties":{"nombre":"Camino Colonia Bernardo O'Higgins","jerarquia":5},"geometry":{"type":"LineString","coordinates":[[-72.06711,-36.57707],[-72.06571,-36.57534]]}},{"type":"Feature","properties":{"nombre":"Iquique","jerarquia":5},"geometry":{"type":"LineString","coordinates":[[-72.08868,-36.60333],[-72.08852,-36.60289]]}},{"type":"Feature","properties":{"nombre":"Yungay","jerarquia":5},"geometry":{"type":"LineString","coordinates":[[-72.08908,-36.60275],[-72.08994,-36.60254]]}},{"type":"Feature","properties":{"nombre":"Yungay","jerarquia":5},"geometry":{"type":"LineString","coordinates":[[-72.08994,-36.60254],[-72.09039,-36.60242]]}},{"type":"Feature","properties":{"nombre":"Avenida Vicente Méndez","jerarquia":4},"geometry":{"type":"LineString","coordinates":[[-72.08991,-36.601],[-72.09038,-36.60175]]}},{"type":"Feature","properties":{"nombre":"5 de Abril","jerarquia":5},"geometry":{"type":"LineString","coordinates":[[-72.10081,-36.60663],[-72.10035,-36.60542]]}},{"type":"Feature","properties":{"nombre":"5 de Abril","jerarquia":5},"geometry":{"type":"LineString","coordinates":[[-72.10035,-36.60542],[-72.0999,-36.60418]]}},{"type":"Feature","properties":{"nombre":"5 de Abril","jerarquia":5},"geometry":{"type":"LineString","coordinates":[[-72.0999,-36.60418],[-72.09943,-36.60294]]}},{"type":"Feature","properties":{"nombre":"5 de Abril","jerarquia":5},"geometry":{"type":"LineString","coordinates":[[-72.09943,-36.60294],[-72.09898,-36.60172]]}},{"type":"Feature","properties":{"nombre":"5 de Abril","jerarquia":5},"geometry":{"type":"LineString","coordinates":[[-72.09898,-36.60172],[-72.09855,-36.60057]]}},{"type":"Feature","properties":{"nombre":"5 de Abril","jerarquia":5},"geometry":{"type":"LineString","coordinates":[[-72.09855,-36.60057],[-72.0985,-36.60044]]}},{"type":"Feature","properties":{"nombre":"Maipón","jerarquia":5},"geometry":{"type":"LineString","coordinates":[[-72.10526,-36.60959],[-72.1068,-36.60922]]}},{"type":"Feature","properties":{"nombre":"Maipón","jerarquia":5},"geometry":{"type":"LineString","coordinates":[[-72.1068,-36.60922],[-72.10831,-36.60885]]}},{"type":"Feature","properties":{"nombre":"Maipón","jerarquia":5},"geometry":{"type":"LineString","coordinates":[[-72.10831,-36.60885],[-72.10967,-36.60852]]}},{"type":"Feature","properties":{"nombre":"Maipón","jerarquia":5},"geometry":{"type":"LineString","coordinates":[[-72.10967,-36.60852],[-72.1098,-36.60849]]}},{"type":"Feature","properties":{"nombre":"Arturo Prat","jerarquia":5},"geometry":{"type":"LineString","coordinates":[[-72.09959,-36.61229],[-72.09808,-36.61266]]}},{"type":"Feature","properties":{"nombre":"Arturo Prat","jerarquia":5},"geometry":{"type":"LineString","coordinates":[[-72.09808,-36.61266],[-72.09654,-36.61303]]}},{"type":"Feature","properties":{"nombre":"Arturo Prat","jerarquia":5},"geometry":{"type":"LineString","coordinates":[[-72.09654,-36.61303],[-72.09504,-36.61341]]}},{"type":"Feature","properties":{"nombre":"18 de Septiembre","jerarquia":5},"geometry":{"type":"LineString","coordinates":[[-72.10387,-36.60589],[-72.10342,-36.60467]]}},{"type":"Feature","properties":{"nombre":"18 de Septiembre","jerarquia":5},"geometry":{"type":"LineString","coordinates":[[-72.10342,-36.60467],[-72.10296,-36.60344]]}},{"type":"Feature","properties":{"nombre":"18 de Septiembre","jerarquia":5},"geometry":{"type":"LineString","coordinates":[[-72.10296,-36.60344],[-72.10249,-36.60219]]}},{"type":"Feature","properties":{"nombre":"18 de Septiembre","jerarquia":5},"geometry":{"type":"LineString","coordinates":[[-72.10526,-36.60959],[-72.10479,-36.60835]]}},{"type":"Feature","properties":{"nombre":"18 de Septiembre","jerarquia":5},"geometry":{"type":"LineString","coordinates":[[-72.10479,-36.60835],[-72.10436,-36.60722]]}},{"type":"Feature","properties":{"nombre":"18 de Septiembre","jerarquia":5},"geometry":{"type":"LineString","coordinates":[[-72.10436,-36.60722],[-72.10432,-36.60712]]}},{"type":"Feature","properties":{"nombre":"Avenida Libertad","jerarquia":4},"geometry":{"type":"LineString","coordinates":[[-72.09622,-36.60775],[-72.0947,-36.60813]]}},{"type":"Feature","properties":{"nombre":"Avenida Libertad","jerarquia":4},"geometry":{"type":"LineString","coordinates":[[-72.0947,-36.60813],[-72.09318,-36.60851]]}},{"type":"Feature","properties":{"nombre":"Variante Collín","jerarquia":4},"geometry":{"type":"LineString","coordinates":[[-72.09643,-36.61733],[-72.09635,-36.61758]]}},{"type":"Feature","properties":{"nombre":"Variante Collín","jerarquia":4},"geometry":{"type":"LineString","coordinates":[[-72.09635,-36.61758],[-72.09559,-36.61891]]}},{"type":"Feature","properties":{"nombre":"Variante Collín","jerarquia":4},"geometry":{"type":"LineString","coordinates":[[-72.09559,-36.61891],[-72.09539,-36.61925]]}},{"type":"Feature","properties":{"nombre":"Variante Collín","jerarquia":4},"geometry":{"type":"LineString","coordinates":[[-72.09539,-36.61925],[-72.09529,-36.61943]]}},{"type":"Feature","properties":{"nombre":"Constitución","jerarquia":4},"geometry":{"type":"LineString","coordinates":[[-72.10898,-36.60599],[-72.11046,-36.60563]]}},{"type":"Feature","properties":{"nombre":"Constitución","jerarquia":4},"geometry":{"type":"LineString","coordinates":[[-72.11046,-36.60563],[-72.11098,-36.60551]]}},{"type":"Feature","properties":{"nombre":"Constitución","jerarquia":4},"geometry":{"type":"LineString","coordinates":[[-72.11098,-36.60551],[-72.11146,-36.60539]]}},{"type":"Feature","properties":{"nombre":"Constitución","jerarquia":4},"geometry":{"type":"LineString","coordinates":[[-72.11146,-36.60539],[-72.11187,-36.60529]]}},{"type":"Feature","properties":{"nombre":"Constitución","jerarquia":4},"geometry":{"type":"LineString","coordinates":[[-72.11187,-36.60529],[-72.11199,-36.60526]]}},{"type":"Feature","properties":{"nombre":"Constitución","jerarquia":4},"geometry":{"type":"LineString","coordinates":[[-72.11199,-36.60526],[-72.11228,-36.60519]]}},{"type":"Feature","properties":{"nombre":"Camino a San Bernardo","jerarquia":5},"geometry":{"type":"LineString","coordinates":[[-72.07411,-36.60679],[-72.07313,-36.60709]]}},{"type":"Feature","properties":{"nombre":"Camino a San Bernardo","jerarquia":5},"geometry":{"type":"LineString","coordinates":[[-72.07313,-36.60709],[-72.07291,-36.60715]]}},{"type":"Feature","properties":{"nombre":"Camino a San Bernardo","jerarquia":5},"geometry":{"type":"LineString","coordinates":[[-72.07291,-36.60715],[-72.0719,-36.60745]]}},{"type":"Feature","properties":{"nombre":"Avenida Ecuador","jerarquia":3},"geometry":{"type":"LineString","coordinates":[[-72.10949,-36.59775],[-72.10928,-36.5978]]}},{"type":"Feature","properties":{"nombre":"Avenida Ecuador","jerarquia":3},"geometry":{"type":"LineString","coordinates":[[-72.10928,-36.5978],[-72.10919,-36.59782]]}},{"type":"Feature","properties":{"nombre":"18 de Septiembre","jerarquia":5},"geometry":{"type":"LineString","coordinates":[[-72.10432,-36.60712],[-72.10425,-36.60691]]}},{"type":"Feature","properties":{"nombre":"18 de Septiembre","jerarquia":5},"geometry":{"type":"LineString","coordinates":[[-72.10425,-36.60691],[-72.10394,-36.60609]]}},{"type":"Feature","properties":{"nombre":"18 de Septiembre","jerarquia":5},"geometry":{"type":"LineString","coordinates":[[-72.10394,-36.60609],[-72.10391,-36.606]]}},{"type":"Feature","properties":{"nombre":"18 de Septiembre","jerarquia":5},"geometry":{"type":"LineString","coordinates":[[-72.10391,-36.606],[-72.10387,-36.60589]]}},{"type":"Feature","properties":{"nombre":"Constitución","jerarquia":4},"geometry":{"type":"LineString","coordinates":[[-72.09669,-36.60899],[-72.09821,-36.60862]]}},{"type":"Feature","properties":{"nombre":"Constitución","jerarquia":4},"geometry":{"type":"LineString","coordinates":[[-72.09821,-36.60862],[-72.09965,-36.60827]]}},{"type":"Feature","properties":{"nombre":"Constitución","jerarquia":4},"geometry":{"type":"LineString","coordinates":[[-72.09965,-36.60827],[-72.09974,-36.60824]]}},{"type":"Feature","properties":{"nombre":"Avenida Coihueco","jerarquia":4},"geometry":{"type":"LineString","coordinates":[[-72.08749,-36.60762],[-72.08783,-36.60851]]}},{"type":"Feature","properties":{"nombre":"Avenida Coihueco","jerarquia":4},"geometry":{"type":"LineString","coordinates":[[-72.08783,-36.60851],[-72.08782,-36.6086]]}},{"type":"Feature","properties":{"nombre":"Avenida Brasil","jerarquia":4},"geometry":{"type":"LineString","coordinates":[[-72.10949,-36.59775],[-72.10997,-36.59902]]}},{"type":"Feature","properties":{"nombre":"Avenida Brasil","jerarquia":4},"geometry":{"type":"LineString","coordinates":[[-72.10997,-36.59902],[-72.1101,-36.59937]]}},{"type":"Feature","properties":{"nombre":"Avenida Brasil","jerarquia":4},"geometry":{"type":"LineString","coordinates":[[-72.1101,-36.59937],[-72.11043,-36.60025]]}},{"type":"Feature","properties":{"nombre":"Avenida Brasil","jerarquia":4},"geometry":{"type":"LineString","coordinates":[[-72.11043,-36.60025],[-72.11089,-36.60149]]}},{"type":"Feature","properties":{"nombre":"Avenida Brasil","jerarquia":4},"geometry":{"type":"LineString","coordinates":[[-72.11089,-36.60149],[-72.11135,-36.60272]]}},{"type":"Feature","properties":{"nombre":"Avenida Brasil","jerarquia":4},"geometry":{"type":"LineString","coordinates":[[-72.11135,-36.60272],[-72.11181,-36.60394]]}},{"type":"Feature","properties":{"nombre":"Eduardo Parra Sandoval","jerarquia":4},"geometry":{"type":"LineString","coordinates":[[-72.11716,-36.60566],[-72.11923,-36.60513]]}},{"type":"Feature","properties":{"nombre":"Eduardo Parra Sandoval","jerarquia":4},"geometry":{"type":"LineString","coordinates":[[-72.11923,-36.60513],[-72.12062,-36.60479]]}},{"type":"Feature","properties":{"nombre":"Avenida Argentina","jerarquia":3},"geometry":{"type":"LineString","coordinates":[[-72.09364,-36.60973],[-72.0941,-36.61095]]}},{"type":"Feature","properties":{"nombre":"Avenida Mariscal Ruiz de Gamboa","jerarquia":3},"geometry":{"type":"LineString","coordinates":[[-72.12062,-36.60479],[-72.12162,-36.60598]]}},{"type":"Feature","properties":{"nombre":"Avenida Mariscal Ruiz de Gamboa","jerarquia":3},"geometry":{"type":"LineString","coordinates":[[-72.12162,-36.60598],[-72.12174,-36.60611]]}},{"type":"Feature","properties":{"nombre":"Avenida Mariscal Ruiz de Gamboa","jerarquia":3},"geometry":{"type":"LineString","coordinates":[[-72.12174,-36.60611],[-72.12275,-36.60732]]}},{"type":"Feature","properties":{"nombre":"Avenida Argentina","jerarquia":3},"geometry":{"type":"LineString","coordinates":[[-72.09272,-36.60729],[-72.09318,-36.60851]]}},{"type":"Feature","properties":{"nombre":"Independencia","jerarquia":5},"geometry":{"type":"LineString","coordinates":[[-72.09669,-36.60899],[-72.09714,-36.61021]]}},{"type":"Feature","properties":{"nombre":"Independencia","jerarquia":5},"geometry":{"type":"LineString","coordinates":[[-72.09714,-36.61021],[-72.0976,-36.61144]]}},{"type":"Feature","properties":{"nombre":"","jerarquia":3},"geometry":{"type":"LineString","coordinates":[[-72.09349,-36.60934],[-72.0933,-36.60938]]}},{"type":"Feature","properties":{"nombre":"","jerarquia":3},"geometry":{"type":"LineString","coordinates":[[-72.09308,-36.6088],[-72.09313,-36.6087],[-72.09326,-36.6087]]}},{"type":"Feature","properties":{"nombre":"Carrera","jerarquia":5},"geometry":{"type":"LineString","coordinates":[[-72.10543,-36.60551],[-72.10589,-36.60674]]}},{"type":"Feature","properties":{"nombre":"Carrera","jerarquia":5},"geometry":{"type":"LineString","coordinates":[[-72.10589,-36.60674],[-72.10634,-36.60798]]}},{"type":"Feature","properties":{"nombre":"Carrera","jerarquia":5},"geometry":{"type":"LineString","coordinates":[[-72.10634,-36.60798],[-72.1068,-36.60922]]}},{"type":"Feature","properties":{"nombre":"Carrera","jerarquia":5},"geometry":{"type":"LineString","coordinates":[[-72.1068,-36.60922],[-72.10726,-36.61044]]}},{"type":"Feature","properties":{"nombre":"Carrera","jerarquia":5},"geometry":{"type":"LineString","coordinates":[[-72.10726,-36.61044],[-72.10772,-36.61168]]}},{"type":"Feature","properties":{"nombre":"Carrera","jerarquia":5},"geometry":{"type":"LineString","coordinates":[[-72.10772,-36.61168],[-72.10817,-36.6129]]}},{"type":"Feature","properties":{"nombre":"Carrera","jerarquia":5},"geometry":{"type":"LineString","coordinates":[[-72.10817,-36.6129],[-72.10859,-36.61402]]}},{"type":"Feature","properties":{"nombre":"5 de Abril","jerarquia":5},"geometry":{"type":"LineString","coordinates":[[-72.10128,-36.60787],[-72.10086,-36.60678]]}},{"type":"Feature","properties":{"nombre":"5 de Abril","jerarquia":5},"geometry":{"type":"LineString","coordinates":[[-72.10086,-36.60678],[-72.10081,-36.60663]]}},{"type":"Feature","properties":{"nombre":"Avenida Collín","jerarquia":3},"geometry":{"type":"LineString","coordinates":[[-72.10339,-36.61541],[-72.10405,-36.61525]]}},{"type":"Feature","properties":{"nombre":"Marta Colvin","jerarquia":5},"geometry":{"type":"LineString","coordinates":[[-72.09725,-36.63045],[-72.09719,-36.63037]]}},{"type":"Feature","properties":{"nombre":"Marta Colvin","jerarquia":5},"geometry":{"type":"LineString","coordinates":[[-72.09719,-36.63037],[-72.09663,-36.62978]]}},{"type":"Feature","properties":{"nombre":"Marta Colvin","jerarquia":5},"geometry":{"type":"LineString","coordinates":[[-72.09663,-36.62978],[-72.09631,-36.62951]]}},{"type":"Feature","properties":{"nombre":"Marta Colvin","jerarquia":5},"geometry":{"type":"LineString","coordinates":[[-72.09631,-36.62951],[-72.09553,-36.62884]]}},{"type":"Feature","properties":{"nombre":"Marta Colvin","jerarquia":5},"geometry":{"type":"LineString","coordinates":[[-72.09553,-36.62884],[-72.09529,-36.62863]]}},{"type":"Feature","properties":{"nombre":"Marta Colvin","jerarquia":5},"geometry":{"type":"LineString","coordinates":[[-72.09529,-36.62863],[-72.0952,-36.62855]]}},{"type":"Feature","properties":{"nombre":"Huambalí","jerarquia":4},"geometry":{"type":"LineString","coordinates":[[-72.10465,-36.62174],[-72.10488,-36.62086],[-72.10511,-36.62043]]}},{"type":"Feature","properties":{"nombre":"Veintiuno de Mayo","jerarquia":4},"geometry":{"type":"LineString","coordinates":[[-72.11726,-36.60594],[-72.11719,-36.60575]]}},{"type":"Feature","properties":{"nombre":"Veintiuno de Mayo","jerarquia":4},"geometry":{"type":"LineString","coordinates":[[-72.11719,-36.60575],[-72.11717,-36.60571]]}},{"type":"Feature","properties":{"nombre":"Veintiuno de Mayo","jerarquia":4},"geometry":{"type":"LineString","coordinates":[[-72.11717,-36.60571],[-72.11716,-36.60566]]}},{"type":"Feature","properties":{"nombre":"Arturo Prat","jerarquia":5},"geometry":{"type":"LineString","coordinates":[[-72.10263,-36.61155],[-72.10124,-36.61189]]}},{"type":"Feature","properties":{"nombre":"Arturo Prat","jerarquia":5},"geometry":{"type":"LineString","coordinates":[[-72.10124,-36.61189],[-72.10113,-36.61192]]}},{"type":"Feature","properties":{"nombre":"Arturo Prat","jerarquia":5},"geometry":{"type":"LineString","coordinates":[[-72.10113,-36.61192],[-72.09959,-36.61229]]}},{"type":"Feature","properties":{"nombre":"Avenida Collín","jerarquia":3},"geometry":{"type":"LineString","coordinates":[[-72.10261,-36.61582],[-72.10177,-36.61603]]}},{"type":"Feature","properties":{"nombre":"Avenida Collín","jerarquia":3},"geometry":{"type":"LineString","coordinates":[[-72.10177,-36.61603],[-72.10107,-36.6162]]}},{"type":"Feature","properties":{"nombre":"Avenida Collín","jerarquia":3},"geometry":{"type":"LineString","coordinates":[[-72.10107,-36.6162],[-72.1001,-36.61643]]}},{"type":"Feature","properties":{"nombre":"Avenida Collín","jerarquia":3},"geometry":{"type":"LineString","coordinates":[[-72.1001,-36.61643],[-72.09954,-36.61657]]}},{"type":"Feature","properties":{"nombre":"Avenida Antártica Chilena","jerarquia":4},"geometry":{"type":"LineString","coordinates":[[-72.12441,-36.60642],[-72.12309,-36.60621]]}},{"type":"Feature","properties":{"nombre":"Avenida Antártica Chilena","jerarquia":4},"geometry":{"type":"LineString","coordinates":[[-72.12309,-36.60621],[-72.12183,-36.60601]]}},{"type":"Feature","properties":{"nombre":"Avenida Antártica Chilena","jerarquia":4},"geometry":{"type":"LineString","coordinates":[[-72.12183,-36.60601],[-72.12162,-36.60598]]}},{"type":"Feature","properties":{"nombre":"Constitución","jerarquia":4},"geometry":{"type":"LineString","coordinates":[[-72.09974,-36.60824],[-72.10119,-36.60789]]}},{"type":"Feature","properties":{"nombre":"Constitución","jerarquia":4},"geometry":{"type":"LineString","coordinates":[[-72.10119,-36.60789],[-72.10128,-36.60787]]}},{"type":"Feature","properties":{"nombre":"Nueva Sur","jerarquia":5},"geometry":{"type":"LineString","coordinates":[[-72.09725,-36.63045],[-72.09747,-36.63041]]}},{"type":"Feature","properties":{"nombre":"Nueva Sur","jerarquia":5},"geometry":{"type":"LineString","coordinates":[[-72.09747,-36.63041],[-72.09785,-36.63033]]}},{"type":"Feature","properties":{"nombre":"Nueva Sur","jerarquia":5},"geometry":{"type":"LineString","coordinates":[[-72.09785,-36.63033],[-72.09823,-36.63025]]}},{"type":"Feature","properties":{"nombre":"Nueva Sur","jerarquia":5},"geometry":{"type":"LineString","coordinates":[[-72.09823,-36.63025],[-72.09863,-36.63016]]}},{"type":"Feature","properties":{"nombre":"Nueva Sur","jerarquia":5},"geometry":{"type":"LineString","coordinates":[[-72.09863,-36.63016],[-72.09935,-36.63006]]}},{"type":"Feature","properties":{"nombre":"Nueva Sur","jerarquia":5},"geometry":{"type":"LineString","coordinates":[[-72.09935,-36.63006],[-72.10085,-36.62995]]}},{"type":"Feature","properties":{"nombre":"Nueva Sur","jerarquia":5},"geometry":{"type":"LineString","coordinates":[[-72.10085,-36.62995],[-72.10098,-36.62994]]}},{"type":"Feature","properties":{"nombre":"Arturo Prat","jerarquia":5},"geometry":{"type":"LineString","coordinates":[[-72.10876,-36.61007],[-72.10726,-36.61044]]}},{"type":"Feature","properties":{"nombre":"Arturo Prat","jerarquia":5},"geometry":{"type":"LineString","coordinates":[[-72.10726,-36.61044],[-72.10572,-36.61081]]}},{"type":"Feature","properties":{"nombre":"Arturo Prat","jerarquia":5},"geometry":{"type":"LineString","coordinates":[[-72.10572,-36.61081],[-72.1043,-36.61116]]}},{"type":"Feature","properties":{"nombre":"Arturo Prat","jerarquia":5},"geometry":{"type":"LineString","coordinates":[[-72.1043,-36.61116],[-72.10418,-36.61118]]}},{"type":"Feature","properties":{"nombre":"Arturo Prat","jerarquia":5},"geometry":{"type":"LineString","coordinates":[[-72.10418,-36.61118],[-72.10377,-36.61128]]}},{"type":"Feature","properties":{"nombre":"Arturo Prat","jerarquia":5},"geometry":{"type":"LineString","coordinates":[[-72.10377,-36.61128],[-72.10273,-36.61153]]}},{"type":"Feature","properties":{"nombre":"Arturo Prat","jerarquia":5},"geometry":{"type":"LineString","coordinates":[[-72.10273,-36.61153],[-72.10263,-36.61155]]}},{"type":"Feature","properties":{"nombre":"Avenida Libertad","jerarquia":4},"geometry":{"type":"LineString","coordinates":[[-72.10081,-36.60663],[-72.09928,-36.607]]}},{"type":"Feature","properties":{"nombre":"Avenida Collín","jerarquia":3},"geometry":{"type":"LineString","coordinates":[[-72.09954,-36.61657],[-72.09887,-36.61673]]}},{"type":"Feature","properties":{"nombre":"Avenida Collín","jerarquia":3},"geometry":{"type":"LineString","coordinates":[[-72.09887,-36.61673],[-72.09801,-36.61694]]}},{"type":"Feature","properties":{"nombre":"Avenida Collín","jerarquia":3},"geometry":{"type":"LineString","coordinates":[[-72.09801,-36.61694],[-72.09703,-36.61718]]}},{"type":"Feature","properties":{"nombre":"Avenida Collín","jerarquia":3},"geometry":{"type":"LineString","coordinates":[[-72.09703,-36.61718],[-72.09652,-36.61731]]}},{"type":"Feature","properties":{"nombre":"Avenida Collín","jerarquia":3},"geometry":{"type":"LineString","coordinates":[[-72.09652,-36.61731],[-72.09643,-36.61733]]}},{"type":"Feature","properties":{"nombre":"Nueva Sur","jerarquia":5},"geometry":{"type":"LineString","coordinates":[[-72.10098,-36.62994],[-72.10111,-36.62993]]}},{"type":"Feature","properties":{"nombre":"Nueva Sur","jerarquia":5},"geometry":{"type":"LineString","coordinates":[[-72.10111,-36.62993],[-72.10199,-36.62986]]}},{"type":"Feature","properties":{"nombre":"Nueva Sur","jerarquia":5},"geometry":{"type":"LineString","coordinates":[[-72.10199,-36.62986],[-72.10243,-36.62983]]}},{"type":"Feature","properties":{"nombre":"Nueva Sur","jerarquia":5},"geometry":{"type":"LineString","coordinates":[[-72.10243,-36.62983],[-72.1027,-36.62982]]}},{"type":"Feature","properties":{"nombre":"Nueva Sur","jerarquia":5},"geometry":{"type":"LineString","coordinates":[[-72.1027,-36.62982],[-72.10279,-36.62982]]}},{"type":"Feature","properties":{"nombre":"Nueva Sur","jerarquia":5},"geometry":{"type":"LineString","coordinates":[[-72.10279,-36.62982],[-72.10361,-36.62992]]}},{"type":"Feature","properties":{"nombre":"Nueva Sur","jerarquia":5},"geometry":{"type":"LineString","coordinates":[[-72.10361,-36.62992],[-72.10372,-36.62993]]}},{"type":"Feature","properties":{"nombre":"Isabel Riquelme","jerarquia":5},"geometry":{"type":"LineString","coordinates":[[-72.09928,-36.607],[-72.09971,-36.60817]]}},{"type":"Feature","properties":{"nombre":"Isabel Riquelme","jerarquia":5},"geometry":{"type":"LineString","coordinates":[[-72.09971,-36.60817],[-72.09974,-36.60824]]}},{"type":"Feature","properties":{"nombre":"5 de Abril","jerarquia":5},"geometry":{"type":"LineString","coordinates":[[-72.10405,-36.61525],[-72.10365,-36.61423]]}},{"type":"Feature","properties":{"nombre":"Maipón","jerarquia":4},"geometry":{"type":"LineString","coordinates":[[-72.11289,-36.6077],[-72.11295,-36.60769]]}},{"type":"Feature","properties":{"nombre":"Maipón","jerarquia":4},"geometry":{"type":"LineString","coordinates":[[-72.11295,-36.60769],[-72.11311,-36.60766]]}},{"type":"Feature","properties":{"nombre":"Maipón","jerarquia":4},"geometry":{"type":"LineString","coordinates":[[-72.11311,-36.60766],[-72.11317,-36.60765]]}},{"type":"Feature","properties":{"nombre":"Veintiuno de Mayo","jerarquia":5},"geometry":{"type":"LineString","coordinates":[[-72.11664,-36.60415],[-72.11705,-36.60534]]}},{"type":"Feature","properties":{"nombre":"Isabel Riquelme","jerarquia":5},"geometry":{"type":"LineString","coordinates":[[-72.09974,-36.60824],[-72.10017,-36.60936]]}},{"type":"Feature","properties":{"nombre":"Isabel Riquelme","jerarquia":5},"geometry":{"type":"LineString","coordinates":[[-72.10017,-36.60936],[-72.10021,-36.60946]]}},{"type":"Feature","properties":{"nombre":"Los Alerces","jerarquia":5},"geometry":{"type":"LineString","coordinates":[[-72.10654,-36.62699],[-72.10547,-36.62713]]}},{"type":"Feature","properties":{"nombre":"Los Alerces","jerarquia":5},"geometry":{"type":"LineString","coordinates":[[-72.10547,-36.62713],[-72.10529,-36.62716]]}},{"type":"Feature","properties":{"nombre":"Los Alerces","jerarquia":5},"geometry":{"type":"LineString","coordinates":[[-72.10529,-36.62716],[-72.10447,-36.62727]]}},{"type":"Feature","properties":{"nombre":"Los Alerces","jerarquia":5},"geometry":{"type":"LineString","coordinates":[[-72.10447,-36.62727],[-72.10401,-36.62733]]}},{"type":"Feature","properties":{"nombre":"Los Alerces","jerarquia":5},"geometry":{"type":"LineString","coordinates":[[-72.10401,-36.62733],[-72.10327,-36.62744]]}},{"type":"Feature","properties":{"nombre":"Los Alerces","jerarquia":5},"geometry":{"type":"LineString","coordinates":[[-72.10327,-36.62744],[-72.1032,-36.62745]]}},{"type":"Feature","properties":{"nombre":"Barros Arana","jerarquia":5},"geometry":{"type":"LineString","coordinates":[[-72.10098,-36.62994],[-72.10091,-36.62953]]}},{"type":"Feature","properties":{"nombre":"Barros Arana","jerarquia":5},"geometry":{"type":"LineString","coordinates":[[-72.10091,-36.62953],[-72.10088,-36.62942]]}},{"type":"Feature","properties":{"nombre":"Barros Arana","jerarquia":5},"geometry":{"type":"LineString","coordinates":[[-72.10088,-36.62942],[-72.10086,-36.62934]]}},{"type":"Feature","properties":{"nombre":"Barros Arana","jerarquia":5},"geometry":{"type":"LineString","coordinates":[[-72.10086,-36.62934],[-72.10078,-36.62901]]}},{"type":"Feature","properties":{"nombre":"Barros Arana","jerarquia":5},"geometry":{"type":"LineString","coordinates":[[-72.10078,-36.62901],[-72.1007,-36.62867]]}},{"type":"Feature","properties":{"nombre":"Barros Arana","jerarquia":5},"geometry":{"type":"LineString","coordinates":[[-72.1007,-36.62867],[-72.10068,-36.62862]]}},{"type":"Feature","properties":{"nombre":"Barros Arana","jerarquia":5},"geometry":{"type":"LineString","coordinates":[[-72.10068,-36.62862],[-72.10052,-36.62836]]}},{"type":"Feature","properties":{"nombre":"Barros Arana","jerarquia":5},"geometry":{"type":"LineString","coordinates":[[-72.10052,-36.62836],[-72.10046,-36.62826]]}},{"type":"Feature","properties":{"nombre":"Barros Arana","jerarquia":5},"geometry":{"type":"LineString","coordinates":[[-72.10046,-36.62826],[-72.10024,-36.62787]]}},{"type":"Feature","properties":{"nombre":"Barros Arana","jerarquia":5},"geometry":{"type":"LineString","coordinates":[[-72.10024,-36.62787],[-72.10003,-36.62744]]}},{"type":"Feature","properties":{"nombre":"Barros Arana","jerarquia":5},"geometry":{"type":"LineString","coordinates":[[-72.10003,-36.62744],[-72.09983,-36.62703]]}},{"type":"Feature","properties":{"nombre":"Barros Arana","jerarquia":5},"geometry":{"type":"LineString","coordinates":[[-72.09983,-36.62703],[-72.09965,-36.62667]]}},{"type":"Feature","properties":{"nombre":"Avenida Baquedano","jerarquia":3},"geometry":{"type":"LineString","coordinates":[[-72.13523,-36.64062],[-72.13861,-36.64279],[-72.1412,-36.64429]]}},{"type":"Feature","properties":{"nombre":"Avenida Baquedano","jerarquia":3},"geometry":{"type":"LineString","coordinates":[[-72.1412,-36.64429],[-72.14206,-36.64476],[-72.14418,-36.64538],[-72.14456,-36.64562],[-72.1447,-36.64577],[-72.14513,-36.64653]]}},{"type":"Feature","properties":{"nombre":"Independencia","jerarquia":5},"geometry":{"type":"LineString","coordinates":[[-72.09484,-36.60407],[-72.0953,-36.6053]]}},{"type":"Feature","properties":{"nombre":"Independencia","jerarquia":5},"geometry":{"type":"LineString","coordinates":[[-72.0953,-36.6053],[-72.09577,-36.60654]]}},{"type":"Feature","properties":{"nombre":"Independencia","jerarquia":5},"geometry":{"type":"LineString","coordinates":[[-72.09577,-36.60654],[-72.09622,-36.60775]]}},{"type":"Feature","properties":{"nombre":"Erasmo Escala","jerarquia":5},"geometry":{"type":"LineString","coordinates":[[-72.12666,-36.6243],[-72.12635,-36.62306]]}},{"type":"Feature","properties":{"nombre":"General Velásquez","jerarquia":5},"geometry":{"type":"LineString","coordinates":[[-72.13146,-36.61865],[-72.13156,-36.61864]]}},{"type":"Feature","properties":{"nombre":"General Velásquez","jerarquia":5},"geometry":{"type":"LineString","coordinates":[[-72.13156,-36.61864],[-72.13291,-36.61839]]}},{"type":"Feature","properties":{"nombre":"General Velásquez","jerarquia":5},"geometry":{"type":"LineString","coordinates":[[-72.13291,-36.61839],[-72.13375,-36.6183]]}},{"type":"Feature","properties":{"nombre":"General Velásquez","jerarquia":5},"geometry":{"type":"LineString","coordinates":[[-72.13375,-36.6183],[-72.13439,-36.61831]]}},{"type":"Feature","properties":{"nombre":"General Velásquez","jerarquia":5},"geometry":{"type":"LineString","coordinates":[[-72.13439,-36.61831],[-72.13536,-36.61831]]}},{"type":"Feature","properties":{"nombre":"General Velásquez","jerarquia":5},"geometry":{"type":"LineString","coordinates":[[-72.13536,-36.61831],[-72.13549,-36.6183]]}},{"type":"Feature","properties":{"nombre":"Paula Jaraquemada","jerarquia":5},"geometry":{"type":"LineString","coordinates":[[-72.12586,-36.6332],[-72.12599,-36.63318]]}},{"type":"Feature","properties":{"nombre":"Paula Jaraquemada","jerarquia":5},"geometry":{"type":"LineString","coordinates":[[-72.12599,-36.63318],[-72.12735,-36.63298]]}},{"type":"Feature","properties":{"nombre":"Avenida Argentina","jerarquia":3},"geometry":{"type":"LineString","coordinates":[[-72.09158,-36.60487],[-72.09138,-36.60436]]}},{"type":"Feature","properties":{"nombre":"Avenida Argentina","jerarquia":3},"geometry":{"type":"LineString","coordinates":[[-72.09138,-36.60436],[-72.09118,-36.60382]]}},{"type":"Feature","properties":{"nombre":"Avenida Argentina","jerarquia":3},"geometry":{"type":"LineString","coordinates":[[-72.09118,-36.60382],[-72.09114,-36.60372]]}},{"type":"Feature","properties":{"nombre":"Avenida Argentina","jerarquia":3},"geometry":{"type":"LineString","coordinates":[[-72.09114,-36.60372],[-72.09112,-36.60365]]}},{"type":"Feature","properties":{"nombre":"Avenida Argentina","jerarquia":3},"geometry":{"type":"LineString","coordinates":[[-72.09112,-36.60365],[-72.09085,-36.60296]]}},{"type":"Feature","properties":{"nombre":"Avenida Libertad","jerarquia":4},"geometry":{"type":"LineString","coordinates":[[-72.09928,-36.607],[-72.09774,-36.60738]]}},{"type":"Feature","properties":{"nombre":"Avenida Libertad","jerarquia":4},"geometry":{"type":"LineString","coordinates":[[-72.09774,-36.60738],[-72.09622,-36.60775]]}},{"type":"Feature","properties":{"nombre":"Gamero","jerarquia":5},"geometry":{"type":"LineString","coordinates":[[-72.10249,-36.60219],[-72.10096,-36.60257]]}},{"type":"Feature","properties":{"nombre":"Avenida Libertad","jerarquia":4},"geometry":{"type":"LineString","coordinates":[[-72.10842,-36.60478],[-72.10693,-36.60515]]}},{"type":"Feature","properties":{"nombre":"Avenida Libertad","jerarquia":4},"geometry":{"type":"LineString","coordinates":[[-72.10693,-36.60515],[-72.10543,-36.60551]]}},{"type":"Feature","properties":{"nombre":"Avenida Libertad","jerarquia":4},"geometry":{"type":"LineString","coordinates":[[-72.10543,-36.60551],[-72.10489,-36.60564]]}},{"type":"Feature","properties":{"nombre":"Avenida Libertad","jerarquia":4},"geometry":{"type":"LineString","coordinates":[[-72.10489,-36.60564],[-72.10403,-36.60585]]}},{"type":"Feature","properties":{"nombre":"Avenida Libertad","jerarquia":4},"geometry":{"type":"LineString","coordinates":[[-72.10403,-36.60585],[-72.10387,-36.60589]]}},{"type":"Feature","properties":{"nombre":"Avenida Libertad","jerarquia":4},"geometry":{"type":"LineString","coordinates":[[-72.10387,-36.60589],[-72.1036,-36.60595]]}},{"type":"Feature","properties":{"nombre":"Avenida Libertad","jerarquia":4},"geometry":{"type":"LineString","coordinates":[[-72.1036,-36.60595],[-72.10262,-36.60619]]}},{"type":"Feature","properties":{"nombre":"Avenida Libertad","jerarquia":4},"geometry":{"type":"LineString","coordinates":[[-72.10262,-36.60619],[-72.10247,-36.60623]]}},{"type":"Feature","properties":{"nombre":"Avenida Libertad","jerarquia":4},"geometry":{"type":"LineString","coordinates":[[-72.10247,-36.60623],[-72.10235,-36.60625]]}},{"type":"Feature","properties":{"nombre":"Conde de Maule","jerarquia":5},"geometry":{"type":"LineString","coordinates":[[-72.12459,-36.62836],[-72.12613,-36.62813]]}},{"type":"Feature","properties":{"nombre":"Conde de Maule","jerarquia":5},"geometry":{"type":"LineString","coordinates":[[-72.12761,-36.62791],[-72.1291,-36.62769]]}},{"type":"Feature","properties":{"nombre":"Conde de Maule","jerarquia":5},"geometry":{"type":"LineString","coordinates":[[-72.1291,-36.62769],[-72.13059,-36.62747]]}},{"type":"Feature","properties":{"nombre":"Isabel Riquelme","jerarquia":5},"geometry":{"type":"LineString","coordinates":[[-72.10067,-36.61069],[-72.1011,-36.61183]]}},{"type":"Feature","properties":{"nombre":"Isabel Riquelme","jerarquia":5},"geometry":{"type":"LineString","coordinates":[[-72.1011,-36.61183],[-72.10113,-36.61192]]}},{"type":"Feature","properties":{"nombre":"Isabel Riquelme","jerarquia":5},"geometry":{"type":"LineString","coordinates":[[-72.10113,-36.61192],[-72.1016,-36.61315]]}},{"type":"Feature","properties":{"nombre":"Isabel Riquelme","jerarquia":5},"geometry":{"type":"LineString","coordinates":[[-72.1016,-36.61315],[-72.10207,-36.61439]]}},{"type":"Feature","properties":{"nombre":"Isabel Riquelme","jerarquia":5},"geometry":{"type":"LineString","coordinates":[[-72.10207,-36.61439],[-72.10224,-36.61483]]}},{"type":"Feature","properties":{"nombre":"18 de Septiembre","jerarquia":5},"geometry":{"type":"LineString","coordinates":[[-72.10249,-36.60219],[-72.10204,-36.60097]]}},{"type":"Feature","properties":{"nombre":"18 de Septiembre","jerarquia":5},"geometry":{"type":"LineString","coordinates":[[-72.10204,-36.60097],[-72.1016,-36.59976]]}},{"type":"Feature","properties":{"nombre":"18 de Septiembre","jerarquia":5},"geometry":{"type":"LineString","coordinates":[[-72.1016,-36.59976],[-72.10157,-36.59968]]}},{"type":"Feature","properties":{"nombre":"Avenida Argentina","jerarquia":3},"geometry":{"type":"LineString","coordinates":[[-72.09252,-36.60734],[-72.09205,-36.6061]]}},{"type":"Feature","properties":{"nombre":"Avenida Argentina","jerarquia":3},"geometry":{"type":"LineString","coordinates":[[-72.09205,-36.6061],[-72.09166,-36.6051]]}},{"type":"Feature","properties":{"nombre":"Avenida Argentina","jerarquia":3},"geometry":{"type":"LineString","coordinates":[[-72.09166,-36.6051],[-72.09158,-36.60487]]}},{"type":"Feature","properties":{"nombre":"Maipón","jerarquia":5},"geometry":{"type":"LineString","coordinates":[[-72.10067,-36.61069],[-72.10203,-36.61037]]}},{"type":"Feature","properties":{"nombre":"Maipón","jerarquia":5},"geometry":{"type":"LineString","coordinates":[[-72.10203,-36.61037],[-72.10218,-36.61034]]}},{"type":"Feature","properties":{"nombre":"Maipón","jerarquia":5},"geometry":{"type":"LineString","coordinates":[[-72.10989,-36.60846],[-72.11098,-36.6082]]}},{"type":"Feature","properties":{"nombre":"Maipón","jerarquia":5},"geometry":{"type":"LineString","coordinates":[[-72.11098,-36.6082],[-72.11139,-36.6081]]}},{"type":"Feature","properties":{"nombre":"Independencia","jerarquia":5},"geometry":{"type":"LineString","coordinates":[[-72.09622,-36.60775],[-72.09665,-36.60889]]}},{"type":"Feature","properties":{"nombre":"Independencia","jerarquia":5},"geometry":{"type":"LineString","coordinates":[[-72.09665,-36.60889],[-72.09669,-36.60899]]}},{"type":"Feature","properties":{"nombre":"Avenida Libertador Bernardo O'Higgins","jerarquia":3},"geometry":{"type":"LineString","coordinates":[[-72.10751,-36.60232],[-72.1071,-36.60118]]}},{"type":"Feature","properties":{"nombre":"Avenida Libertador Bernardo O'Higgins","jerarquia":3},"geometry":{"type":"LineString","coordinates":[[-72.1071,-36.60118],[-72.10706,-36.60108]]}},{"type":"Feature","properties":{"nombre":"Avenida Libertad","jerarquia":4},"geometry":{"type":"LineString","coordinates":[[-72.10235,-36.60625],[-72.10093,-36.6066]]}},{"type":"Feature","properties":{"nombre":"Avenida Libertad","jerarquia":4},"geometry":{"type":"LineString","coordinates":[[-72.10093,-36.6066],[-72.10081,-36.60663]]}},{"type":"Feature","properties":{"nombre":"Gamero","jerarquia":5},"geometry":{"type":"LineString","coordinates":[[-72.09484,-36.60407],[-72.09407,-36.60426]]}},{"type":"Feature","properties":{"nombre":"Gamero","jerarquia":5},"geometry":{"type":"LineString","coordinates":[[-72.09407,-36.60426],[-72.09331,-36.60444]]}},{"type":"Feature","properties":{"nombre":"Gamero","jerarquia":5},"geometry":{"type":"LineString","coordinates":[[-72.09331,-36.60444],[-72.09191,-36.60479]]}},{"type":"Feature","properties":{"nombre":"Gamero","jerarquia":5},"geometry":{"type":"LineString","coordinates":[[-72.09191,-36.60479],[-72.09177,-36.60483]]}},{"type":"Feature","properties":{"nombre":"Gamero","jerarquia":5},"geometry":{"type":"LineString","coordinates":[[-72.09177,-36.60483],[-72.09172,-36.60484]]}},{"type":"Feature","properties":{"nombre":"Gamero","jerarquia":5},"geometry":{"type":"LineString","coordinates":[[-72.09172,-36.60484],[-72.09163,-36.60486]]}},{"type":"Feature","properties":{"nombre":"Gamero","jerarquia":5},"geometry":{"type":"LineString","coordinates":[[-72.09163,-36.60486],[-72.09158,-36.60487]]}},{"type":"Feature","properties":{"nombre":"Mariano Egaña","jerarquia":5},"geometry":{"type":"LineString","coordinates":[[-72.13059,-36.62747],[-72.13028,-36.62628]]}},{"type":"Feature","properties":{"nombre":"Constitución","jerarquia":4},"geometry":{"type":"LineString","coordinates":[[-72.10128,-36.60787],[-72.10271,-36.60752]]}},{"type":"Feature","properties":{"nombre":"Constitución","jerarquia":4},"geometry":{"type":"LineString","coordinates":[[-72.10271,-36.60752],[-72.10286,-36.60748]]}},{"type":"Feature","properties":{"nombre":"Constitución","jerarquia":4},"geometry":{"type":"LineString","coordinates":[[-72.10286,-36.60748],[-72.10409,-36.60718]]}},{"type":"Feature","properties":{"nombre":"Constitución","jerarquia":4},"geometry":{"type":"LineString","coordinates":[[-72.10409,-36.60718],[-72.10419,-36.60716]]}},{"type":"Feature","properties":{"nombre":"Constitución","jerarquia":4},"geometry":{"type":"LineString","coordinates":[[-72.10419,-36.60716],[-72.10432,-36.60712]]}},{"type":"Feature","properties":{"nombre":"Acceso Iansa","jerarquia":5},"geometry":{"type":"LineString","coordinates":[[-72.06116,-36.52151],[-72.06065,-36.52198],[-72.06058,-36.52221],[-72.06063,-36.52241]]}},{"type":"Feature","properties":{"nombre":"Cruce Ruta 5 (Iansa) - Pichoco - Cruce N-349 (Carrizal)","jerarquia":5},"geometry":{"type":"LineString","coordinates":[[-72.05885,-36.52067],[-72.05809,-36.52014],[-72.0578,-36.51971],[-72.05691,-36.51905]]}},{"type":"Feature","properties":{"nombre":"Cruce Ruta 5 (Iansa) - Pichoco - Cruce N-349 (Carrizal)","jerarquia":5},"geometry":{"type":"LineString","coordinates":[[-72.05691,-36.51905],[-72.05669,-36.5189]]}},{"type":"Feature","properties":{"nombre":"","jerarquia":1},"geometry":{"type":"LineString","coordinates":[[-72.05925,-36.52046],[-72.05967,-36.52062],[-72.05979,-36.52058],[-72.05997,-36.52043]]}},{"type":"Feature","properties":{"nombre":"Avenida El Tejar","jerarquia":5},"geometry":{"type":"LineString","coordinates":[[-72.12375,-36.61933],[-72.1237,-36.61905]]}},{"type":"Feature","properties":{"nombre":"Avenida El Tejar","jerarquia":5},"geometry":{"type":"LineString","coordinates":[[-72.1237,-36.61905],[-72.12352,-36.61859]]}},{"type":"Feature","properties":{"nombre":"Avenida El Tejar","jerarquia":5},"geometry":{"type":"LineString","coordinates":[[-72.12352,-36.61859],[-72.12317,-36.61816]]}},{"type":"Feature","properties":{"nombre":"Avenida El Tejar","jerarquia":5},"geometry":{"type":"LineString","coordinates":[[-72.12317,-36.61816],[-72.12278,-36.61788],[-72.1223,-36.61768]]}},{"type":"Feature","properties":{"nombre":"Avenida El Tejar","jerarquia":5},"geometry":{"type":"LineString","coordinates":[[-72.1223,-36.61768],[-72.12202,-36.6176]]}},{"type":"Feature","properties":{"nombre":"Avenida El Tejar","jerarquia":5},"geometry":{"type":"LineString","coordinates":[[-72.12202,-36.6176],[-72.12148,-36.61749],[-72.12096,-36.61751]]}},{"type":"Feature","properties":{"nombre":"Avenida El Tejar","jerarquia":5},"geometry":{"type":"LineString","coordinates":[[-72.12378,-36.6195],[-72.12375,-36.61933]]}},{"type":"Feature","properties":{"nombre":"Orozimbo Barboza","jerarquia":5},"geometry":{"type":"LineString","coordinates":[[-72.12389,-36.61975],[-72.12378,-36.6195]]}},{"type":"Feature","properties":{"nombre":"Avenida La Castilla","jerarquia":4},"geometry":{"type":"LineString","coordinates":[[-72.1148,-36.61274],[-72.11616,-36.61236],[-72.11771,-36.61217]]}},{"type":"Feature","properties":{"nombre":"Avenida Los Puelches","jerarquia":4},"geometry":{"type":"LineString","coordinates":[[-72.08454,-36.61548],[-72.08482,-36.61589]]}},{"type":"Feature","properties":{"nombre":"Avenida Los Puelches","jerarquia":4},"geometry":{"type":"LineString","coordinates":[[-72.08482,-36.61589],[-72.08489,-36.61602]]}},{"type":"Feature","properties":{"nombre":"Estero El Salto","jerarquia":5},"geometry":{"type":"LineString","coordinates":[[-72.06373,-36.62373],[-72.06385,-36.6237]]}},{"type":"Feature","properties":{"nombre":"Estero El Salto","jerarquia":5},"geometry":{"type":"LineString","coordinates":[[-72.06385,-36.6237],[-72.06462,-36.62355]]}},{"type":"Feature","properties":{"nombre":"Estero El Salto","jerarquia":5},"geometry":{"type":"LineString","coordinates":[[-72.06462,-36.62355],[-72.06603,-36.62328]]}},{"type":"Feature","properties":{"nombre":"Estero El Salto","jerarquia":5},"geometry":{"type":"LineString","coordinates":[[-72.06603,-36.62328],[-72.06735,-36.62302]]}},{"type":"Feature","properties":{"nombre":"Estero El Salto","jerarquia":5},"geometry":{"type":"LineString","coordinates":[[-72.06735,-36.62302],[-72.06866,-36.62276]]}},{"type":"Feature","properties":{"nombre":"Estero El Salto","jerarquia":5},"geometry":{"type":"LineString","coordinates":[[-72.06866,-36.62276],[-72.06952,-36.62259]]}},{"type":"Feature","properties":{"nombre":"Los Alerces","jerarquia":5},"geometry":{"type":"LineString","coordinates":[[-72.10721,-36.62681],[-72.10664,-36.62698]]}},{"type":"Feature","properties":{"nombre":"Los Alerces","jerarquia":5},"geometry":{"type":"LineString","coordinates":[[-72.10664,-36.62698],[-72.10654,-36.62699]]}},{"type":"Feature","properties":{"nombre":"Pedro Aguirre Cerda","jerarquia":5},"geometry":{"type":"LineString","coordinates":[[-72.1091,-36.62165],[-72.10912,-36.62124]]}},{"type":"Feature","properties":{"nombre":"Pedro Aguirre Cerda","jerarquia":5},"geometry":{"type":"LineString","coordinates":[[-72.10912,-36.62124],[-72.10913,-36.621],[-72.10907,-36.62086]]}},{"type":"Feature","properties":{"nombre":"Pedro Aguirre Cerda","jerarquia":5},"geometry":{"type":"LineString","coordinates":[[-72.10907,-36.62086],[-72.109,-36.62069],[-72.10904,-36.62049]]}},{"type":"Feature","properties":{"nombre":"Rosauro Acuña","jerarquia":4},"geometry":{"type":"LineString","coordinates":[[-72.11998,-36.61939],[-72.11982,-36.61947]]}},{"type":"Feature","properties":{"nombre":"Rosauro Acuña","jerarquia":4},"geometry":{"type":"LineString","coordinates":[[-72.11982,-36.61947],[-72.11879,-36.62042]]}},{"type":"Feature","properties":{"nombre":"Rosauro Acuña","jerarquia":4},"geometry":{"type":"LineString","coordinates":[[-72.11879,-36.62042],[-72.11852,-36.62069]]}},{"type":"Feature","properties":{"nombre":"Florindo Lagos","jerarquia":5},"geometry":{"type":"LineString","coordinates":[[-72.11065,-36.61843],[-72.11075,-36.6184]]}},{"type":"Feature","properties":{"nombre":"Florindo Lagos","jerarquia":5},"geometry":{"type":"LineString","coordinates":[[-72.11075,-36.6184],[-72.11133,-36.61826]]}},{"type":"Feature","properties":{"nombre":"Florindo Lagos","jerarquia":5},"geometry":{"type":"LineString","coordinates":[[-72.11133,-36.61826],[-72.11211,-36.61807],[-72.11225,-36.61809]]}},{"type":"Feature","properties":{"nombre":"Palermo","jerarquia":5},"geometry":{"type":"LineString","coordinates":[[-72.11158,-36.62085],[-72.11123,-36.61993]]}},{"type":"Feature","properties":{"nombre":"Palermo","jerarquia":5},"geometry":{"type":"LineString","coordinates":[[-72.11123,-36.61993],[-72.11119,-36.61984]]}},{"type":"Feature","properties":{"nombre":"Palermo","jerarquia":5},"geometry":{"type":"LineString","coordinates":[[-72.11119,-36.61984],[-72.11067,-36.6185]]}},{"type":"Feature","properties":{"nombre":"Palermo","jerarquia":5},"geometry":{"type":"LineString","coordinates":[[-72.11067,-36.6185],[-72.11065,-36.61843]]}},{"type":"Feature","properties":{"nombre":"Palermo","jerarquia":5},"geometry":{"type":"LineString","coordinates":[[-72.11065,-36.61843],[-72.11047,-36.61797]]}},{"type":"Feature","properties":{"nombre":"Palermo","jerarquia":5},"geometry":{"type":"LineString","coordinates":[[-72.11047,-36.61797],[-72.11021,-36.61731]]}},{"type":"Feature","properties":{"nombre":"Palermo","jerarquia":5},"geometry":{"type":"LineString","coordinates":[[-72.11154,-36.62312],[-72.11155,-36.62263]]}},{"type":"Feature","properties":{"nombre":"Palermo","jerarquia":5},"geometry":{"type":"LineString","coordinates":[[-72.11155,-36.62263],[-72.11156,-36.62224]]}},{"type":"Feature","properties":{"nombre":"Palermo","jerarquia":5},"geometry":{"type":"LineString","coordinates":[[-72.11156,-36.62224],[-72.11156,-36.62219]]}},{"type":"Feature","properties":{"nombre":"Palermo","jerarquia":5},"geometry":{"type":"LineString","coordinates":[[-72.11156,-36.62219],[-72.11157,-36.62176]]}},{"type":"Feature","properties":{"nombre":"Palermo","jerarquia":5},"geometry":{"type":"LineString","coordinates":[[-72.11157,-36.62176],[-72.11157,-36.6214]]}},{"type":"Feature","properties":{"nombre":"Palermo","jerarquia":5},"geometry":{"type":"LineString","coordinates":[[-72.11157,-36.6214],[-72.11158,-36.62133]]}},{"type":"Feature","properties":{"nombre":"Palermo","jerarquia":5},"geometry":{"type":"LineString","coordinates":[[-72.11158,-36.62133],[-72.11158,-36.62085]]}},{"type":"Feature","properties":{"nombre":"Bombero Lagos","jerarquia":5},"geometry":{"type":"LineString","coordinates":[[-72.11258,-36.61791],[-72.11293,-36.61761]]}},{"type":"Feature","properties":{"nombre":"Bombero Lagos","jerarquia":5},"geometry":{"type":"LineString","coordinates":[[-72.11293,-36.61761],[-72.1131,-36.61757]]}},{"type":"Feature","properties":{"nombre":"Bombero Lagos","jerarquia":5},"geometry":{"type":"LineString","coordinates":[[-72.1131,-36.61757],[-72.11409,-36.61734]]}},{"type":"Feature","properties":{"nombre":"Palermo","jerarquia":5},"geometry":{"type":"LineString","coordinates":[[-72.11021,-36.61731],[-72.1104,-36.61749],[-72.11058,-36.61794]]}},{"type":"Feature","properties":{"nombre":"Palermo","jerarquia":5},"geometry":{"type":"LineString","coordinates":[[-72.11058,-36.61794],[-72.11075,-36.6184]]}},{"type":"Feature","properties":{"nombre":"Palermo","jerarquia":5},"geometry":{"type":"LineString","coordinates":[[-72.11075,-36.6184],[-72.11078,-36.61847]]}},{"type":"Feature","properties":{"nombre":"Palermo","jerarquia":5},"geometry":{"type":"LineString","coordinates":[[-72.11078,-36.61847],[-72.11132,-36.6198]]}},{"type":"Feature","properties":{"nombre":"Palermo","jerarquia":5},"geometry":{"type":"LineString","coordinates":[[-72.11132,-36.6198],[-72.11136,-36.61989]]}},{"type":"Feature","properties":{"nombre":"Palermo","jerarquia":5},"geometry":{"type":"LineString","coordinates":[[-72.11136,-36.61989],[-72.11138,-36.61995]]}},{"type":"Feature","properties":{"nombre":"Palermo","jerarquia":5},"geometry":{"type":"LineString","coordinates":[[-72.11138,-36.61995],[-72.11173,-36.62087]]}},{"type":"Feature","properties":{"nombre":"Palermo","jerarquia":5},"geometry":{"type":"LineString","coordinates":[[-72.11021,-36.61731],[-72.10987,-36.61643]]}},{"type":"Feature","properties":{"nombre":"Palermo","jerarquia":5},"geometry":{"type":"LineString","coordinates":[[-72.10987,-36.61643],[-72.10958,-36.61568]]}},{"type":"Feature","properties":{"nombre":"Calle 1","jerarquia":5},"geometry":{"type":"LineString","coordinates":[[-72.11409,-36.61734],[-72.11476,-36.61719]]}},{"type":"Feature","properties":{"nombre":"Calle 1","jerarquia":5},"geometry":{"type":"LineString","coordinates":[[-72.11476,-36.61719],[-72.11489,-36.61715]]}},{"type":"Feature","properties":{"nombre":"Calle 1","jerarquia":5},"geometry":{"type":"LineString","coordinates":[[-72.11489,-36.61715],[-72.1153,-36.61701]]}},{"type":"Feature","properties":{"nombre":"Calle 1","jerarquia":5},"geometry":{"type":"LineString","coordinates":[[-72.1153,-36.61701],[-72.11541,-36.61692]]}},{"type":"Feature","properties":{"nombre":"Calle 1","jerarquia":5},"geometry":{"type":"LineString","coordinates":[[-72.11541,-36.61692],[-72.11572,-36.61662]]}},{"type":"Feature","properties":{"nombre":"Calle 1","jerarquia":5},"geometry":{"type":"LineString","coordinates":[[-72.11572,-36.61662],[-72.11581,-36.61654]]}},{"type":"Feature","properties":{"nombre":"Pedro Aguirre Cerda","jerarquia":5},"geometry":{"type":"LineString","coordinates":[[-72.10922,-36.62006],[-72.10934,-36.61946]]}},{"type":"Feature","properties":{"nombre":"Pedro Aguirre Cerda","jerarquia":5},"geometry":{"type":"LineString","coordinates":[[-72.10934,-36.61946],[-72.109,-36.61831]]}},{"type":"Feature","properties":{"nombre":"Pedro Aguirre Cerda","jerarquia":5},"geometry":{"type":"LineString","coordinates":[[-72.109,-36.61831],[-72.10872,-36.61742]]}},{"type":"Feature","properties":{"nombre":"Pedro Aguirre Cerda","jerarquia":5},"geometry":{"type":"LineString","coordinates":[[-72.10872,-36.61742],[-72.10854,-36.61688]]}},{"type":"Feature","properties":{"nombre":"Pedro Aguirre Cerda","jerarquia":5},"geometry":{"type":"LineString","coordinates":[[-72.10854,-36.61688],[-72.10826,-36.61598]]}},{"type":"Feature","properties":{"nombre":"Avenida Collín","jerarquia":3},"geometry":{"type":"LineString","coordinates":[[-72.10557,-36.61488],[-72.1071,-36.61451]]}},{"type":"Feature","properties":{"nombre":"","jerarquia":3},"geometry":{"type":"LineString","coordinates":[[-72.10238,-36.58712],[-72.10259,-36.58711]]}},{"type":"Feature","properties":{"nombre":"","jerarquia":3},"geometry":{"type":"LineString","coordinates":[[-72.10498,-36.59503],[-72.1049,-36.59509],[-72.10481,-36.59507]]}},{"type":"Feature","properties":{"nombre":"","jerarquia":3},"geometry":{"type":"LineString","coordinates":[[-72.09703,-36.60065],[-72.0971,-36.60071],[-72.09707,-36.60079]]}},{"type":"Feature","properties":{"nombre":"Rodrigo de Quiroga","jerarquia":5},"geometry":{"type":"LineString","coordinates":[[-72.10422,-36.62034],[-72.10374,-36.62042]]}},{"type":"Feature","properties":{"nombre":"Rodrigo de Quiroga","jerarquia":5},"geometry":{"type":"LineString","coordinates":[[-72.10374,-36.62042],[-72.10316,-36.62052],[-72.10293,-36.62066]]}},{"type":"Feature","properties":{"nombre":"Rodrigo de Quiroga","jerarquia":5},"geometry":{"type":"LineString","coordinates":[[-72.10293,-36.62066],[-72.10145,-36.62122]]}},{"type":"Feature","properties":{"nombre":"Avenida Alonso de Ercilla","jerarquia":4},"geometry":{"type":"LineString","coordinates":[[-72.09662,-36.62393],[-72.09626,-36.62399]]}},{"type":"Feature","properties":{"nombre":"Avenida Alonso de Ercilla","jerarquia":4},"geometry":{"type":"LineString","coordinates":[[-72.09626,-36.62399],[-72.09531,-36.62415]]}},{"type":"Feature","properties":{"nombre":"Avenida Alonso de Ercilla","jerarquia":4},"geometry":{"type":"LineString","coordinates":[[-72.09531,-36.62415],[-72.09487,-36.62422]]}},{"type":"Feature","properties":{"nombre":"Avenida Alonso de Ercilla","jerarquia":4},"geometry":{"type":"LineString","coordinates":[[-72.09487,-36.62422],[-72.09399,-36.62437]]}},{"type":"Feature","properties":{"nombre":"Río Viejo","jerarquia":4},"geometry":{"type":"LineString","coordinates":[[-72.09842,-36.627],[-72.09809,-36.62713]]}},{"type":"Feature","properties":{"nombre":"Río Viejo","jerarquia":4},"geometry":{"type":"LineString","coordinates":[[-72.09809,-36.62713],[-72.09724,-36.62748]]}},{"type":"Feature","properties":{"nombre":"Río Viejo","jerarquia":4},"geometry":{"type":"LineString","coordinates":[[-72.09724,-36.62748],[-72.09717,-36.62751]]}},{"type":"Feature","properties":{"nombre":"Río Viejo","jerarquia":4},"geometry":{"type":"LineString","coordinates":[[-72.09717,-36.62751],[-72.09611,-36.62801]]}},{"type":"Feature","properties":{"nombre":"Río Viejo","jerarquia":4},"geometry":{"type":"LineString","coordinates":[[-72.09611,-36.62801],[-72.0952,-36.62855]]}},{"type":"Feature","properties":{"nombre":"Río Viejo","jerarquia":4},"geometry":{"type":"LineString","coordinates":[[-72.0952,-36.62855],[-72.09507,-36.62864]]}},{"type":"Feature","properties":{"nombre":"Río Viejo","jerarquia":4},"geometry":{"type":"LineString","coordinates":[[-72.09507,-36.62864],[-72.09463,-36.62892]]}},{"type":"Feature","properties":{"nombre":"Río Viejo","jerarquia":4},"geometry":{"type":"LineString","coordinates":[[-72.09463,-36.62892],[-72.09405,-36.62942]]}},{"type":"Feature","properties":{"nombre":"Río Viejo","jerarquia":4},"geometry":{"type":"LineString","coordinates":[[-72.09405,-36.62942],[-72.09369,-36.6297],[-72.09332,-36.62986],[-72.09224,-36.6302]]}},{"type":"Feature","properties":{"nombre":"Río Viejo","jerarquia":4},"geometry":{"type":"LineString","coordinates":[[-72.09224,-36.6302],[-72.09191,-36.63028]]}},{"type":"Feature","properties":{"nombre":"Río Viejo","jerarquia":4},"geometry":{"type":"LineString","coordinates":[[-72.09191,-36.63028],[-72.09084,-36.63047]]}},{"type":"Feature","properties":{"nombre":"Río Viejo","jerarquia":4},"geometry":{"type":"LineString","coordinates":[[-72.09084,-36.63047],[-72.08935,-36.63062]]}},{"type":"Feature","properties":{"nombre":"Río Viejo","jerarquia":4},"geometry":{"type":"LineString","coordinates":[[-72.08935,-36.63062],[-72.08818,-36.63069]]}},{"type":"Feature","properties":{"nombre":"Río Viejo","jerarquia":4},"geometry":{"type":"LineString","coordinates":[[-72.08818,-36.63069],[-72.08757,-36.63063]]}},{"type":"Feature","properties":{"nombre":"Río Viejo","jerarquia":4},"geometry":{"type":"LineString","coordinates":[[-72.08757,-36.63063],[-72.08589,-36.63044],[-72.08556,-36.63046],[-72.08506,-36.63062]]}},{"type":"Feature","properties":{"nombre":"Río Viejo","jerarquia":4},"geometry":{"type":"LineString","coordinates":[[-72.08506,-36.63062],[-72.08461,-36.6308]]}},{"type":"Feature","properties":{"nombre":"Avenida Alonso de Ercilla","jerarquia":4},"geometry":{"type":"LineString","coordinates":[[-72.08588,-36.62521],[-72.08557,-36.62522]]}},{"type":"Feature","properties":{"nombre":"Avenida Alonso de Ercilla","jerarquia":4},"geometry":{"type":"LineString","coordinates":[[-72.08557,-36.62522],[-72.08512,-36.62524]]}},{"type":"Feature","properties":{"nombre":"Avenida Alonso de Ercilla","jerarquia":4},"geometry":{"type":"LineString","coordinates":[[-72.08512,-36.62524],[-72.0847,-36.62528]]}},{"type":"Feature","properties":{"nombre":"Avenida Alonso de Ercilla","jerarquia":4},"geometry":{"type":"LineString","coordinates":[[-72.0847,-36.62528],[-72.08462,-36.62529]]}},{"type":"Feature","properties":{"nombre":"Avenida Alonso de Ercilla","jerarquia":4},"geometry":{"type":"LineString","coordinates":[[-72.08462,-36.62529],[-72.08433,-36.62532]]}},{"type":"Feature","properties":{"nombre":"Avenida Alonso de Ercilla","jerarquia":4},"geometry":{"type":"LineString","coordinates":[[-72.08433,-36.62532],[-72.08413,-36.62533]]}},{"type":"Feature","properties":{"nombre":"Avenida Alonso de Ercilla","jerarquia":4},"geometry":{"type":"LineString","coordinates":[[-72.08413,-36.62533],[-72.08367,-36.62538]]}},{"type":"Feature","properties":{"nombre":"Avenida Alonso de Ercilla","jerarquia":4},"geometry":{"type":"LineString","coordinates":[[-72.08367,-36.62538],[-72.08318,-36.62542]]}},{"type":"Feature","properties":{"nombre":"Avenida Los Puelches","jerarquia":4},"geometry":{"type":"LineString","coordinates":[[-72.08489,-36.61602],[-72.08497,-36.61623]]}},{"type":"Feature","properties":{"nombre":"Avenida Argentina","jerarquia":3},"geometry":{"type":"LineString","coordinates":[[-72.0954,-36.61501],[-72.09526,-36.61468]]}},{"type":"Feature","properties":{"nombre":"Avenida Argentina","jerarquia":3},"geometry":{"type":"LineString","coordinates":[[-72.09526,-36.61468],[-72.09515,-36.61431]]}},{"type":"Feature","properties":{"nombre":"Avenida Argentina","jerarquia":3},"geometry":{"type":"LineString","coordinates":[[-72.09515,-36.61431],[-72.09502,-36.61396]]}},{"type":"Feature","properties":{"nombre":"Avenida Argentina","jerarquia":3},"geometry":{"type":"LineString","coordinates":[[-72.09502,-36.61396],[-72.09499,-36.61387]]}},{"type":"Feature","properties":{"nombre":"Cristóbal Colón","jerarquia":5},"geometry":{"type":"LineString","coordinates":[[-72.08773,-36.61652],[-72.08764,-36.61609],[-72.08769,-36.61604]]}},{"type":"Feature","properties":{"nombre":"Avenida Argentina","jerarquia":3},"geometry":{"type":"LineString","coordinates":[[-72.09522,-36.61391],[-72.09548,-36.61462]]}},{"type":"Feature","properties":{"nombre":"Avenida Argentina","jerarquia":3},"geometry":{"type":"LineString","coordinates":[[-72.09548,-36.61462],[-72.09593,-36.61586]]}},{"type":"Feature","properties":{"nombre":"Avenida Argentina","jerarquia":3},"geometry":{"type":"LineString","coordinates":[[-72.09593,-36.61586],[-72.09638,-36.61711]]}},{"type":"Feature","properties":{"nombre":"Río Viejo","jerarquia":4},"geometry":{"type":"LineString","coordinates":[[-72.09959,-36.62654],[-72.09886,-36.62683]]}},{"type":"Feature","properties":{"nombre":"Río Viejo","jerarquia":4},"geometry":{"type":"LineString","coordinates":[[-72.09886,-36.62683],[-72.09842,-36.627]]}},{"type":"Feature","properties":{"nombre":"Avenida Chile","jerarquia":5},"geometry":{"type":"LineString","coordinates":[[-72.10145,-36.62122],[-72.1011,-36.6206],[-72.10089,-36.62012]]}},{"type":"Feature","properties":{"nombre":"Avenida Chile","jerarquia":5},"geometry":{"type":"LineString","coordinates":[[-72.10089,-36.62012],[-72.10081,-36.6199]]}},{"type":"Feature","properties":{"nombre":"Avenida Chile","jerarquia":5},"geometry":{"type":"LineString","coordinates":[[-72.10081,-36.6199],[-72.10071,-36.61965]]}},{"type":"Feature","properties":{"nombre":"Avenida Chile","jerarquia":5},"geometry":{"type":"LineString","coordinates":[[-72.10071,-36.61965],[-72.10056,-36.61924]]}},{"type":"Feature","properties":{"nombre":"Avenida Chile","jerarquia":5},"geometry":{"type":"LineString","coordinates":[[-72.10056,-36.61924],[-72.10039,-36.61881]]}},{"type":"Feature","properties":{"nombre":"Avenida Chile","jerarquia":5},"geometry":{"type":"LineString","coordinates":[[-72.10039,-36.61881],[-72.10022,-36.61835]]}},{"type":"Feature","properties":{"nombre":"Avenida Chile","jerarquia":5},"geometry":{"type":"LineString","coordinates":[[-72.10022,-36.61835],[-72.1002,-36.6183]]}},{"type":"Feature","properties":{"nombre":"Ruta N-50","jerarquia":3},"geometry":{"type":"LineString","coordinates":[[-72.3095,-36.46909],[-72.30979,-36.46896]]}},{"type":"Feature","properties":{"nombre":"Ruta N-50","jerarquia":3},"geometry":{"type":"LineString","coordinates":[[-72.30979,-36.46896],[-72.31119,-36.46827]]}},{"type":"Feature","properties":{"nombre":"Avenida Argentina","jerarquia":3},"geometry":{"type":"LineString","coordinates":[[-72.09318,-36.60851],[-72.09326,-36.6087]]}},{"type":"Feature","properties":{"nombre":"Avenida Argentina","jerarquia":3},"geometry":{"type":"LineString","coordinates":[[-72.09326,-36.6087],[-72.09349,-36.60934]]}},{"type":"Feature","properties":{"nombre":"Avenida Argentina","jerarquia":3},"geometry":{"type":"LineString","coordinates":[[-72.09349,-36.60934],[-72.09361,-36.60964]]}},{"type":"Feature","properties":{"nombre":"Avenida Argentina","jerarquia":3},"geometry":{"type":"LineString","coordinates":[[-72.09361,-36.60964],[-72.09364,-36.60973]]}},{"type":"Feature","properties":{"nombre":"","jerarquia":1},"geometry":{"type":"LineString","coordinates":[[-72.10304,-36.5827],[-72.10358,-36.58317],[-72.10408,-36.58352],[-72.10484,-36.58394],[-72.10545,-36.5842]]}},{"type":"Feature","properties":{"nombre":"Avenida Brasil","jerarquia":4},"geometry":{"type":"LineString","coordinates":[[-72.11289,-36.6077],[-72.11259,-36.60687]]}},{"type":"Feature","properties":{"nombre":"Avenida Brasil","jerarquia":4},"geometry":{"type":"LineString","coordinates":[[-72.11259,-36.60687],[-72.11244,-36.60649]]}},{"type":"Feature","properties":{"nombre":"Avenida Brasil","jerarquia":4},"geometry":{"type":"LineString","coordinates":[[-72.11244,-36.60649],[-72.11199,-36.60526]]}},{"type":"Feature","properties":{"nombre":"Avenida Brasil","jerarquia":4},"geometry":{"type":"LineString","coordinates":[[-72.11199,-36.60526],[-72.11175,-36.60462]]}},{"type":"Feature","properties":{"nombre":"Avenida Brasil","jerarquia":4},"geometry":{"type":"LineString","coordinates":[[-72.11175,-36.60462],[-72.11153,-36.60403]]}},{"type":"Feature","properties":{"nombre":"Avenida Ecuador","jerarquia":3},"geometry":{"type":"LineString","coordinates":[[-72.10775,-36.598],[-72.10834,-36.59787]]}},{"type":"Feature","properties":{"nombre":"Avenida Ecuador","jerarquia":3},"geometry":{"type":"LineString","coordinates":[[-72.10834,-36.59787],[-72.10904,-36.59774]]}},{"type":"Feature","properties":{"nombre":"Avenida Ecuador","jerarquia":3},"geometry":{"type":"LineString","coordinates":[[-72.10904,-36.59774],[-72.10915,-36.59771]]}},{"type":"Feature","properties":{"nombre":"Avenida Ecuador","jerarquia":3},"geometry":{"type":"LineString","coordinates":[[-72.10056,-36.59993],[-72.10003,-36.60006]]}},{"type":"Feature","properties":{"nombre":"Avenida Ecuador","jerarquia":3},"geometry":{"type":"LineString","coordinates":[[-72.10003,-36.60006],[-72.09864,-36.6004]]}},{"type":"Feature","properties":{"nombre":"Avenida Ecuador","jerarquia":3},"geometry":{"type":"LineString","coordinates":[[-72.09864,-36.6004],[-72.0985,-36.60044]]}},{"type":"Feature","properties":{"nombre":"Avenida Ecuador","jerarquia":3},"geometry":{"type":"LineString","coordinates":[[-72.0985,-36.60044],[-72.09707,-36.60079]]}},{"type":"Feature","properties":{"nombre":"Avenida Ecuador","jerarquia":3},"geometry":{"type":"LineString","coordinates":[[-72.09707,-36.60079],[-72.09696,-36.60082]]}},{"type":"Feature","properties":{"nombre":"Avenida Ecuador","jerarquia":3},"geometry":{"type":"LineString","coordinates":[[-72.09696,-36.60082],[-72.09543,-36.60119]]}},{"type":"Feature","properties":{"nombre":"Avenida Ecuador","jerarquia":3},"geometry":{"type":"LineString","coordinates":[[-72.09543,-36.60119],[-72.09498,-36.6013]]}},{"type":"Feature","properties":{"nombre":"Avenida Ecuador","jerarquia":3},"geometry":{"type":"LineString","coordinates":[[-72.09498,-36.6013],[-72.09391,-36.60156]]}},{"type":"Feature","properties":{"nombre":"Avenida Ecuador","jerarquia":3},"geometry":{"type":"LineString","coordinates":[[-72.09391,-36.60156],[-72.09289,-36.60182]]}},{"type":"Feature","properties":{"nombre":"Avenida Ecuador","jerarquia":3},"geometry":{"type":"LineString","coordinates":[[-72.09289,-36.60182],[-72.09239,-36.60194]]}},{"type":"Feature","properties":{"nombre":"Avenida Ecuador","jerarquia":3},"geometry":{"type":"LineString","coordinates":[[-72.09239,-36.60194],[-72.09175,-36.6021]]}},{"type":"Feature","properties":{"nombre":"Avenida Argentina","jerarquia":3},"geometry":{"type":"LineString","coordinates":[[-72.09348,-36.60986],[-72.0933,-36.60938]]}},{"type":"Feature","properties":{"nombre":"Avenida Libertad Oriente","jerarquia":4},"geometry":{"type":"LineString","coordinates":[[-72.08639,-36.60854],[-72.08607,-36.60852],[-72.08571,-36.6086]]}},{"type":"Feature","properties":{"nombre":"Mario Vergara","jerarquia":5},"geometry":{"type":"LineString","coordinates":[[-72.08625,-36.60909],[-72.08607,-36.60876],[-72.08585,-36.60869]]}},{"type":"Feature","properties":{"nombre":"Avenida Francisco Ramírez","jerarquia":4},"geometry":{"type":"LineString","coordinates":[[-72.08653,-36.60856],[-72.08639,-36.60854]]}},{"type":"Feature","properties":{"nombre":"Lazareto","jerarquia":5},"geometry":{"type":"LineString","coordinates":[[-72.12307,-36.60846],[-72.12212,-36.60831]]}},{"type":"Feature","properties":{"nombre":"Lazareto","jerarquia":5},"geometry":{"type":"LineString","coordinates":[[-72.12212,-36.60831],[-72.12044,-36.60803]]}},{"type":"Feature","properties":{"nombre":"Lazareto","jerarquia":5},"geometry":{"type":"LineString","coordinates":[[-72.12044,-36.60803],[-72.11969,-36.60792]]}},{"type":"Feature","properties":{"nombre":"Lazareto","jerarquia":5},"geometry":{"type":"LineString","coordinates":[[-72.11969,-36.60792],[-72.11636,-36.60739]]}},{"type":"Feature","properties":{"nombre":"Lazareto","jerarquia":5},"geometry":{"type":"LineString","coordinates":[[-72.11636,-36.60739],[-72.11605,-36.60733]]}},{"type":"Feature","properties":{"nombre":"Lazareto","jerarquia":5},"geometry":{"type":"LineString","coordinates":[[-72.11605,-36.60733],[-72.11519,-36.60718],[-72.11466,-36.6073],[-72.1142,-36.60749]]}},{"type":"Feature","properties":{"nombre":"Chorrillos","jerarquia":5},"geometry":{"type":"LineString","coordinates":[[-72.08908,-36.60275],[-72.08924,-36.60319]]}},{"type":"Feature","properties":{"nombre":"Avenida Padre Alberto Hurtado","jerarquia":5},"geometry":{"type":"LineString","coordinates":[[-72.10171,-36.59788],[-72.10126,-36.59728],[-72.09954,-36.59531]]}},{"type":"Feature","properties":{"nombre":"Avenida Padre Alberto Hurtado","jerarquia":5},"geometry":{"type":"LineString","coordinates":[[-72.09954,-36.59531],[-72.09917,-36.59488]]}},{"type":"Feature","properties":{"nombre":"Avenida Francia","jerarquia":5},"geometry":{"type":"LineString","coordinates":[[-72.10154,-36.59955],[-72.10153,-36.59943]]}},{"type":"Feature","properties":{"nombre":"Avenida Francia","jerarquia":5},"geometry":{"type":"LineString","coordinates":[[-72.10153,-36.59943],[-72.10164,-36.59852]]}},{"type":"Feature","properties":{"nombre":"Avenida Francia","jerarquia":5},"geometry":{"type":"LineString","coordinates":[[-72.10164,-36.59852],[-72.10167,-36.59823]]}},{"type":"Feature","properties":{"nombre":"Avenida Francia","jerarquia":5},"geometry":{"type":"LineString","coordinates":[[-72.10167,-36.59823],[-72.10167,-36.5982]]}},{"type":"Feature","properties":{"nombre":"Avenida Francia","jerarquia":5},"geometry":{"type":"LineString","coordinates":[[-72.10168,-36.59813],[-72.10171,-36.59788]]}},{"type":"Feature","properties":{"nombre":"Alcalde Flores Millán","jerarquia":5},"geometry":{"type":"LineString","coordinates":[[-72.07864,-36.58031],[-72.07989,-36.58181]]}},{"type":"Feature","properties":{"nombre":"Alcalde Flores Millán","jerarquia":5},"geometry":{"type":"LineString","coordinates":[[-72.07989,-36.58181],[-72.07995,-36.58191]]}},{"type":"Feature","properties":{"nombre":"Alcalde Flores Millán","jerarquia":5},"geometry":{"type":"LineString","coordinates":[[-72.07995,-36.58191],[-72.08086,-36.58296]]}},{"type":"Feature","properties":{"nombre":"Alcalde Flores Millán","jerarquia":5},"geometry":{"type":"LineString","coordinates":[[-72.08086,-36.58296],[-72.08094,-36.58305]]}},{"type":"Feature","properties":{"nombre":"Alcalde Flores Millán","jerarquia":5},"geometry":{"type":"LineString","coordinates":[[-72.08094,-36.58305],[-72.0811,-36.58323]]}},{"type":"Feature","properties":{"nombre":"Alcalde Flores Millán","jerarquia":5},"geometry":{"type":"LineString","coordinates":[[-72.0811,-36.58323],[-72.08116,-36.5833]]}},{"type":"Feature","properties":{"nombre":"Alcalde Flores Millán","jerarquia":5},"geometry":{"type":"LineString","coordinates":[[-72.08116,-36.5833],[-72.08208,-36.58438]]}},{"type":"Feature","properties":{"nombre":"Alcalde Flores Millán","jerarquia":5},"geometry":{"type":"LineString","coordinates":[[-72.08208,-36.58438],[-72.08214,-36.58446]]}},{"type":"Feature","properties":{"nombre":"Alcalde Flores Millán","jerarquia":5},"geometry":{"type":"LineString","coordinates":[[-72.08214,-36.58446],[-72.08222,-36.58454]]}},{"type":"Feature","properties":{"nombre":"Alcalde Flores Millán","jerarquia":5},"geometry":{"type":"LineString","coordinates":[[-72.08222,-36.58454],[-72.0824,-36.58476]]}},{"type":"Feature","properties":{"nombre":"Alcalde Flores Millán","jerarquia":5},"geometry":{"type":"LineString","coordinates":[[-72.0824,-36.58476],[-72.08293,-36.58538]]}},{"type":"Feature","properties":{"nombre":"Alcalde Flores Millán","jerarquia":5},"geometry":{"type":"LineString","coordinates":[[-72.08293,-36.58538],[-72.08297,-36.58542]]}},{"type":"Feature","properties":{"nombre":"Alcalde Flores Millán","jerarquia":5},"geometry":{"type":"LineString","coordinates":[[-72.08297,-36.58542],[-72.08299,-36.58545]]}},{"type":"Feature","properties":{"nombre":"Alcalde Flores Millán","jerarquia":5},"geometry":{"type":"LineString","coordinates":[[-72.08299,-36.58545],[-72.08302,-36.58548]]}},{"type":"Feature","properties":{"nombre":"Alcalde Flores Millán","jerarquia":5},"geometry":{"type":"LineString","coordinates":[[-72.08302,-36.58548],[-72.0834,-36.58593]]}},{"type":"Feature","properties":{"nombre":"Alcalde Flores Millán","jerarquia":5},"geometry":{"type":"LineString","coordinates":[[-72.0834,-36.58593],[-72.0835,-36.58605]]}},{"type":"Feature","properties":{"nombre":"Alcalde Flores Millán","jerarquia":5},"geometry":{"type":"LineString","coordinates":[[-72.0835,-36.58605],[-72.08415,-36.58682]]}},{"type":"Feature","properties":{"nombre":"Alcalde Flores Millán","jerarquia":5},"geometry":{"type":"LineString","coordinates":[[-72.08415,-36.58682],[-72.08421,-36.58689]]}},{"type":"Feature","properties":{"nombre":"Alcalde Flores Millán","jerarquia":5},"geometry":{"type":"LineString","coordinates":[[-72.08421,-36.58689],[-72.08444,-36.58715]]}},{"type":"Feature","properties":{"nombre":"Alcalde Flores Millán","jerarquia":5},"geometry":{"type":"LineString","coordinates":[[-72.08444,-36.58715],[-72.08452,-36.58723]]}},{"type":"Feature","properties":{"nombre":"Alcalde Flores Millán","jerarquia":5},"geometry":{"type":"LineString","coordinates":[[-72.08452,-36.58723],[-72.08454,-36.58726]]}},{"type":"Feature","properties":{"nombre":"Alcalde Flores Millán","jerarquia":5},"geometry":{"type":"LineString","coordinates":[[-72.08454,-36.58726],[-72.08487,-36.58762]]}},{"type":"Feature","properties":{"nombre":"Alcalde Flores Millán","jerarquia":5},"geometry":{"type":"LineString","coordinates":[[-72.08487,-36.58762],[-72.08493,-36.58769]]}},{"type":"Feature","properties":{"nombre":"Alcalde Flores Millán","jerarquia":5},"geometry":{"type":"LineString","coordinates":[[-72.08493,-36.58769],[-72.08519,-36.588]]}},{"type":"Feature","properties":{"nombre":"Alcalde Flores Millán","jerarquia":5},"geometry":{"type":"LineString","coordinates":[[-72.08519,-36.588],[-72.08551,-36.58837]]}},{"type":"Feature","properties":{"nombre":"Alcalde Flores Millán","jerarquia":5},"geometry":{"type":"LineString","coordinates":[[-72.08551,-36.58837],[-72.086,-36.58893]]}},{"type":"Feature","properties":{"nombre":"Alcalde Flores Millán","jerarquia":5},"geometry":{"type":"LineString","coordinates":[[-72.086,-36.58893],[-72.08718,-36.59027]]}},{"type":"Feature","properties":{"nombre":"Alcalde Flores Millán","jerarquia":5},"geometry":{"type":"LineString","coordinates":[[-72.08718,-36.59027],[-72.08727,-36.59036]]}},{"type":"Feature","properties":{"nombre":"Camino Colonia Bernardo O'Higgins","jerarquia":5},"geometry":{"type":"LineString","coordinates":[[-72.07597,-36.5869],[-72.07491,-36.58617],[-72.07451,-36.58577]]}},{"type":"Feature","properties":{"nombre":"San Carlos","jerarquia":5},"geometry":{"type":"LineString","coordinates":[[-72.07311,-36.58501],[-72.07316,-36.58508]]}},{"type":"Feature","properties":{"nombre":"San Carlos","jerarquia":5},"geometry":{"type":"LineString","coordinates":[[-72.07017,-36.58627],[-72.07085,-36.58601]]}},{"type":"Feature","properties":{"nombre":"San Carlos","jerarquia":5},"geometry":{"type":"LineString","coordinates":[[-72.07085,-36.58601],[-72.07136,-36.58577],[-72.07193,-36.58562]]}},{"type":"Feature","properties":{"nombre":"San Carlos","jerarquia":5},"geometry":{"type":"LineString","coordinates":[[-72.07193,-36.58562],[-72.07276,-36.5851]]}},{"type":"Feature","properties":{"nombre":"San Carlos","jerarquia":5},"geometry":{"type":"LineString","coordinates":[[-72.07276,-36.5851],[-72.0729,-36.58503],[-72.07311,-36.58501]]}},{"type":"Feature","properties":{"nombre":"San Carlos","jerarquia":5},"geometry":{"type":"LineString","coordinates":[[-72.07311,-36.58501],[-72.07355,-36.58474]]}},{"type":"Feature","properties":{"nombre":"San Carlos","jerarquia":5},"geometry":{"type":"LineString","coordinates":[[-72.0672,-36.58619],[-72.0669,-36.58633]]}},{"type":"Feature","properties":{"nombre":"San Carlos","jerarquia":5},"geometry":{"type":"LineString","coordinates":[[-72.0669,-36.58633],[-72.06686,-36.58635]]}},{"type":"Feature","properties":{"nombre":"San Carlos","jerarquia":5},"geometry":{"type":"LineString","coordinates":[[-72.06686,-36.58635],[-72.06626,-36.58663]]}},{"type":"Feature","properties":{"nombre":"San Carlos","jerarquia":5},"geometry":{"type":"LineString","coordinates":[[-72.07361,-36.58481],[-72.07316,-36.58508]]}},{"type":"Feature","properties":{"nombre":"San Carlos","jerarquia":5},"geometry":{"type":"LineString","coordinates":[[-72.07316,-36.58508],[-72.07316,-36.58512]]}},{"type":"Feature","properties":{"nombre":"San Carlos","jerarquia":5},"geometry":{"type":"LineString","coordinates":[[-72.07316,-36.58512],[-72.07309,-36.58522],[-72.07196,-36.58566]]}},{"type":"Feature","properties":{"nombre":"San Carlos","jerarquia":5},"geometry":{"type":"LineString","coordinates":[[-72.07196,-36.58566],[-72.07137,-36.58583],[-72.07089,-36.58607]]}},{"type":"Feature","properties":{"nombre":"San Carlos","jerarquia":5},"geometry":{"type":"LineString","coordinates":[[-72.07089,-36.58607],[-72.07016,-36.58634]]}},{"type":"Feature","properties":{"nombre":"Diego de Almagro","jerarquia":5},"geometry":{"type":"LineString","coordinates":[[-72.10235,-36.5936],[-72.10194,-36.59371]]}},{"type":"Feature","properties":{"nombre":"Diego de Almagro","jerarquia":5},"geometry":{"type":"LineString","coordinates":[[-72.10194,-36.59371],[-72.10145,-36.59384]]}},{"type":"Feature","properties":{"nombre":"Diego de Almagro","jerarquia":5},"geometry":{"type":"LineString","coordinates":[[-72.10145,-36.59384],[-72.10092,-36.59398]]}},{"type":"Feature","properties":{"nombre":"Diego de Almagro","jerarquia":5},"geometry":{"type":"LineString","coordinates":[[-72.10092,-36.59398],[-72.10039,-36.59412]]}},{"type":"Feature","properties":{"nombre":"Diego de Almagro","jerarquia":5},"geometry":{"type":"LineString","coordinates":[[-72.10039,-36.59412],[-72.1,-36.59423]]}},{"type":"Feature","properties":{"nombre":"Diego de Almagro","jerarquia":5},"geometry":{"type":"LineString","coordinates":[[-72.1,-36.59423],[-72.09944,-36.59437]]}},{"type":"Feature","properties":{"nombre":"Diego de Almagro","jerarquia":5},"geometry":{"type":"LineString","coordinates":[[-72.09944,-36.59437],[-72.09888,-36.59454]]}},{"type":"Feature","properties":{"nombre":"Avenida Francia","jerarquia":5},"geometry":{"type":"LineString","coordinates":[[-72.10235,-36.5936],[-72.10243,-36.59295]]}},{"type":"Feature","properties":{"nombre":"Avenida Francia","jerarquia":5},"geometry":{"type":"LineString","coordinates":[[-72.10243,-36.59295],[-72.10246,-36.59267]]}},{"type":"Feature","properties":{"nombre":"Avenida Francia","jerarquia":5},"geometry":{"type":"LineString","coordinates":[[-72.10246,-36.59267],[-72.10249,-36.59245]]}},{"type":"Feature","properties":{"nombre":"Avenida Francia","jerarquia":5},"geometry":{"type":"LineString","coordinates":[[-72.10249,-36.59245],[-72.10258,-36.59097]]}},{"type":"Feature","properties":{"nombre":"Avenida Francia","jerarquia":5},"geometry":{"type":"LineString","coordinates":[[-72.10258,-36.59097],[-72.1026,-36.59032]]}},{"type":"Feature","properties":{"nombre":"Avenida Francia","jerarquia":5},"geometry":{"type":"LineString","coordinates":[[-72.1026,-36.59032],[-72.10261,-36.58986]]}},{"type":"Feature","properties":{"nombre":"Diego de Almagro","jerarquia":5},"geometry":{"type":"LineString","coordinates":[[-72.09752,-36.59516],[-72.09641,-36.59567]]}},{"type":"Feature","properties":{"nombre":"Diego de Almagro","jerarquia":5},"geometry":{"type":"LineString","coordinates":[[-72.09641,-36.59567],[-72.0953,-36.59618]]}},{"type":"Feature","properties":{"nombre":"Diego de Almagro","jerarquia":5},"geometry":{"type":"LineString","coordinates":[[-72.0953,-36.59618],[-72.0942,-36.59669]]}},{"type":"Feature","properties":{"nombre":"Diego de Almagro","jerarquia":5},"geometry":{"type":"LineString","coordinates":[[-72.0942,-36.59669],[-72.0931,-36.59719]]}},{"type":"Feature","properties":{"nombre":"Diego de Almagro","jerarquia":5},"geometry":{"type":"LineString","coordinates":[[-72.0931,-36.59719],[-72.09198,-36.5977]]}},{"type":"Feature","properties":{"nombre":"Diego de Almagro","jerarquia":5},"geometry":{"type":"LineString","coordinates":[[-72.09198,-36.5977],[-72.09087,-36.59821]]}},{"type":"Feature","properties":{"nombre":"Diego de Almagro","jerarquia":5},"geometry":{"type":"LineString","coordinates":[[-72.09087,-36.59821],[-72.08895,-36.59909]]}},{"type":"Feature","properties":{"nombre":"Diego de Almagro","jerarquia":5},"geometry":{"type":"LineString","coordinates":[[-72.08895,-36.59909],[-72.08879,-36.59916]]}},{"type":"Feature","properties":{"nombre":"Avenida Ñuble Rupanco","jerarquia":5},"geometry":{"type":"LineString","coordinates":[[-72.11016,-36.59747],[-72.10776,-36.5945]]}},{"type":"Feature","properties":{"nombre":"Avenida Ñuble Rupanco","jerarquia":5},"geometry":{"type":"LineString","coordinates":[[-72.10776,-36.5945],[-72.10728,-36.59392]]}},{"type":"Feature","properties":{"nombre":"Avenida Ñuble Rupanco","jerarquia":5},"geometry":{"type":"LineString","coordinates":[[-72.10728,-36.59392],[-72.10672,-36.59325]]}},{"type":"Feature","properties":{"nombre":"Avenida Ñuble Rupanco","jerarquia":5},"geometry":{"type":"LineString","coordinates":[[-72.10672,-36.59325],[-72.10291,-36.5886],[-72.10269,-36.58844]]}},{"type":"Feature","properties":{"nombre":"Camino Parque Lantaño","jerarquia":3},"geometry":{"type":"LineString","coordinates":[[-72.11188,-36.59715],[-72.11072,-36.59744]]}},{"type":"Feature","properties":{"nombre":"Camino Parque Lantaño","jerarquia":3},"geometry":{"type":"LineString","coordinates":[[-72.11072,-36.59744],[-72.10949,-36.59775]]}},{"type":"Feature","properties":{"nombre":"Camino Parque Lantaño","jerarquia":4},"geometry":{"type":"LineString","coordinates":[[-72.11416,-36.59604],[-72.11441,-36.59591]]}},{"type":"Feature","properties":{"nombre":"Camino Parque Lantaño","jerarquia":4},"geometry":{"type":"LineString","coordinates":[[-72.11441,-36.59591],[-72.11499,-36.59559]]}},{"type":"Feature","properties":{"nombre":"Camino Parque Lantaño","jerarquia":4},"geometry":{"type":"LineString","coordinates":[[-72.11858,-36.59356],[-72.11871,-36.59349]]}},{"type":"Feature","properties":{"nombre":"Camino Parque Lantaño","jerarquia":4},"geometry":{"type":"LineString","coordinates":[[-72.11871,-36.59349],[-72.11904,-36.5933]]}},{"type":"Feature","properties":{"nombre":"Camino Parque Lantaño","jerarquia":4},"geometry":{"type":"LineString","coordinates":[[-72.11904,-36.5933],[-72.11916,-36.59323]]}},{"type":"Feature","properties":{"nombre":"Camino Parque Lantaño","jerarquia":4},"geometry":{"type":"LineString","coordinates":[[-72.11916,-36.59323],[-72.11947,-36.59306]]}},{"type":"Feature","properties":{"nombre":"Camino Parque Lantaño","jerarquia":4},"geometry":{"type":"LineString","coordinates":[[-72.11947,-36.59306],[-72.11989,-36.59282]]}},{"type":"Feature","properties":{"nombre":"Eduardo Parra Sandoval","jerarquia":4},"geometry":{"type":"LineString","coordinates":[[-72.12062,-36.60479],[-72.12108,-36.60467]]}},{"type":"Feature","properties":{"nombre":"Eduardo Parra Sandoval","jerarquia":4},"geometry":{"type":"LineString","coordinates":[[-72.12108,-36.60467],[-72.12165,-36.60451],[-72.12212,-36.60432]]}},{"type":"Feature","properties":{"nombre":"Eduardo Parra Sandoval","jerarquia":4},"geometry":{"type":"LineString","coordinates":[[-72.12212,-36.60432],[-72.12263,-36.60407]]}},{"type":"Feature","properties":{"nombre":"Eduardo Parra Sandoval","jerarquia":4},"geometry":{"type":"LineString","coordinates":[[-72.12263,-36.60407],[-72.12281,-36.60401]]}},{"type":"Feature","properties":{"nombre":"Eduardo Parra Sandoval","jerarquia":4},"geometry":{"type":"LineString","coordinates":[[-72.12281,-36.60401],[-72.12293,-36.60396]]}},{"type":"Feature","properties":{"nombre":"Eduardo Parra Sandoval","jerarquia":4},"geometry":{"type":"LineString","coordinates":[[-72.11716,-36.60566],[-72.11619,-36.60589]]}},{"type":"Feature","properties":{"nombre":"Arica","jerarquia":5},"geometry":{"type":"LineString","coordinates":[[-72.12354,-36.60423],[-72.12356,-36.60413]]}},{"type":"Feature","properties":{"nombre":"Tarapacá","jerarquia":4},"geometry":{"type":"LineString","coordinates":[[-72.12441,-36.60642],[-72.12442,-36.60638]]}},{"type":"Feature","properties":{"nombre":"Tarapacá","jerarquia":4},"geometry":{"type":"LineString","coordinates":[[-72.12442,-36.60638],[-72.12464,-36.6054]]}},{"type":"Feature","properties":{"nombre":"Tarapacá","jerarquia":4},"geometry":{"type":"LineString","coordinates":[[-72.12464,-36.6054],[-72.12465,-36.60536]]}},{"type":"Feature","properties":{"nombre":"Tarapacá","jerarquia":4},"geometry":{"type":"LineString","coordinates":[[-72.12465,-36.60536],[-72.12466,-36.60532]]}},{"type":"Feature","properties":{"nombre":"Tarapacá","jerarquia":4},"geometry":{"type":"LineString","coordinates":[[-72.12466,-36.60532],[-72.1249,-36.60426]]}},{"type":"Feature","properties":{"nombre":"","jerarquia":4},"geometry":{"type":"LineString","coordinates":[[-72.12263,-36.60407],[-72.12267,-36.60397]]}},{"type":"Feature","properties":{"nombre":"","jerarquia":4},"geometry":{"type":"LineString","coordinates":[[-72.12267,-36.60397],[-72.12266,-36.60392]]}},{"type":"Feature","properties":{"nombre":"Arica","jerarquia":5},"geometry":{"type":"LineString","coordinates":[[-72.12356,-36.60413],[-72.12358,-36.60406]]}},{"type":"Feature","properties":{"nombre":"Arica","jerarquia":5},"geometry":{"type":"LineString","coordinates":[[-72.12301,-36.60654],[-72.12308,-36.60626]]}},{"type":"Feature","properties":{"nombre":"Arica","jerarquia":5},"geometry":{"type":"LineString","coordinates":[[-72.12308,-36.60626],[-72.12309,-36.60621]]}},{"type":"Feature","properties":{"nombre":"Simón Bolívar","jerarquia":5},"geometry":{"type":"LineString","coordinates":[[-72.12275,-36.60732],[-72.12283,-36.60728]]}},{"type":"Feature","properties":{"nombre":"Avenida Mariscal Ruiz de Gamboa","jerarquia":3},"geometry":{"type":"LineString","coordinates":[[-72.12284,-36.60745],[-72.12369,-36.60851]]}},{"type":"Feature","properties":{"nombre":"Avenida Mariscal Ruiz de Gamboa","jerarquia":3},"geometry":{"type":"LineString","coordinates":[[-72.12369,-36.60851],[-72.12408,-36.60899]]}},{"type":"Feature","properties":{"nombre":"Avenida Mariscal Ruiz de Gamboa","jerarquia":3},"geometry":{"type":"LineString","coordinates":[[-72.12408,-36.60899],[-72.12442,-36.6094]]}},{"type":"Feature","properties":{"nombre":"Avenida La Castilla","jerarquia":4},"geometry":{"type":"LineString","coordinates":[[-72.11984,-36.61192],[-72.12056,-36.61163]]}},{"type":"Feature","properties":{"nombre":"Avenida La Castilla","jerarquia":4},"geometry":{"type":"LineString","coordinates":[[-72.12056,-36.61163],[-72.12069,-36.61157]]}},{"type":"Feature","properties":{"nombre":"Avenida La Castilla","jerarquia":4},"geometry":{"type":"LineString","coordinates":[[-72.12069,-36.61157],[-72.12101,-36.61142]]}},{"type":"Feature","properties":{"nombre":"Avenida La Castilla","jerarquia":4},"geometry":{"type":"LineString","coordinates":[[-72.12101,-36.61142],[-72.12158,-36.61115]]}},{"type":"Feature","properties":{"nombre":"Avenida La Castilla","jerarquia":4},"geometry":{"type":"LineString","coordinates":[[-72.12158,-36.61115],[-72.12203,-36.61094]]}},{"type":"Feature","properties":{"nombre":"La Colonia","jerarquia":5},"geometry":{"type":"LineString","coordinates":[[-72.1246,-36.61391],[-72.12498,-36.61437]]}},{"type":"Feature","properties":{"nombre":"La Colonia","jerarquia":5},"geometry":{"type":"LineString","coordinates":[[-72.12498,-36.61437],[-72.12514,-36.61457]]}},{"type":"Feature","properties":{"nombre":"Santa Blanca","jerarquia":5},"geometry":{"type":"LineString","coordinates":[[-72.11581,-36.61654],[-72.11588,-36.61647]]}},{"type":"Feature","properties":{"nombre":"Santa Blanca","jerarquia":5},"geometry":{"type":"LineString","coordinates":[[-72.11588,-36.61647],[-72.116,-36.6164]]}},{"type":"Feature","properties":{"nombre":"Santa Blanca","jerarquia":5},"geometry":{"type":"LineString","coordinates":[[-72.116,-36.6164],[-72.11786,-36.61581]]}},{"type":"Feature","properties":{"nombre":"Santa Blanca","jerarquia":5},"geometry":{"type":"LineString","coordinates":[[-72.11786,-36.61581],[-72.11828,-36.61568]]}},{"type":"Feature","properties":{"nombre":"Santa Blanca","jerarquia":5},"geometry":{"type":"LineString","coordinates":[[-72.11828,-36.61568],[-72.11946,-36.6153]]}},{"type":"Feature","properties":{"nombre":"Santa Blanca","jerarquia":5},"geometry":{"type":"LineString","coordinates":[[-72.11946,-36.6153],[-72.12065,-36.61493]]}},{"type":"Feature","properties":{"nombre":"Santa Blanca","jerarquia":5},"geometry":{"type":"LineString","coordinates":[[-72.12065,-36.61493],[-72.1212,-36.61473]]}},{"type":"Feature","properties":{"nombre":"Santa Blanca","jerarquia":5},"geometry":{"type":"LineString","coordinates":[[-72.12387,-36.61348],[-72.12405,-36.61344]]}},{"type":"Feature","properties":{"nombre":"Santa Blanca","jerarquia":5},"geometry":{"type":"LineString","coordinates":[[-72.1212,-36.61473],[-72.12195,-36.61436]]}},{"type":"Feature","properties":{"nombre":"Santa Blanca","jerarquia":5},"geometry":{"type":"LineString","coordinates":[[-72.12195,-36.61436],[-72.12248,-36.61412]]}},{"type":"Feature","properties":{"nombre":"Santa Blanca","jerarquia":5},"geometry":{"type":"LineString","coordinates":[[-72.12248,-36.61412],[-72.12294,-36.61391]]}},{"type":"Feature","properties":{"nombre":"Santa Blanca","jerarquia":5},"geometry":{"type":"LineString","coordinates":[[-72.12294,-36.61391],[-72.12387,-36.61348]]}},{"type":"Feature","properties":{"nombre":"Avenida Libertador Bernardo O'Higgins","jerarquia":3},"geometry":{"type":"LineString","coordinates":[[-72.15109,-36.62418],[-72.14829,-36.624]]}},{"type":"Feature","properties":{"nombre":"Avenida Libertador Bernardo O'Higgins","jerarquia":3},"geometry":{"type":"LineString","coordinates":[[-72.14829,-36.624],[-72.14403,-36.62373]]}},{"type":"Feature","properties":{"nombre":"Avenida Libertador Bernardo O'Higgins","jerarquia":3},"geometry":{"type":"LineString","coordinates":[[-72.15944,-36.62565],[-72.15495,-36.62456],[-72.1536,-36.62441]]}},{"type":"Feature","properties":{"nombre":"Avenida Libertador Bernardo O'Higgins","jerarquia":3},"geometry":{"type":"LineString","coordinates":[[-72.11886,-36.61848],[-72.11985,-36.61917]]}},{"type":"Feature","properties":{"nombre":"Avenida Libertador Bernardo O'Higgins","jerarquia":3},"geometry":{"type":"LineString","coordinates":[[-72.11985,-36.61917],[-72.11999,-36.61926]]}},{"type":"Feature","properties":{"nombre":"Avenida Libertador Bernardo O'Higgins","jerarquia":3},"geometry":{"type":"LineString","coordinates":[[-72.11999,-36.61926],[-72.1201,-36.61934]]}},{"type":"Feature","properties":{"nombre":"Manuel Rodríguez","jerarquia":5},"geometry":{"type":"LineString","coordinates":[[-72.0969,-36.59228],[-72.09642,-36.59249]]}},{"type":"Feature","properties":{"nombre":"Manuel Rodríguez","jerarquia":5},"geometry":{"type":"LineString","coordinates":[[-72.09642,-36.59249],[-72.09602,-36.59267]]}},{"type":"Feature","properties":{"nombre":"Manuel Rodríguez","jerarquia":5},"geometry":{"type":"LineString","coordinates":[[-72.09602,-36.59267],[-72.09589,-36.59273]]}},{"type":"Feature","properties":{"nombre":"Manuel Rodríguez","jerarquia":5},"geometry":{"type":"LineString","coordinates":[[-72.09589,-36.59273],[-72.09561,-36.59285]]}},{"type":"Feature","properties":{"nombre":"Manuel Rodríguez","jerarquia":5},"geometry":{"type":"LineString","coordinates":[[-72.09561,-36.59285],[-72.09516,-36.59306]]}},{"type":"Feature","properties":{"nombre":"Manuel Rodríguez","jerarquia":5},"geometry":{"type":"LineString","coordinates":[[-72.09516,-36.59306],[-72.09472,-36.59326]]}},{"type":"Feature","properties":{"nombre":"Manuel Rodríguez","jerarquia":5},"geometry":{"type":"LineString","coordinates":[[-72.09472,-36.59326],[-72.09437,-36.59342]]}},{"type":"Feature","properties":{"nombre":"Manuel Rodríguez","jerarquia":5},"geometry":{"type":"LineString","coordinates":[[-72.09437,-36.59342],[-72.09395,-36.59361]]}},{"type":"Feature","properties":{"nombre":"Manuel Rodríguez","jerarquia":5},"geometry":{"type":"LineString","coordinates":[[-72.09395,-36.59361],[-72.09361,-36.59376]]}},{"type":"Feature","properties":{"nombre":"Juan Martínez de Rozas","jerarquia":5},"geometry":{"type":"LineString","coordinates":[[-72.13992,-36.62362],[-72.13962,-36.62353],[-72.13822,-36.62279],[-72.13802,-36.62276],[-72.13725,-36.62282]]}},{"type":"Feature","properties":{"nombre":"Juan Martínez de Rozas","jerarquia":5},"geometry":{"type":"LineString","coordinates":[[-72.13725,-36.62282],[-72.13709,-36.62284]]}},{"type":"Feature","properties":{"nombre":"Virrey Don Ambrosio","jerarquia":5},"geometry":{"type":"LineString","coordinates":[[-72.12304,-36.62234],[-72.1242,-36.62217]]}},{"type":"Feature","properties":{"nombre":"Camino a San Bernardo","jerarquia":5},"geometry":{"type":"LineString","coordinates":[[-72.0719,-36.60745],[-72.07163,-36.60753]]}},{"type":"Feature","properties":{"nombre":"Camino a San Bernardo","jerarquia":5},"geometry":{"type":"LineString","coordinates":[[-72.07163,-36.60753],[-72.07098,-36.60772]]}},{"type":"Feature","properties":{"nombre":"Camino a San Bernardo","jerarquia":5},"geometry":{"type":"LineString","coordinates":[[-72.07098,-36.60772],[-72.07002,-36.60801]]}},{"type":"Feature","properties":{"nombre":"Avenida Francia","jerarquia":5},"geometry":{"type":"LineString","coordinates":[[-72.10167,-36.5982],[-72.10168,-36.59813]]}},{"type":"Feature","properties":{"nombre":"20 de Agosto","jerarquia":5},"geometry":{"type":"LineString","coordinates":[[-72.13361,-36.62706],[-72.13396,-36.62829]]}},{"type":"Feature","properties":{"nombre":"20 de Agosto","jerarquia":5},"geometry":{"type":"LineString","coordinates":[[-72.13396,-36.62829],[-72.13415,-36.629]]}},{"type":"Feature","properties":{"nombre":"20 de Agosto","jerarquia":5},"geometry":{"type":"LineString","coordinates":[[-72.13415,-36.629],[-72.13427,-36.62947]]}},{"type":"Feature","properties":{"nombre":"20 de Agosto","jerarquia":5},"geometry":{"type":"LineString","coordinates":[[-72.13427,-36.62947],[-72.13441,-36.62998]]}},{"type":"Feature","properties":{"nombre":"20 de Agosto","jerarquia":5},"geometry":{"type":"LineString","coordinates":[[-72.13441,-36.62998],[-72.1346,-36.63068]]}},{"type":"Feature","properties":{"nombre":"20 de Agosto","jerarquia":5},"geometry":{"type":"LineString","coordinates":[[-72.1346,-36.63068],[-72.13479,-36.63137]]}},{"type":"Feature","properties":{"nombre":"20 de Agosto","jerarquia":5},"geometry":{"type":"LineString","coordinates":[[-72.13479,-36.63137],[-72.13492,-36.63185]]}},{"type":"Feature","properties":{"nombre":"20 de Agosto","jerarquia":5},"geometry":{"type":"LineString","coordinates":[[-72.13492,-36.63185],[-72.13493,-36.63188]]}},{"type":"Feature","properties":{"nombre":"","jerarquia":1},"geometry":{"type":"LineString","coordinates":[[-72.01387,-36.47718],[-72.01386,-36.4771]]}},{"type":"Feature","properties":{"nombre":"","jerarquia":1},"geometry":{"type":"LineString","coordinates":[[-72.01386,-36.4771],[-72.01382,-36.47697]]}},{"type":"Feature","properties":{"nombre":"Libertad","jerarquia":4},"geometry":{"type":"LineString","coordinates":[[-72.09318,-36.60851],[-72.09298,-36.60855]]}},{"type":"Feature","properties":{"nombre":"","jerarquia":1},"geometry":{"type":"LineString","coordinates":[[-72.16297,-36.62525],[-72.16293,-36.62536]]}},{"type":"Feature","properties":{"nombre":"","jerarquia":1},"geometry":{"type":"LineString","coordinates":[[-72.16293,-36.62536],[-72.16289,-36.62548]]}},{"type":"Feature","properties":{"nombre":"","jerarquia":1},"geometry":{"type":"LineString","coordinates":[[-72.16739,-36.6273],[-72.16765,-36.62718]]}},{"type":"Feature","properties":{"nombre":"","jerarquia":1},"geometry":{"type":"LineString","coordinates":[[-72.16765,-36.62718],[-72.16769,-36.6273],[-72.1678,-36.6274]]}},{"type":"Feature","properties":{"nombre":"San Gabriel","jerarquia":5},"geometry":{"type":"LineString","coordinates":[[-72.0563,-36.61809],[-72.05664,-36.61879],[-72.05675,-36.61889],[-72.05688,-36.61889],[-72.05763,-36.61857]]}},{"type":"Feature","properties":{"nombre":"San Gabriel","jerarquia":5},"geometry":{"type":"LineString","coordinates":[[-72.05763,-36.61857],[-72.05771,-36.61862],[-72.05813,-36.6194]]}},{"type":"Feature","properties":{"nombre":"San Gabriel","jerarquia":5},"geometry":{"type":"LineString","coordinates":[[-72.05813,-36.6194],[-72.05835,-36.6198],[-72.05848,-36.61984],[-72.05978,-36.61915]]}},{"type":"Feature","properties":{"nombre":"San Gabriel","jerarquia":5},"geometry":{"type":"LineString","coordinates":[[-72.05978,-36.61915],[-72.05998,-36.61944]]}},{"type":"Feature","properties":{"nombre":"San Gabriel","jerarquia":5},"geometry":{"type":"LineString","coordinates":[[-72.05998,-36.61944],[-72.06043,-36.6202]]}},{"type":"Feature","properties":{"nombre":"San Gabriel","jerarquia":5},"geometry":{"type":"LineString","coordinates":[[-72.06043,-36.6202],[-72.06046,-36.62025]]}},{"type":"Feature","properties":{"nombre":"San Gabriel","jerarquia":5},"geometry":{"type":"LineString","coordinates":[[-72.06046,-36.62025],[-72.06109,-36.62155]]}},{"type":"Feature","properties":{"nombre":"San Gabriel","jerarquia":5},"geometry":{"type":"LineString","coordinates":[[-72.06109,-36.62155],[-72.0614,-36.62249]]}},{"type":"Feature","properties":{"nombre":"San Gabriel","jerarquia":5},"geometry":{"type":"LineString","coordinates":[[-72.0614,-36.62249],[-72.0619,-36.62389]]}},{"type":"Feature","properties":{"nombre":"5 de Abril","jerarquia":5},"geometry":{"type":"LineString","coordinates":[[-72.10175,-36.60909],[-72.10131,-36.60795]]}},{"type":"Feature","properties":{"nombre":"5 de Abril","jerarquia":5},"geometry":{"type":"LineString","coordinates":[[-72.10131,-36.60795],[-72.10128,-36.60787]]}},{"type":"Feature","properties":{"nombre":"Avenida Libertador Bernardo O'Higgins","jerarquia":3},"geometry":{"type":"LineString","coordinates":[[-72.12304,-36.62139],[-72.12274,-36.62128]]}},{"type":"Feature","properties":{"nombre":"Avenida Libertador Bernardo O'Higgins","jerarquia":3},"geometry":{"type":"LineString","coordinates":[[-72.12465,-36.62245],[-72.12527,-36.62285],[-72.12607,-36.62306]]}},{"type":"Feature","properties":{"nombre":"Avenida Libertador Bernardo O'Higgins","jerarquia":3},"geometry":{"type":"LineString","coordinates":[[-72.12607,-36.62306],[-72.12635,-36.62306]]}},{"type":"Feature","properties":{"nombre":"Avenida Libertador Bernardo O'Higgins","jerarquia":3},"geometry":{"type":"LineString","coordinates":[[-72.11342,-36.61476],[-72.11405,-36.6152]]}},{"type":"Feature","properties":{"nombre":"Avenida Libertador Bernardo O'Higgins","jerarquia":3},"geometry":{"type":"LineString","coordinates":[[-72.11405,-36.6152],[-72.11453,-36.61554]]}},{"type":"Feature","properties":{"nombre":"Avenida Libertador Bernardo O'Higgins","jerarquia":3},"geometry":{"type":"LineString","coordinates":[[-72.11453,-36.61554],[-72.11561,-36.61628]]}},{"type":"Feature","properties":{"nombre":"Avenida Libertador Bernardo O'Higgins","jerarquia":3},"geometry":{"type":"LineString","coordinates":[[-72.11561,-36.61628],[-72.11577,-36.61639]]}},{"type":"Feature","properties":{"nombre":"Avenida Libertador Bernardo O'Higgins","jerarquia":3},"geometry":{"type":"LineString","coordinates":[[-72.11577,-36.61639],[-72.11588,-36.61647]]}},{"type":"Feature","properties":{"nombre":"Avenida Libertador Bernardo O'Higgins","jerarquia":3},"geometry":{"type":"LineString","coordinates":[[-72.11588,-36.61647],[-72.11603,-36.61657]]}},{"type":"Feature","properties":{"nombre":"Avenida Libertador Bernardo O'Higgins","jerarquia":3},"geometry":{"type":"LineString","coordinates":[[-72.11603,-36.61657],[-72.11763,-36.61766]]}},{"type":"Feature","properties":{"nombre":"Avenida Libertador Bernardo O'Higgins","jerarquia":3},"geometry":{"type":"LineString","coordinates":[[-72.11763,-36.61766],[-72.11835,-36.61815]]}},{"type":"Feature","properties":{"nombre":"Avenida Libertador Bernardo O'Higgins","jerarquia":3},"geometry":{"type":"LineString","coordinates":[[-72.11835,-36.61815],[-72.11844,-36.61821]]}},{"type":"Feature","properties":{"nombre":"Avenida Libertador Bernardo O'Higgins","jerarquia":3},"geometry":{"type":"LineString","coordinates":[[-72.11844,-36.61821],[-72.11852,-36.61826]]}},{"type":"Feature","properties":{"nombre":"5 de Abril","jerarquia":5},"geometry":{"type":"LineString","coordinates":[[-72.10218,-36.61034],[-72.10177,-36.60918]]}},{"type":"Feature","properties":{"nombre":"5 de Abril","jerarquia":5},"geometry":{"type":"LineString","coordinates":[[-72.10177,-36.60918],[-72.10175,-36.60909]]}},{"type":"Feature","properties":{"nombre":"","jerarquia":1},"geometry":{"type":"LineString","coordinates":[[-72.22325,-36.64996],[-72.22271,-36.64971],[-72.22246,-36.64965],[-72.22122,-36.64958]]}},{"type":"Feature","properties":{"nombre":"Ruta N-595","jerarquia":5},"geometry":{"type":"LineString","coordinates":[[-72.22121,-36.6488],[-72.22105,-36.64895]]}},{"type":"Feature","properties":{"nombre":"Enlace Nebuco","jerarquia":5},"geometry":{"type":"LineString","coordinates":[[-72.22156,-36.64847],[-72.22121,-36.6488]]}},{"type":"Feature","properties":{"nombre":"","jerarquia":1},"geometry":{"type":"LineString","coordinates":[[-72.22166,-36.64765],[-72.2219,-36.6477]]}},{"type":"Feature","properties":{"nombre":"","jerarquia":1},"geometry":{"type":"LineString","coordinates":[[-72.2219,-36.6477],[-72.2223,-36.64778]]}},{"type":"Feature","properties":{"nombre":"","jerarquia":1},"geometry":{"type":"LineString","coordinates":[[-72.22105,-36.64895],[-72.22094,-36.64921],[-72.22097,-36.64939],[-72.22106,-36.64953]]}},{"type":"Feature","properties":{"nombre":"Ruta 5 Sur","jerarquia":1},"geometry":{"type":"LineString","coordinates":[[-72.25791,-36.69248],[-72.25803,-36.69265]]}},{"type":"Feature","properties":{"nombre":"","jerarquia":1},"geometry":{"type":"LineString","coordinates":[[-72.22058,-36.64745],[-72.22042,-36.64746],[-72.22029,-36.64755],[-72.22026,-36.64768],[-72.22035,-36.64782]]}},{"type":"Feature","properties":{"nombre":"Ruta 5 Sur","jerarquia":1},"geometry":{"type":"LineString","coordinates":[[-72.25785,-36.69263],[-72.25776,-36.69251]]}},{"type":"Feature","properties":{"nombre":"","jerarquia":1},"geometry":{"type":"LineString","coordinates":[[-72.22186,-36.64819],[-72.22192,-36.64805],[-72.2219,-36.64789],[-72.22181,-36.64775],[-72.22166,-36.64765]]}},{"type":"Feature","properties":{"nombre":"","jerarquia":5},"geometry":{"type":"LineString","coordinates":[[-72.22029,-36.64901],[-72.22069,-36.64908],[-72.22093,-36.64903],[-72.22105,-36.64895]]}},{"type":"Feature","properties":{"nombre":"","jerarquia":5},"geometry":{"type":"LineString","coordinates":[[-72.22289,-36.64793],[-72.22253,-36.6479],[-72.22223,-36.64795]]}},{"type":"Feature","properties":{"nombre":"","jerarquia":5},"geometry":{"type":"LineString","coordinates":[[-72.22223,-36.64795],[-72.22202,-36.64804]]}},{"type":"Feature","properties":{"nombre":"Enlace Nebuco","jerarquia":5},"geometry":{"type":"LineString","coordinates":[[-72.22156,-36.64847],[-72.22186,-36.64819]]}},{"type":"Feature","properties":{"nombre":"","jerarquia":1},"geometry":{"type":"LineString","coordinates":[[-72.21947,-36.64717],[-72.21985,-36.64731],[-72.22058,-36.64745]]}},{"type":"Feature","properties":{"nombre":"","jerarquia":1},"geometry":{"type":"LineString","coordinates":[[-72.22122,-36.64958],[-72.22159,-36.64953],[-72.22181,-36.64934],[-72.22181,-36.64909],[-72.22158,-36.64881]]}},{"type":"Feature","properties":{"nombre":"Ruta 5 Sur","jerarquia":1},"geometry":{"type":"LineString","coordinates":[[-72.22901,-36.65373],[-72.23427,-36.6573]]}},{"type":"Feature","properties":{"nombre":"Ruta 5 Sur","jerarquia":1},"geometry":{"type":"LineString","coordinates":[[-72.24947,-36.67648],[-72.24546,-36.6713],[-72.24285,-36.66635],[-72.24201,-36.66496]]}},{"type":"Feature","properties":{"nombre":"Camino Quilelto","jerarquia":5},"geometry":{"type":"LineString","coordinates":[[-71.94097,-36.49449],[-71.94118,-36.4956]]}},{"type":"Feature","properties":{"nombre":"Camino Quilelto","jerarquia":5},"geometry":{"type":"LineString","coordinates":[[-71.94118,-36.4956],[-71.94129,-36.49619]]}},{"type":"Feature","properties":{"nombre":"Camino Quilelto","jerarquia":5},"geometry":{"type":"LineString","coordinates":[[-71.94129,-36.49619],[-71.94171,-36.49835]]}},{"type":"Feature","properties":{"nombre":"Camino Quilelto","jerarquia":5},"geometry":{"type":"LineString","coordinates":[[-71.94171,-36.49835],[-71.9424,-36.50185]]}},{"type":"Feature","properties":{"nombre":"Avenida Alonso de Ercilla","jerarquia":4},"geometry":{"type":"LineString","coordinates":[[-72.04091,-36.63098],[-72.04052,-36.63103]]}},{"type":"Feature","properties":{"nombre":"Avenida Alonso de Ercilla","jerarquia":4},"geometry":{"type":"LineString","coordinates":[[-72.04052,-36.63103],[-72.0403,-36.63106]]}},{"type":"Feature","properties":{"nombre":"Avenida Alonso de Ercilla","jerarquia":4},"geometry":{"type":"LineString","coordinates":[[-72.0403,-36.63106],[-72.03658,-36.63156]]}},{"type":"Feature","properties":{"nombre":"Avenida Alonso de Ercilla","jerarquia":4},"geometry":{"type":"LineString","coordinates":[[-72.03658,-36.63156],[-72.03648,-36.63157]]}},{"type":"Feature","properties":{"nombre":"Avenida Circunvalación","jerarquia":5},"geometry":{"type":"LineString","coordinates":[[-72.07113,-36.62537],[-72.07092,-36.62486]]}},{"type":"Feature","properties":{"nombre":"Avenida Circunvalación","jerarquia":5},"geometry":{"type":"LineString","coordinates":[[-72.07092,-36.62486],[-72.07088,-36.62477]]}},{"type":"Feature","properties":{"nombre":"Avenida Circunvalación","jerarquia":5},"geometry":{"type":"LineString","coordinates":[[-72.07088,-36.62477],[-72.07039,-36.62361]]}},{"type":"Feature","properties":{"nombre":"Avenida Circunvalación","jerarquia":5},"geometry":{"type":"LineString","coordinates":[[-72.07039,-36.62361],[-72.07025,-36.62328]]}},{"type":"Feature","properties":{"nombre":"San Carlos","jerarquia":5},"geometry":{"type":"LineString","coordinates":[[-72.06982,-36.58631],[-72.06893,-36.58651]]}},{"type":"Feature","properties":{"nombre":"San Carlos","jerarquia":5},"geometry":{"type":"LineString","coordinates":[[-72.06893,-36.58651],[-72.06868,-36.5865],[-72.06836,-36.58659]]}},{"type":"Feature","properties":{"nombre":"San Carlos","jerarquia":5},"geometry":{"type":"LineString","coordinates":[[-72.06836,-36.58659],[-72.0681,-36.58669],[-72.06797,-36.58668]]}},{"type":"Feature","properties":{"nombre":"San Carlos","jerarquia":5},"geometry":{"type":"LineString","coordinates":[[-72.06797,-36.58668],[-72.06779,-36.58657],[-72.06748,-36.58619]]}},{"type":"Feature","properties":{"nombre":"San Carlos","jerarquia":5},"geometry":{"type":"LineString","coordinates":[[-72.06748,-36.58619],[-72.0672,-36.58619]]}},{"type":"Feature","properties":{"nombre":"San Carlos","jerarquia":5},"geometry":{"type":"LineString","coordinates":[[-72.06983,-36.58635],[-72.06982,-36.58631]]}},{"type":"Feature","properties":{"nombre":"San Carlos","jerarquia":5},"geometry":{"type":"LineString","coordinates":[[-72.06982,-36.58631],[-72.06989,-36.58618]]}},{"type":"Feature","properties":{"nombre":"San Carlos","jerarquia":5},"geometry":{"type":"LineString","coordinates":[[-72.06989,-36.58618],[-72.07006,-36.58616],[-72.07017,-36.58627]]}},{"type":"Feature","properties":{"nombre":"San Carlos","jerarquia":5},"geometry":{"type":"LineString","coordinates":[[-72.07017,-36.58627],[-72.07016,-36.58634]]}},{"type":"Feature","properties":{"nombre":"San Carlos","jerarquia":5},"geometry":{"type":"LineString","coordinates":[[-72.07016,-36.58634],[-72.07001,-36.58644],[-72.06983,-36.58635]]}},{"type":"Feature","properties":{"nombre":"","jerarquia":1},"geometry":{"type":"LineString","coordinates":[[-72.08531,-36.53989],[-72.08531,-36.53973],[-72.08522,-36.53956]]}},{"type":"Feature","properties":{"nombre":"","jerarquia":5},"geometry":{"type":"LineString","coordinates":[[-72.08983,-36.54346],[-72.08871,-36.54425],[-72.0881,-36.54431],[-72.08797,-36.5444]]}},{"type":"Feature","properties":{"nombre":"Ruta 5 Sur","jerarquia":1},"geometry":{"type":"LineString","coordinates":[[-72.16515,-36.62673],[-72.16595,-36.62698],[-72.16694,-36.6272]]}},{"type":"Feature","properties":{"nombre":"Ruta 5 Sur","jerarquia":1},"geometry":{"type":"LineString","coordinates":[[-72.15918,-36.62223],[-72.15721,-36.62036],[-72.15663,-36.6197],[-72.15612,-36.61898],[-72.15572,-36.61828],[-72.15533,-36.61732],[-72.1551,-36.61648],[-72.15495,-36.61542]]}},{"type":"Feature","properties":{"nombre":"Camino Parque Lantaño","jerarquia":4},"geometry":{"type":"LineString","coordinates":[[-72.11989,-36.59282],[-72.12035,-36.59257]]}},{"type":"Feature","properties":{"nombre":"Camino Parque Lantaño","jerarquia":4},"geometry":{"type":"LineString","coordinates":[[-72.12035,-36.59257],[-72.12066,-36.59239]]}},{"type":"Feature","properties":{"nombre":"Camino Parque Lantaño","jerarquia":4},"geometry":{"type":"LineString","coordinates":[[-72.12066,-36.59239],[-72.12121,-36.59209]]}},{"type":"Feature","properties":{"nombre":"Camino Parque Lantaño","jerarquia":4},"geometry":{"type":"LineString","coordinates":[[-72.12121,-36.59209],[-72.12172,-36.5918]]}},{"type":"Feature","properties":{"nombre":"Camino Parque Lantaño","jerarquia":4},"geometry":{"type":"LineString","coordinates":[[-72.12172,-36.5918],[-72.1221,-36.59158]]}},{"type":"Feature","properties":{"nombre":"Camino Parque Lantaño","jerarquia":4},"geometry":{"type":"LineString","coordinates":[[-72.1221,-36.59158],[-72.12233,-36.59146]]}},{"type":"Feature","properties":{"nombre":"Camino Parque Lantaño","jerarquia":4},"geometry":{"type":"LineString","coordinates":[[-72.12233,-36.59146],[-72.1227,-36.59124]]}},{"type":"Feature","properties":{"nombre":"","jerarquia":1},"geometry":{"type":"LineString","coordinates":[[-72.20729,-36.63853],[-72.20716,-36.63862],[-72.20713,-36.63874]]}},{"type":"Feature","properties":{"nombre":"Camino Parque Lantaño","jerarquia":4},"geometry":{"type":"LineString","coordinates":[[-72.1227,-36.59124],[-72.1233,-36.59092],[-72.12397,-36.5907],[-72.12428,-36.59051]]}},{"type":"Feature","properties":{"nombre":"","jerarquia":1},"geometry":{"type":"LineString","coordinates":[[-72.12198,-36.58843],[-72.12194,-36.58855],[-72.12198,-36.58864],[-72.12252,-36.58896],[-72.1227,-36.58912]]}},{"type":"Feature","properties":{"nombre":"Ruta N-338","jerarquia":5},"geometry":{"type":"LineString","coordinates":[[-72.09104,-36.50182],[-72.09075,-36.49962]]}},{"type":"Feature","properties":{"nombre":"Ruta N-338","jerarquia":5},"geometry":{"type":"LineString","coordinates":[[-72.09075,-36.49962],[-72.09069,-36.49916]]}},{"type":"Feature","properties":{"nombre":"Ruta N-338","jerarquia":5},"geometry":{"type":"LineString","coordinates":[[-72.09069,-36.49916],[-72.0902,-36.49549],[-72.09021,-36.49523]]}},{"type":"Feature","properties":{"nombre":"Ruta N-338","jerarquia":5},"geometry":{"type":"LineString","coordinates":[[-72.09021,-36.49523],[-72.0902,-36.49511]]}},{"type":"Feature","properties":{"nombre":"Ruta N-338","jerarquia":5},"geometry":{"type":"LineString","coordinates":[[-72.0902,-36.49511],[-72.08992,-36.49283]]}},{"type":"Feature","properties":{"nombre":"Ruta N-338","jerarquia":5},"geometry":{"type":"LineString","coordinates":[[-72.08992,-36.49283],[-72.08977,-36.49164]]}},{"type":"Feature","properties":{"nombre":"Ruta N-338","jerarquia":5},"geometry":{"type":"LineString","coordinates":[[-72.08977,-36.49164],[-72.08962,-36.49048]]}},{"type":"Feature","properties":{"nombre":"Ruta N-338","jerarquia":5},"geometry":{"type":"LineString","coordinates":[[-72.08962,-36.49048],[-72.08954,-36.48997]]}},{"type":"Feature","properties":{"nombre":"Ruta N-338","jerarquia":5},"geometry":{"type":"LineString","coordinates":[[-72.08954,-36.48997],[-72.08934,-36.48863]]}},{"type":"Feature","properties":{"nombre":"Ruta N-338","jerarquia":5},"geometry":{"type":"LineString","coordinates":[[-72.08934,-36.48863],[-72.08918,-36.4876]]}},{"type":"Feature","properties":{"nombre":"Ruta N-342","jerarquia":5},"geometry":{"type":"LineString","coordinates":[[-72.07326,-36.51274],[-72.07323,-36.51255],[-72.07307,-36.51222],[-72.07301,-36.51193],[-72.07092,-36.50015]]}},{"type":"Feature","properties":{"nombre":"El Volcán","jerarquia":5},"geometry":{"type":"LineString","coordinates":[[-72.08582,-36.61934],[-72.08519,-36.61947]]}},{"type":"Feature","properties":{"nombre":"El Volcán","jerarquia":5},"geometry":{"type":"LineString","coordinates":[[-72.08519,-36.61947],[-72.08502,-36.61949]]}},{"type":"Feature","properties":{"nombre":"El Volcán","jerarquia":5},"geometry":{"type":"LineString","coordinates":[[-72.08502,-36.61949],[-72.08447,-36.61947]]}},{"type":"Feature","properties":{"nombre":"El Volcán","jerarquia":5},"geometry":{"type":"LineString","coordinates":[[-72.08447,-36.61947],[-72.08442,-36.61948]]}},{"type":"Feature","properties":{"nombre":"","jerarquia":4},"geometry":{"type":"LineString","coordinates":[[-72.0578,-36.58875],[-72.058,-36.58868],[-72.05808,-36.58856]]}},{"type":"Feature","properties":{"nombre":"Camino a Coihueco","jerarquia":4},"geometry":{"type":"LineString","coordinates":[[-72.05954,-36.58904],[-72.06058,-36.58919]]}},{"type":"Feature","properties":{"nombre":"Camino a Coihueco","jerarquia":4},"geometry":{"type":"LineString","coordinates":[[-72.06058,-36.58919],[-72.0621,-36.58941]]}},{"type":"Feature","properties":{"nombre":"Camino a Coihueco","jerarquia":4},"geometry":{"type":"LineString","coordinates":[[-72.0621,-36.58941],[-72.06229,-36.58944]]}},{"type":"Feature","properties":{"nombre":"Camino a Coihueco","jerarquia":4},"geometry":{"type":"LineString","coordinates":[[-72.06229,-36.58944],[-72.06284,-36.58952]]}},{"type":"Feature","properties":{"nombre":"Camino a Coihueco","jerarquia":4},"geometry":{"type":"LineString","coordinates":[[-72.06284,-36.58952],[-72.06363,-36.58964]]}},{"type":"Feature","properties":{"nombre":"Camino a Coihueco","jerarquia":4},"geometry":{"type":"LineString","coordinates":[[-72.06363,-36.58964],[-72.0643,-36.58974]]}},{"type":"Feature","properties":{"nombre":"Camino a Coihueco","jerarquia":4},"geometry":{"type":"LineString","coordinates":[[-72.0643,-36.58974],[-72.06442,-36.58976]]}},{"type":"Feature","properties":{"nombre":"Camino a Coihueco","jerarquia":4},"geometry":{"type":"LineString","coordinates":[[-72.06442,-36.58976],[-72.06608,-36.59001]]}},{"type":"Feature","properties":{"nombre":"Camino a Coihueco","jerarquia":4},"geometry":{"type":"LineString","coordinates":[[-72.06608,-36.59001],[-72.06822,-36.59033]]}},{"type":"Feature","properties":{"nombre":"Maipón","jerarquia":5},"geometry":{"type":"LineString","coordinates":[[-72.10218,-36.61034],[-72.10378,-36.60995]]}},{"type":"Feature","properties":{"nombre":"Maipón","jerarquia":5},"geometry":{"type":"LineString","coordinates":[[-72.10378,-36.60995],[-72.10526,-36.60959]]}},{"type":"Feature","properties":{"nombre":"Avenida Brasil","jerarquia":4},"geometry":{"type":"LineString","coordinates":[[-72.11317,-36.60765],[-72.11322,-36.60773]]}},{"type":"Feature","properties":{"nombre":"Avenida Brasil","jerarquia":4},"geometry":{"type":"LineString","coordinates":[[-72.11181,-36.60394],[-72.11202,-36.60456]]}},{"type":"Feature","properties":{"nombre":"Avenida Brasil","jerarquia":4},"geometry":{"type":"LineString","coordinates":[[-72.11202,-36.60456],[-72.11228,-36.60519]]}},{"type":"Feature","properties":{"nombre":"Avenida Brasil","jerarquia":4},"geometry":{"type":"LineString","coordinates":[[-72.11228,-36.60519],[-72.11271,-36.60643]]}},{"type":"Feature","properties":{"nombre":"Avenida Brasil","jerarquia":4},"geometry":{"type":"LineString","coordinates":[[-72.11271,-36.60643],[-72.11284,-36.60679]]}},{"type":"Feature","properties":{"nombre":"Avenida Brasil","jerarquia":4},"geometry":{"type":"LineString","coordinates":[[-72.11284,-36.60679],[-72.11317,-36.60765]]}},{"type":"Feature","properties":{"nombre":"El Roble","jerarquia":5},"geometry":{"type":"LineString","coordinates":[[-72.10021,-36.60946],[-72.09867,-36.60984]]}},{"type":"Feature","properties":{"nombre":"El Roble","jerarquia":5},"geometry":{"type":"LineString","coordinates":[[-72.09867,-36.60984],[-72.09714,-36.61021]]}},{"type":"Feature","properties":{"nombre":"El Roble","jerarquia":5},"geometry":{"type":"LineString","coordinates":[[-72.09714,-36.61021],[-72.09562,-36.61058]]}},{"type":"Feature","properties":{"nombre":"El Roble","jerarquia":5},"geometry":{"type":"LineString","coordinates":[[-72.09562,-36.61058],[-72.0941,-36.61095]]}},{"type":"Feature","properties":{"nombre":"Isabel Riquelme","jerarquia":5},"geometry":{"type":"LineString","coordinates":[[-72.10021,-36.60946],[-72.10064,-36.6106]]}},{"type":"Feature","properties":{"nombre":"Isabel Riquelme","jerarquia":5},"geometry":{"type":"LineString","coordinates":[[-72.10064,-36.6106],[-72.10067,-36.61069]]}},{"type":"Feature","properties":{"nombre":"Avenida Argentina","jerarquia":3},"geometry":{"type":"LineString","coordinates":[[-72.0941,-36.61095],[-72.09457,-36.61218]]}},{"type":"Feature","properties":{"nombre":"Avenida Argentina","jerarquia":3},"geometry":{"type":"LineString","coordinates":[[-72.09457,-36.61218],[-72.09504,-36.61341]]}},{"type":"Feature","properties":{"nombre":"Avenida Argentina","jerarquia":3},"geometry":{"type":"LineString","coordinates":[[-72.09504,-36.61341],[-72.09512,-36.61363]]}},{"type":"Feature","properties":{"nombre":"El Roble","jerarquia":5},"geometry":{"type":"LineString","coordinates":[[-72.0941,-36.61095],[-72.09391,-36.611]]}},{"type":"Feature","properties":{"nombre":"Avenida Baquedano","jerarquia":3},"geometry":{"type":"LineString","coordinates":[[-72.12489,-36.62956],[-72.12518,-36.63066]]}},{"type":"Feature","properties":{"nombre":"Avenida Baquedano","jerarquia":3},"geometry":{"type":"LineString","coordinates":[[-72.12518,-36.63066],[-72.12521,-36.63077]]}},{"type":"Feature","properties":{"nombre":"Avenida Baquedano","jerarquia":3},"geometry":{"type":"LineString","coordinates":[[-72.12521,-36.63077],[-72.12537,-36.63136]]}},{"type":"Feature","properties":{"nombre":"Avenida Baquedano","jerarquia":3},"geometry":{"type":"LineString","coordinates":[[-72.12537,-36.63136],[-72.12584,-36.63315]]}},{"type":"Feature","properties":{"nombre":"Avenida Baquedano","jerarquia":3},"geometry":{"type":"LineString","coordinates":[[-72.12584,-36.63315],[-72.12586,-36.6332]]}},{"type":"Feature","properties":{"nombre":"Avenida Libertador Bernardo O'Higgins","jerarquia":3},"geometry":{"type":"LineString","coordinates":[[-72.1223,-36.62106],[-72.12192,-36.62079]]}},{"type":"Feature","properties":{"nombre":"","jerarquia":1},"geometry":{"type":"LineString","coordinates":[[-72.10613,-36.58441],[-72.1063,-36.58445]]}},{"type":"Feature","properties":{"nombre":"","jerarquia":1},"geometry":{"type":"LineString","coordinates":[[-72.1063,-36.58445],[-72.10697,-36.58456],[-72.10815,-36.58458]]}},{"type":"Feature","properties":{"nombre":"Avenida Libertador Bernardo O'Higgins","jerarquia":3},"geometry":{"type":"LineString","coordinates":[[-72.09767,-36.56888],[-72.0976,-36.56868]]}},{"type":"Feature","properties":{"nombre":"Avenida Libertador Bernardo O'Higgins","jerarquia":3},"geometry":{"type":"LineString","coordinates":[[-72.0976,-36.56868],[-72.09603,-36.56394]]}},{"type":"Feature","properties":{"nombre":"Avenida Libertador Bernardo O'Higgins","jerarquia":3},"geometry":{"type":"LineString","coordinates":[[-72.09603,-36.56394],[-72.09565,-36.56278]]}},{"type":"Feature","properties":{"nombre":"Avenida Libertador Bernardo O'Higgins","jerarquia":3},"geometry":{"type":"LineString","coordinates":[[-72.09565,-36.56278],[-72.0956,-36.56265]]}},{"type":"Feature","properties":{"nombre":"Avenida Libertador Bernardo O'Higgins","jerarquia":3},"geometry":{"type":"LineString","coordinates":[[-72.0956,-36.56265],[-72.09529,-36.56172]]}},{"type":"Feature","properties":{"nombre":"","jerarquia":3},"geometry":{"type":"LineString","coordinates":[[-72.09515,-36.56118],[-72.0953,-36.56127],[-72.09539,-36.56138]]}},{"type":"Feature","properties":{"nombre":"Avenida Libertador Bernardo O'Higgins","jerarquia":3},"geometry":{"type":"LineString","coordinates":[[-72.09515,-36.56118],[-72.09507,-36.56035]]}},{"type":"Feature","properties":{"nombre":"","jerarquia":3},"geometry":{"type":"LineString","coordinates":[[-72.09835,-36.57096],[-72.09852,-36.57093]]}},{"type":"Feature","properties":{"nombre":"","jerarquia":5},"geometry":{"type":"LineString","coordinates":[[-72.09603,-36.56394],[-72.0962,-36.56391]]}},{"type":"Feature","properties":{"nombre":"Avenida Libertador Bernardo O'Higgins","jerarquia":3},"geometry":{"type":"LineString","coordinates":[[-72.10232,-36.58281],[-72.10247,-36.58511]]}},{"type":"Feature","properties":{"nombre":"Avenida Libertador Bernardo O'Higgins","jerarquia":3},"geometry":{"type":"LineString","coordinates":[[-72.10247,-36.58511],[-72.10248,-36.58525]]}},{"type":"Feature","properties":{"nombre":"Avenida Libertador Bernardo O'Higgins","jerarquia":3},"geometry":{"type":"LineString","coordinates":[[-72.10248,-36.58525],[-72.10259,-36.58711]]}},{"type":"Feature","properties":{"nombre":"Avenida Libertador Bernardo O'Higgins","jerarquia":3},"geometry":{"type":"LineString","coordinates":[[-72.10259,-36.58711],[-72.10269,-36.58844]]}},{"type":"Feature","properties":{"nombre":"Avenida Libertador Bernardo O'Higgins","jerarquia":3},"geometry":{"type":"LineString","coordinates":[[-72.10269,-36.58844],[-72.10286,-36.58921]]}},{"type":"Feature","properties":{"nombre":"","jerarquia":3},"geometry":{"type":"LineString","coordinates":[[-72.10141,-36.58021],[-72.10129,-36.58018],[-72.10116,-36.58022]]}},{"type":"Feature","properties":{"nombre":"Tarapacá","jerarquia":5},"geometry":{"type":"LineString","coordinates":[[-72.12417,-36.60747],[-72.12418,-36.60743]]}},{"type":"Feature","properties":{"nombre":"Tarapacá","jerarquia":5},"geometry":{"type":"LineString","coordinates":[[-72.12418,-36.60743],[-72.1244,-36.60646]]}},{"type":"Feature","properties":{"nombre":"Tarapacá","jerarquia":5},"geometry":{"type":"LineString","coordinates":[[-72.1244,-36.60646],[-72.12441,-36.60642]]}},{"type":"Feature","properties":{"nombre":"","jerarquia":1},"geometry":{"type":"LineString","coordinates":[[-72.09513,-36.55857],[-72.09516,-36.55891]]}},{"type":"Feature","properties":{"nombre":"","jerarquia":1},"geometry":{"type":"LineString","coordinates":[[-72.09516,-36.55891],[-72.09516,-36.55899]]}},{"type":"Feature","properties":{"nombre":"Mario Vergara","jerarquia":5},"geometry":{"type":"LineString","coordinates":[[-72.08653,-36.60856],[-72.08647,-36.60865]]}},{"type":"Feature","properties":{"nombre":"Avenida Libertad Oriente","jerarquia":4},"geometry":{"type":"LineString","coordinates":[[-72.08526,-36.60871],[-72.08469,-36.60872]]}},{"type":"Feature","properties":{"nombre":"Avenida Libertad Oriente","jerarquia":4},"geometry":{"type":"LineString","coordinates":[[-72.08469,-36.60872],[-72.08452,-36.60873]]}},{"type":"Feature","properties":{"nombre":"Avenida Libertad Oriente","jerarquia":4},"geometry":{"type":"LineString","coordinates":[[-72.08452,-36.60873],[-72.08403,-36.60874]]}},{"type":"Feature","properties":{"nombre":"Avenida Libertad Oriente","jerarquia":4},"geometry":{"type":"LineString","coordinates":[[-72.08403,-36.60874],[-72.08259,-36.60896]]}},{"type":"Feature","properties":{"nombre":"Avenida Libertad Oriente","jerarquia":4},"geometry":{"type":"LineString","coordinates":[[-72.08259,-36.60896],[-72.08241,-36.60899]]}},{"type":"Feature","properties":{"nombre":"Avenida Libertad Oriente","jerarquia":4},"geometry":{"type":"LineString","coordinates":[[-72.08241,-36.60899],[-72.08171,-36.60912]]}},{"type":"Feature","properties":{"nombre":"Avenida Argentina","jerarquia":3},"geometry":{"type":"LineString","coordinates":[[-72.0933,-36.60938],[-72.09308,-36.6088]]}},{"type":"Feature","properties":{"nombre":"Avenida Argentina","jerarquia":3},"geometry":{"type":"LineString","coordinates":[[-72.09308,-36.6088],[-72.09298,-36.60855]]}},{"type":"Feature","properties":{"nombre":"Avenida Andrés Bello","jerarquia":4},"geometry":{"type":"LineString","coordinates":[[-72.06959,-36.59101],[-72.06989,-36.59139]]}},{"type":"Feature","properties":{"nombre":"Avenida Argentina","jerarquia":3},"geometry":{"type":"LineString","coordinates":[[-72.09082,-36.60233],[-72.0913,-36.6036]]}},{"type":"Feature","properties":{"nombre":"Avenida Argentina","jerarquia":3},"geometry":{"type":"LineString","coordinates":[[-72.0913,-36.6036],[-72.09177,-36.60483]]}},{"type":"Feature","properties":{"nombre":"Avenida Argentina","jerarquia":3},"geometry":{"type":"LineString","coordinates":[[-72.09177,-36.60483],[-72.09224,-36.60605]]}},{"type":"Feature","properties":{"nombre":"Avenida Argentina","jerarquia":3},"geometry":{"type":"LineString","coordinates":[[-72.09224,-36.60605],[-72.09272,-36.60729]]}},{"type":"Feature","properties":{"nombre":"","jerarquia":1},"geometry":{"type":"LineString","coordinates":[[-72.24207,-36.66483],[-72.24234,-36.66497],[-72.24259,-36.66494]]}},{"type":"Feature","properties":{"nombre":"Ruta N-676","jerarquia":5},"geometry":{"type":"LineString","coordinates":[[-72.24569,-36.66321],[-72.24611,-36.66343],[-72.24996,-36.66457],[-72.25574,-36.66666],[-72.25631,-36.66676],[-72.2599,-36.6671]]}},{"type":"Feature","properties":{"nombre":"Ruta N-676","jerarquia":5},"geometry":{"type":"LineString","coordinates":[[-72.2599,-36.6671],[-72.26062,-36.66717],[-72.26117,-36.66729],[-72.26319,-36.66807],[-72.26526,-36.66863],[-72.26816,-36.66914],[-72.26842,-36.66929],[-72.26921,-36.67017],[-72.26963,-36.67039],[-72.27622,-36.67186]]}},{"type":"Feature","properties":{"nombre":"Ruta N-676","jerarquia":5},"geometry":{"type":"LineString","coordinates":[[-72.27622,-36.67186],[-72.27649,-36.67155]]}},{"type":"Feature","properties":{"nombre":"Ruta N-676","jerarquia":5},"geometry":{"type":"LineString","coordinates":[[-72.27649,-36.67155],[-72.27685,-36.67118]]}},{"type":"Feature","properties":{"nombre":"","jerarquia":1},"geometry":{"type":"LineString","coordinates":[[-72.24259,-36.66494],[-72.24236,-36.66516]]}},{"type":"Feature","properties":{"nombre":"","jerarquia":1},"geometry":{"type":"LineString","coordinates":[[-72.24236,-36.66516],[-72.24234,-36.66526]]}},{"type":"Feature","properties":{"nombre":"","jerarquia":1},"geometry":{"type":"LineString","coordinates":[[-72.0211,-36.48311],[-72.0215,-36.48348],[-72.02161,-36.48374],[-72.0216,-36.48394],[-72.02154,-36.48409],[-72.02121,-36.48437]]}},{"type":"Feature","properties":{"nombre":"","jerarquia":1},"geometry":{"type":"LineString","coordinates":[[-72.02121,-36.48437],[-72.02109,-36.48445]]}},{"type":"Feature","properties":{"nombre":"","jerarquia":1},"geometry":{"type":"LineString","coordinates":[[-72.02118,-36.48349],[-72.02135,-36.48358],[-72.02145,-36.48379],[-72.02142,-36.48396],[-72.02126,-36.48413]]}},{"type":"Feature","properties":{"nombre":"Ruta N-346","jerarquia":5},"geometry":{"type":"LineString","coordinates":[[-72.1957,-36.49408],[-72.19564,-36.49395]]}},{"type":"Feature","properties":{"nombre":"Ruta N-346","jerarquia":5},"geometry":{"type":"LineString","coordinates":[[-72.19564,-36.49395],[-72.19269,-36.488]]}},{"type":"Feature","properties":{"nombre":"Ruta N-346","jerarquia":5},"geometry":{"type":"LineString","coordinates":[[-72.19269,-36.488],[-72.19267,-36.48794]]}},{"type":"Feature","properties":{"nombre":"Ruta N-346","jerarquia":5},"geometry":{"type":"LineString","coordinates":[[-72.19267,-36.48794],[-72.19147,-36.48553]]}},{"type":"Feature","properties":{"nombre":"Ruta N-346","jerarquia":5},"geometry":{"type":"LineString","coordinates":[[-72.19147,-36.48553],[-72.18739,-36.47728]]}},{"type":"Feature","properties":{"nombre":"","jerarquia":5},"geometry":{"type":"LineString","coordinates":[[-72.20402,-36.51175],[-72.20409,-36.51175]]}},{"type":"Feature","properties":{"nombre":"","jerarquia":5},"geometry":{"type":"LineString","coordinates":[[-72.20409,-36.51175],[-72.20432,-36.51169]]}},{"type":"Feature","properties":{"nombre":"","jerarquia":5},"geometry":{"type":"LineString","coordinates":[[-72.20376,-36.51041],[-72.20367,-36.51022]]}},{"type":"Feature","properties":{"nombre":"","jerarquia":5},"geometry":{"type":"LineString","coordinates":[[-72.20438,-36.51214],[-72.20435,-36.51205]]}},{"type":"Feature","properties":{"nombre":"","jerarquia":5},"geometry":{"type":"LineString","coordinates":[[-72.20435,-36.51205],[-72.20431,-36.5118]]}},{"type":"Feature","properties":{"nombre":"","jerarquia":5},"geometry":{"type":"LineString","coordinates":[[-72.20431,-36.5118],[-72.20432,-36.51169]]}},{"type":"Feature","properties":{"nombre":"","jerarquia":5},"geometry":{"type":"LineString","coordinates":[[-72.20432,-36.51169],[-72.20429,-36.51147]]}},{"type":"Feature","properties":{"nombre":"","jerarquia":3},"geometry":{"type":"LineString","coordinates":[[-72.15299,-36.62437],[-72.1529,-36.62428],[-72.1529,-36.62419]]}},{"type":"Feature","properties":{"nombre":"","jerarquia":3},"geometry":{"type":"LineString","coordinates":[[-72.1529,-36.62419],[-72.15294,-36.62413]]}},{"type":"Feature","properties":{"nombre":"Autopista del Itata","jerarquia":1},"geometry":{"type":"LineString","coordinates":[[-72.2655,-36.65986],[-72.26778,-36.65937],[-72.27023,-36.65897],[-72.2726,-36.65872],[-72.27463,-36.65862]]}},{"type":"Feature","properties":{"nombre":"Autopista del Itata","jerarquia":1},"geometry":{"type":"LineString","coordinates":[[-72.27513,-36.6587],[-72.27295,-36.65879],[-72.27067,-36.659],[-72.2679,-36.65944],[-72.26569,-36.65992]]}},{"type":"Feature","properties":{"nombre":"San Gabriel","jerarquia":5},"geometry":{"type":"LineString","coordinates":[[-72.06299,-36.62703],[-72.06295,-36.62692]]}},{"type":"Feature","properties":{"nombre":"San Gabriel","jerarquia":5},"geometry":{"type":"LineString","coordinates":[[-72.06295,-36.62692],[-72.06258,-36.62588]]}},{"type":"Feature","properties":{"nombre":"San Gabriel","jerarquia":5},"geometry":{"type":"LineString","coordinates":[[-72.06258,-36.62588],[-72.06247,-36.62557]]}},{"type":"Feature","properties":{"nombre":"Avenida Cerro Aracar","jerarquia":5},"geometry":{"type":"LineString","coordinates":[[-72.07313,-36.61834],[-72.0734,-36.61928]]}},{"type":"Feature","properties":{"nombre":"Avenida Cerro Aracar","jerarquia":5},"geometry":{"type":"LineString","coordinates":[[-72.0734,-36.61928],[-72.07377,-36.62057]]}},{"type":"Feature","properties":{"nombre":"Avenida Cerro Aracar","jerarquia":5},"geometry":{"type":"LineString","coordinates":[[-72.07377,-36.62057],[-72.07404,-36.62149]]}},{"type":"Feature","properties":{"nombre":"Caletera Ruta 5","jerarquia":5},"geometry":{"type":"LineString","coordinates":[[-72.08015,-36.53547],[-72.07627,-36.53214]]}},{"type":"Feature","properties":{"nombre":"Avenida Puente Ñuble","jerarquia":5},"geometry":{"type":"LineString","coordinates":[[-72.09139,-36.54678],[-72.0912,-36.54658],[-72.09044,-36.54599],[-72.08929,-36.54561],[-72.08889,-36.54529],[-72.08844,-36.54485]]}},{"type":"Feature","properties":{"nombre":"Avenida Puente Ñuble","jerarquia":5},"geometry":{"type":"LineString","coordinates":[[-72.08844,-36.54485],[-72.08797,-36.5444]]}},{"type":"Feature","properties":{"nombre":"Avenida Puente Ñuble","jerarquia":5},"geometry":{"type":"LineString","coordinates":[[-72.08797,-36.5444],[-72.08678,-36.54378]]}},{"type":"Feature","properties":{"nombre":"Avenida Puente Ñuble","jerarquia":5},"geometry":{"type":"LineString","coordinates":[[-72.08678,-36.54378],[-72.0861,-36.54343]]}},{"type":"Feature","properties":{"nombre":"Avenida Puente Ñuble","jerarquia":5},"geometry":{"type":"LineString","coordinates":[[-72.0861,-36.54343],[-72.08594,-36.54333]]}},{"type":"Feature","properties":{"nombre":"Avenida Puente Ñuble","jerarquia":5},"geometry":{"type":"LineString","coordinates":[[-72.08594,-36.54333],[-72.0854,-36.54293],[-72.08458,-36.54175]]}},{"type":"Feature","properties":{"nombre":"Avenida Puente Ñuble","jerarquia":5},"geometry":{"type":"LineString","coordinates":[[-72.08458,-36.54175],[-72.08352,-36.54032]]}},{"type":"Feature","properties":{"nombre":"Barros Arana","jerarquia":4},"geometry":{"type":"LineString","coordinates":[[-72.09842,-36.62448],[-72.09848,-36.62458]]}},{"type":"Feature","properties":{"nombre":"Barros Arana","jerarquia":4},"geometry":{"type":"LineString","coordinates":[[-72.09848,-36.62458],[-72.09873,-36.62499]]}},{"type":"Feature","properties":{"nombre":"Avenida Doctor José María Sepúlveda Bustos","jerarquia":4},"geometry":{"type":"LineString","coordinates":[[-72.14481,-36.60736],[-72.14615,-36.60757]]}},{"type":"Feature","properties":{"nombre":"Avenida Doctor José María Sepúlveda Bustos","jerarquia":4},"geometry":{"type":"LineString","coordinates":[[-72.14615,-36.60757],[-72.14845,-36.60793]]}},{"type":"Feature","properties":{"nombre":"San Ignacio","jerarquia":5},"geometry":{"type":"LineString","coordinates":[[-72.08818,-36.63069],[-72.0882,-36.63076]]}},{"type":"Feature","properties":{"nombre":"San Ignacio","jerarquia":5},"geometry":{"type":"LineString","coordinates":[[-72.0882,-36.63076],[-72.08906,-36.6322]]}},{"type":"Feature","properties":{"nombre":"Camino San Marcelo","jerarquia":5},"geometry":{"type":"LineString","coordinates":[[-72.31204,-36.68903],[-72.31184,-36.68921]]}},{"type":"Feature","properties":{"nombre":"Camino San Marcelo","jerarquia":5},"geometry":{"type":"LineString","coordinates":[[-72.31175,-36.6851],[-72.31213,-36.6863],[-72.31222,-36.68849],[-72.3122,-36.68873],[-72.31204,-36.68903]]}},{"type":"Feature","properties":{"nombre":"Ruta N-595","jerarquia":5},"geometry":{"type":"LineString","coordinates":[[-72.16579,-36.66776],[-72.1658,-36.66743]]}},{"type":"Feature","properties":{"nombre":"Ruta N-595","jerarquia":5},"geometry":{"type":"LineString","coordinates":[[-72.16563,-36.66947],[-72.16579,-36.66776]]}},{"type":"Feature","properties":{"nombre":"Avenida Alonso de Ercilla","jerarquia":4},"geometry":{"type":"LineString","coordinates":[[-72.0573,-36.62828],[-72.05591,-36.62855]]}},{"type":"Feature","properties":{"nombre":"Avenida Alonso de Ercilla","jerarquia":4},"geometry":{"type":"LineString","coordinates":[[-72.05591,-36.62855],[-72.05567,-36.62859]]}},{"type":"Feature","properties":{"nombre":"Avenida Alonso de Ercilla","jerarquia":4},"geometry":{"type":"LineString","coordinates":[[-72.05567,-36.62859],[-72.05443,-36.62884]]}},{"type":"Feature","properties":{"nombre":"Avenida Alonso de Ercilla","jerarquia":4},"geometry":{"type":"LineString","coordinates":[[-72.05443,-36.62884],[-72.05167,-36.62938]]}},{"type":"Feature","properties":{"nombre":"Avenida Alonso de Ercilla","jerarquia":4},"geometry":{"type":"LineString","coordinates":[[-72.05167,-36.62938],[-72.05164,-36.62939]]}},{"type":"Feature","properties":{"nombre":"Avenida Vicente Méndez","jerarquia":4},"geometry":{"type":"LineString","coordinates":[[-72.08769,-36.59724],[-72.0884,-36.5985]]}},{"type":"Feature","properties":{"nombre":"Avenida Vicente Méndez","jerarquia":4},"geometry":{"type":"LineString","coordinates":[[-72.08918,-36.59981],[-72.08928,-36.59998]]}},{"type":"Feature","properties":{"nombre":"Avenida Vicente Méndez","jerarquia":4},"geometry":{"type":"LineString","coordinates":[[-72.08928,-36.59998],[-72.08939,-36.60015]]}},{"type":"Feature","properties":{"nombre":"Avenida Vicente Méndez","jerarquia":4},"geometry":{"type":"LineString","coordinates":[[-72.08939,-36.60015],[-72.08959,-36.60047]]}},{"type":"Feature","properties":{"nombre":"Avenida Ecuador","jerarquia":4},"geometry":{"type":"LineString","coordinates":[[-72.09082,-36.60233],[-72.09063,-36.60237]]}},{"type":"Feature","properties":{"nombre":"Avenida Vicente Méndez","jerarquia":4},"geometry":{"type":"LineString","coordinates":[[-72.09071,-36.60222],[-72.09082,-36.60233]]}},{"type":"Feature","properties":{"nombre":"Yungay","jerarquia":5},"geometry":{"type":"LineString","coordinates":[[-72.09039,-36.60242],[-72.09054,-36.60231]]}},{"type":"Feature","properties":{"nombre":"Yungay","jerarquia":5},"geometry":{"type":"LineString","coordinates":[[-72.09054,-36.60231],[-72.09059,-36.60227]]}},{"type":"Feature","properties":{"nombre":"","jerarquia":1},"geometry":{"type":"LineString","coordinates":[[-72.06941,-36.5267],[-72.06987,-36.52633]]}},{"type":"Feature","properties":{"nombre":"Ruta N-50","jerarquia":3},"geometry":{"type":"LineString","coordinates":[[-72.07182,-36.52492],[-72.0731,-36.52394]]}},{"type":"Feature","properties":{"nombre":"Ruta N-50","jerarquia":3},"geometry":{"type":"LineString","coordinates":[[-72.06987,-36.52633],[-72.07066,-36.52575]]}},{"type":"Feature","properties":{"nombre":"Ruta N-50","jerarquia":3},"geometry":{"type":"LineString","coordinates":[[-72.07066,-36.52575],[-72.07182,-36.52492]]}},{"type":"Feature","properties":{"nombre":"Ruta 5 Sur","jerarquia":1},"geometry":{"type":"LineString","coordinates":[[-72.09092,-36.54478],[-72.09039,-36.54403],[-72.08983,-36.54346]]}},{"type":"Feature","properties":{"nombre":"Ruta 5 Sur","jerarquia":1},"geometry":{"type":"LineString","coordinates":[[-72.08983,-36.54346],[-72.08784,-36.54177]]}},{"type":"Feature","properties":{"nombre":"","jerarquia":1},"geometry":{"type":"LineString","coordinates":[[-72.09576,-36.55861],[-72.09557,-36.5587],[-72.09535,-36.55889],[-72.09522,-36.55912],[-72.09518,-36.55928]]}},{"type":"Feature","properties":{"nombre":"Constitución","jerarquia":4},"geometry":{"type":"LineString","coordinates":[[-72.09364,-36.60973],[-72.09517,-36.60936]]}},{"type":"Feature","properties":{"nombre":"Constitución","jerarquia":4},"geometry":{"type":"LineString","coordinates":[[-72.09517,-36.60936],[-72.09669,-36.60899]]}},{"type":"Feature","properties":{"nombre":"Avenida Libertador Bernardo O'Higgins","jerarquia":3},"geometry":{"type":"LineString","coordinates":[[-72.10716,-36.60105],[-72.10758,-36.60219]]}},{"type":"Feature","properties":{"nombre":"Avenida Libertador Bernardo O'Higgins","jerarquia":3},"geometry":{"type":"LineString","coordinates":[[-72.10758,-36.60219],[-72.10762,-36.60229]]}},{"type":"Feature","properties":{"nombre":"Avenida Libertador Bernardo O'Higgins","jerarquia":3},"geometry":{"type":"LineString","coordinates":[[-72.10555,-36.59707],[-72.10547,-36.59685]]}},{"type":"Feature","properties":{"nombre":"Avenida Libertador Bernardo O'Higgins","jerarquia":3},"geometry":{"type":"LineString","coordinates":[[-72.10547,-36.59685],[-72.1052,-36.59612]]}},{"type":"Feature","properties":{"nombre":"Avenida Ecuador","jerarquia":3},"geometry":{"type":"LineString","coordinates":[[-72.09071,-36.60222],[-72.09234,-36.60181]]}},{"type":"Feature","properties":{"nombre":"Avenida Ecuador","jerarquia":3},"geometry":{"type":"LineString","coordinates":[[-72.09234,-36.60181],[-72.09284,-36.60169]]}},{"type":"Feature","properties":{"nombre":"Avenida Ecuador","jerarquia":3},"geometry":{"type":"LineString","coordinates":[[-72.09284,-36.60169],[-72.09386,-36.60144]]}},{"type":"Feature","properties":{"nombre":"Avenida Ecuador","jerarquia":3},"geometry":{"type":"LineString","coordinates":[[-72.09386,-36.60144],[-72.09448,-36.60129]]}},{"type":"Feature","properties":{"nombre":"Avenida Ecuador","jerarquia":3},"geometry":{"type":"LineString","coordinates":[[-72.09448,-36.60129],[-72.09538,-36.60106]]}},{"type":"Feature","properties":{"nombre":"Avenida Ecuador","jerarquia":3},"geometry":{"type":"LineString","coordinates":[[-72.09538,-36.60106],[-72.09603,-36.6009]]}},{"type":"Feature","properties":{"nombre":"Avenida Ecuador","jerarquia":3},"geometry":{"type":"LineString","coordinates":[[-72.09603,-36.6009],[-72.09667,-36.60075]]}},{"type":"Feature","properties":{"nombre":"Avenida Ecuador","jerarquia":3},"geometry":{"type":"LineString","coordinates":[[-72.09667,-36.60075],[-72.09703,-36.60065]]}},{"type":"Feature","properties":{"nombre":"Avenida Ecuador","jerarquia":3},"geometry":{"type":"LineString","coordinates":[[-72.09703,-36.60065],[-72.09729,-36.60059]]}},{"type":"Feature","properties":{"nombre":"Avenida Ecuador","jerarquia":3},"geometry":{"type":"LineString","coordinates":[[-72.09729,-36.60059],[-72.0984,-36.60032]]}},{"type":"Feature","properties":{"nombre":"Avenida Ecuador","jerarquia":3},"geometry":{"type":"LineString","coordinates":[[-72.0984,-36.60032],[-72.09848,-36.6003]]}},{"type":"Feature","properties":{"nombre":"Avenida Ecuador","jerarquia":3},"geometry":{"type":"LineString","coordinates":[[-72.09848,-36.6003],[-72.09917,-36.60013]]}},{"type":"Feature","properties":{"nombre":"Ruta N-310","jerarquia":5},"geometry":{"type":"LineString","coordinates":[[-72.21916,-36.48939],[-72.21951,-36.48901],[-72.21985,-36.48833],[-72.21992,-36.48799],[-72.21988,-36.48701]]}},{"type":"Feature","properties":{"nombre":"Ruta N-310","jerarquia":5},"geometry":{"type":"LineString","coordinates":[[-72.21988,-36.48701],[-72.21983,-36.48559]]}},{"type":"Feature","properties":{"nombre":"Ruta N-310","jerarquia":5},"geometry":{"type":"LineString","coordinates":[[-72.21983,-36.48559],[-72.21971,-36.48285]]}},{"type":"Feature","properties":{"nombre":"Ruta N-310","jerarquia":5},"geometry":{"type":"LineString","coordinates":[[-72.21971,-36.48285],[-72.21964,-36.48099]]}},{"type":"Feature","properties":{"nombre":"Ruta N-310","jerarquia":5},"geometry":{"type":"LineString","coordinates":[[-72.21964,-36.48099],[-72.2196,-36.48024]]}},{"type":"Feature","properties":{"nombre":"Ruta N-310","jerarquia":5},"geometry":{"type":"LineString","coordinates":[[-72.2196,-36.48024],[-72.21949,-36.47793]]}},{"type":"Feature","properties":{"nombre":"Ruta N-310","jerarquia":5},"geometry":{"type":"LineString","coordinates":[[-72.21949,-36.47793],[-72.21943,-36.47639]]}},{"type":"Feature","properties":{"nombre":"Ruta N-310","jerarquia":5},"geometry":{"type":"LineString","coordinates":[[-72.21943,-36.47639],[-72.21942,-36.47579]]}},{"type":"Feature","properties":{"nombre":"Ruta N-310","jerarquia":5},"geometry":{"type":"LineString","coordinates":[[-72.21942,-36.47579],[-72.21937,-36.4744],[-72.21945,-36.47401]]}},{"type":"Feature","properties":{"nombre":"Ruta N-50","jerarquia":3},"geometry":{"type":"LineString","coordinates":[[-72.20009,-36.50756],[-72.20169,-36.50619]]}},{"type":"Feature","properties":{"nombre":"Ruta N-50","jerarquia":3},"geometry":{"type":"LineString","coordinates":[[-72.20169,-36.50619],[-72.20292,-36.50512]]}},{"type":"Feature","properties":{"nombre":"Ruta N-50","jerarquia":3},"geometry":{"type":"LineString","coordinates":[[-72.20292,-36.50512],[-72.20335,-36.50477],[-72.20408,-36.50443],[-72.20647,-36.50379]]}},{"type":"Feature","properties":{"nombre":"Ruta N-50","jerarquia":3},"geometry":{"type":"LineString","coordinates":[[-72.20647,-36.50379],[-72.20836,-36.50327]]}},{"type":"Feature","properties":{"nombre":"Ruta N-50","jerarquia":3},"geometry":{"type":"LineString","coordinates":[[-72.19983,-36.50776],[-72.20009,-36.50756]]}},{"type":"Feature","properties":{"nombre":"","jerarquia":3},"geometry":{"type":"LineString","coordinates":[[-72.122,-36.6206],[-72.12208,-36.6207],[-72.12201,-36.62079]]}},{"type":"Feature","properties":{"nombre":"","jerarquia":3},"geometry":{"type":"LineString","coordinates":[[-72.12201,-36.62079],[-72.12192,-36.62079]]}},{"type":"Feature","properties":{"nombre":"","jerarquia":3},"geometry":{"type":"LineString","coordinates":[[-72.1223,-36.62106],[-72.1223,-36.62093],[-72.12242,-36.62088]]}},{"type":"Feature","properties":{"nombre":"","jerarquia":3},"geometry":{"type":"LineString","coordinates":[[-72.12242,-36.62088],[-72.12254,-36.62091]]}},{"type":"Feature","properties":{"nombre":"Avenida Libertador Bernardo O'Higgins","jerarquia":3},"geometry":{"type":"LineString","coordinates":[[-72.12151,-36.62032],[-72.122,-36.6206]]}},{"type":"Feature","properties":{"nombre":"Avenida Libertador Bernardo O'Higgins","jerarquia":3},"geometry":{"type":"LineString","coordinates":[[-72.11931,-36.61893],[-72.11867,-36.61848]]}},{"type":"Feature","properties":{"nombre":"Avenida Libertador Bernardo O'Higgins","jerarquia":3},"geometry":{"type":"LineString","coordinates":[[-72.11867,-36.61848],[-72.11847,-36.61835]]}},{"type":"Feature","properties":{"nombre":"Avenida El Tejar","jerarquia":5},"geometry":{"type":"LineString","coordinates":[[-72.11852,-36.61826],[-72.11847,-36.61835]]}},{"type":"Feature","properties":{"nombre":"Avenida Libertador Bernardo O'Higgins","jerarquia":3},"geometry":{"type":"LineString","coordinates":[[-72.11581,-36.61654],[-72.11506,-36.61604]]}},{"type":"Feature","properties":{"nombre":"Avenida Libertador Bernardo O'Higgins","jerarquia":3},"geometry":{"type":"LineString","coordinates":[[-72.11506,-36.61604],[-72.11456,-36.61569]]}},{"type":"Feature","properties":{"nombre":"Avenida Libertador Bernardo O'Higgins","jerarquia":3},"geometry":{"type":"LineString","coordinates":[[-72.11456,-36.61569],[-72.11451,-36.61565]]}},{"type":"Feature","properties":{"nombre":"Avenida Libertador Bernardo O'Higgins","jerarquia":3},"geometry":{"type":"LineString","coordinates":[[-72.11451,-36.61565],[-72.11347,-36.61491]]}},{"type":"Feature","properties":{"nombre":"Avenida Libertador Bernardo O'Higgins","jerarquia":3},"geometry":{"type":"LineString","coordinates":[[-72.11347,-36.61491],[-72.11338,-36.61485]]}},{"type":"Feature","properties":{"nombre":"Schleyer","jerarquia":5},"geometry":{"type":"LineString","coordinates":[[-72.11338,-36.61485],[-72.11281,-36.61497]]}},{"type":"Feature","properties":{"nombre":"Schleyer","jerarquia":5},"geometry":{"type":"LineString","coordinates":[[-72.11281,-36.61497],[-72.11076,-36.61542]]}},{"type":"Feature","properties":{"nombre":"Schleyer","jerarquia":5},"geometry":{"type":"LineString","coordinates":[[-72.11076,-36.61542],[-72.10958,-36.61568]]}},{"type":"Feature","properties":{"nombre":"Schleyer","jerarquia":5},"geometry":{"type":"LineString","coordinates":[[-72.10958,-36.61568],[-72.10826,-36.61598]]}},{"type":"Feature","properties":{"nombre":"Avenida Libertador Bernardo O'Higgins","jerarquia":3},"geometry":{"type":"LineString","coordinates":[[-72.11218,-36.614],[-72.11182,-36.61373]]}},{"type":"Feature","properties":{"nombre":"Avenida Libertador Bernardo O'Higgins","jerarquia":3},"geometry":{"type":"LineString","coordinates":[[-72.11182,-36.61373],[-72.11174,-36.61362]]}},{"type":"Feature","properties":{"nombre":"Avenida Libertador Bernardo O'Higgins","jerarquia":3},"geometry":{"type":"LineString","coordinates":[[-72.11847,-36.61835],[-72.11756,-36.61773]]}},{"type":"Feature","properties":{"nombre":"Avenida Libertador Bernardo O'Higgins","jerarquia":3},"geometry":{"type":"LineString","coordinates":[[-72.11756,-36.61773],[-72.11716,-36.61746]]}},{"type":"Feature","properties":{"nombre":"Avenida Libertador Bernardo O'Higgins","jerarquia":3},"geometry":{"type":"LineString","coordinates":[[-72.11716,-36.61746],[-72.11588,-36.61659]]}},{"type":"Feature","properties":{"nombre":"Avenida Libertador Bernardo O'Higgins","jerarquia":3},"geometry":{"type":"LineString","coordinates":[[-72.11588,-36.61659],[-72.11581,-36.61654]]}},{"type":"Feature","properties":{"nombre":"Paula Jaraquemada","jerarquia":5},"geometry":{"type":"LineString","coordinates":[[-72.12886,-36.63276],[-72.13037,-36.63255]]}},{"type":"Feature","properties":{"nombre":"Paula Jaraquemada","jerarquia":5},"geometry":{"type":"LineString","coordinates":[[-72.13037,-36.63255],[-72.13186,-36.63232]]}},{"type":"Feature","properties":{"nombre":"Paula Jaraquemada","jerarquia":5},"geometry":{"type":"LineString","coordinates":[[-72.13186,-36.63232],[-72.1334,-36.63211]]}},{"type":"Feature","properties":{"nombre":"Paula Jaraquemada","jerarquia":5},"geometry":{"type":"LineString","coordinates":[[-72.1334,-36.63211],[-72.13493,-36.63188]]}},{"type":"Feature","properties":{"nombre":"Paula Jaraquemada","jerarquia":5},"geometry":{"type":"LineString","coordinates":[[-72.13493,-36.63188],[-72.13591,-36.63175]]}},{"type":"Feature","properties":{"nombre":"Paula Jaraquemada","jerarquia":5},"geometry":{"type":"LineString","coordinates":[[-72.13591,-36.63175],[-72.13646,-36.63167]]}},{"type":"Feature","properties":{"nombre":"Erasmo Escala","jerarquia":5},"geometry":{"type":"LineString","coordinates":[[-72.12761,-36.62791],[-72.1273,-36.62671]]}},{"type":"Feature","properties":{"nombre":"Juan Martínez de Rozas","jerarquia":5},"geometry":{"type":"LineString","coordinates":[[-72.12966,-36.62387],[-72.12817,-36.62408]]}},{"type":"Feature","properties":{"nombre":"Juan Martínez de Rozas","jerarquia":5},"geometry":{"type":"LineString","coordinates":[[-72.12817,-36.62408],[-72.12678,-36.62428]]}},{"type":"Feature","properties":{"nombre":"Juan Martínez de Rozas","jerarquia":5},"geometry":{"type":"LineString","coordinates":[[-72.12678,-36.62428],[-72.12666,-36.6243]]}},{"type":"Feature","properties":{"nombre":"Mariano Egaña","jerarquia":5},"geometry":{"type":"LineString","coordinates":[[-72.12966,-36.62387],[-72.12939,-36.62277]]}},{"type":"Feature","properties":{"nombre":"Mariano Egaña","jerarquia":5},"geometry":{"type":"LineString","coordinates":[[-72.12939,-36.62277],[-72.12937,-36.62268]]}},{"type":"Feature","properties":{"nombre":"Juan Martínez de Rozas","jerarquia":5},"geometry":{"type":"LineString","coordinates":[[-72.12666,-36.6243],[-72.12602,-36.62439]]}},{"type":"Feature","properties":{"nombre":"Juan Martínez de Rozas","jerarquia":5},"geometry":{"type":"LineString","coordinates":[[-72.12602,-36.62439],[-72.12518,-36.62452]]}},{"type":"Feature","properties":{"nombre":"Juan Martínez de Rozas","jerarquia":5},"geometry":{"type":"LineString","coordinates":[[-72.12518,-36.62452],[-72.12378,-36.62472]]}},{"type":"Feature","properties":{"nombre":"Juan Martínez de Rozas","jerarquia":5},"geometry":{"type":"LineString","coordinates":[[-72.12378,-36.62472],[-72.12367,-36.62474]]}},{"type":"Feature","properties":{"nombre":"Tomás Yávar","jerarquia":5},"geometry":{"type":"LineString","coordinates":[[-72.12849,-36.62529],[-72.12991,-36.62509]]}},{"type":"Feature","properties":{"nombre":"Tomás Yávar","jerarquia":5},"geometry":{"type":"LineString","coordinates":[[-72.12991,-36.62509],[-72.12998,-36.62508]]}},{"type":"Feature","properties":{"nombre":"Tomás Yávar","jerarquia":5},"geometry":{"type":"LineString","coordinates":[[-72.13744,-36.62403],[-72.13984,-36.62373]]}},{"type":"Feature","properties":{"nombre":"Tomás Yávar","jerarquia":5},"geometry":{"type":"LineString","coordinates":[[-72.13984,-36.62373],[-72.14033,-36.62372]]}},{"type":"Feature","properties":{"nombre":"Camino a San Bernardo","jerarquia":5},"geometry":{"type":"LineString","coordinates":[[-72.06873,-36.60838],[-72.06733,-36.6088]]}},{"type":"Feature","properties":{"nombre":"Camino a San Bernardo","jerarquia":5},"geometry":{"type":"LineString","coordinates":[[-72.06733,-36.6088],[-72.06712,-36.60886]]}},{"type":"Feature","properties":{"nombre":"Cerro Aracar","jerarquia":5},"geometry":{"type":"LineString","coordinates":[[-72.07035,-36.6091],[-72.07002,-36.60801]]}},{"type":"Feature","properties":{"nombre":"Avenida Doctor José María Sepúlveda Bustos","jerarquia":4},"geometry":{"type":"LineString","coordinates":[[-72.1249,-36.60426],[-72.12358,-36.60406]]}},{"type":"Feature","properties":{"nombre":"Avenida Doctor José María Sepúlveda Bustos","jerarquia":4},"geometry":{"type":"LineString","coordinates":[[-72.12358,-36.60406],[-72.12293,-36.60396]]}},{"type":"Feature","properties":{"nombre":"Avenida Doctor José María Sepúlveda Bustos","jerarquia":4},"geometry":{"type":"LineString","coordinates":[[-72.12624,-36.60447],[-72.1249,-36.60426]]}},{"type":"Feature","properties":{"nombre":"Huambalí","jerarquia":5},"geometry":{"type":"LineString","coordinates":[[-72.10731,-36.63072],[-72.10728,-36.63057]]}},{"type":"Feature","properties":{"nombre":"Huambalí","jerarquia":5},"geometry":{"type":"LineString","coordinates":[[-72.10728,-36.63057],[-72.10707,-36.6296]]}},{"type":"Feature","properties":{"nombre":"Huambalí","jerarquia":5},"geometry":{"type":"LineString","coordinates":[[-72.10707,-36.6296],[-72.10683,-36.62847]]}},{"type":"Feature","properties":{"nombre":"Avenida Brasil","jerarquia":4},"geometry":{"type":"LineString","coordinates":[[-72.10919,-36.59782],[-72.10915,-36.59771]]}},{"type":"Feature","properties":{"nombre":"Avenida Ecuador","jerarquia":3},"geometry":{"type":"LineString","coordinates":[[-72.10919,-36.59782],[-72.10846,-36.59798]]}},{"type":"Feature","properties":{"nombre":"Avenida Ecuador","jerarquia":3},"geometry":{"type":"LineString","coordinates":[[-72.10846,-36.59798],[-72.10715,-36.59829]]}},{"type":"Feature","properties":{"nombre":"Monterrico","jerarquia":5},"geometry":{"type":"LineString","coordinates":[[-72.08284,-36.62545],[-72.08247,-36.62512]]}},{"type":"Feature","properties":{"nombre":"Monterrico","jerarquia":5},"geometry":{"type":"LineString","coordinates":[[-72.08247,-36.62512],[-72.08218,-36.62485]]}},{"type":"Feature","properties":{"nombre":"Monterrico","jerarquia":5},"geometry":{"type":"LineString","coordinates":[[-72.08218,-36.62485],[-72.08123,-36.624]]}},{"type":"Feature","properties":{"nombre":"Monterrico","jerarquia":5},"geometry":{"type":"LineString","coordinates":[[-72.08123,-36.624],[-72.08095,-36.62375]]}},{"type":"Feature","properties":{"nombre":"Monterrico","jerarquia":5},"geometry":{"type":"LineString","coordinates":[[-72.08095,-36.62375],[-72.08075,-36.62356]]}},{"type":"Feature","properties":{"nombre":"Monterrico","jerarquia":5},"geometry":{"type":"LineString","coordinates":[[-72.08075,-36.62356],[-72.08064,-36.62346]]}},{"type":"Feature","properties":{"nombre":"Monterrico","jerarquia":5},"geometry":{"type":"LineString","coordinates":[[-72.08064,-36.62346],[-72.08049,-36.62333]]}},{"type":"Feature","properties":{"nombre":"Avenida Nueva Oriente","jerarquia":5},"geometry":{"type":"LineString","coordinates":[[-72.07843,-36.6236],[-72.07838,-36.62343]]}},{"type":"Feature","properties":{"nombre":"Avenida Nueva Oriente","jerarquia":5},"geometry":{"type":"LineString","coordinates":[[-72.07838,-36.62343],[-72.07828,-36.6231]]}},{"type":"Feature","properties":{"nombre":"Los Andes","jerarquia":5},"geometry":{"type":"LineString","coordinates":[[-72.07987,-36.62279],[-72.07961,-36.62284]]}},{"type":"Feature","properties":{"nombre":"Los Andes","jerarquia":5},"geometry":{"type":"LineString","coordinates":[[-72.07961,-36.62284],[-72.07926,-36.62291]]}},{"type":"Feature","properties":{"nombre":"Los Andes","jerarquia":5},"geometry":{"type":"LineString","coordinates":[[-72.07926,-36.62291],[-72.07891,-36.62297]]}},{"type":"Feature","properties":{"nombre":"Los Andes","jerarquia":5},"geometry":{"type":"LineString","coordinates":[[-72.07891,-36.62297],[-72.07873,-36.62301]]}},{"type":"Feature","properties":{"nombre":"Los Andes","jerarquia":5},"geometry":{"type":"LineString","coordinates":[[-72.07873,-36.62301],[-72.07838,-36.62308]]}},{"type":"Feature","properties":{"nombre":"Los Andes","jerarquia":5},"geometry":{"type":"LineString","coordinates":[[-72.07838,-36.62308],[-72.07828,-36.6231]]}},{"type":"Feature","properties":{"nombre":"Avenida Nueva Oriente","jerarquia":5},"geometry":{"type":"LineString","coordinates":[[-72.07719,-36.61946],[-72.07694,-36.61864]]}},{"type":"Feature","properties":{"nombre":"Avenida Nueva Oriente","jerarquia":5},"geometry":{"type":"LineString","coordinates":[[-72.07694,-36.61864],[-72.07685,-36.61834]]}},{"type":"Feature","properties":{"nombre":"Avenida Nueva Oriente","jerarquia":5},"geometry":{"type":"LineString","coordinates":[[-72.07685,-36.61834],[-72.07661,-36.61754]]}},{"type":"Feature","properties":{"nombre":"Avenida Nueva Oriente","jerarquia":5},"geometry":{"type":"LineString","coordinates":[[-72.0776,-36.62085],[-72.07743,-36.62028]]}},{"type":"Feature","properties":{"nombre":"Avenida Nueva Oriente","jerarquia":5},"geometry":{"type":"LineString","coordinates":[[-72.07743,-36.62028],[-72.07719,-36.61946]]}},{"type":"Feature","properties":{"nombre":"Los Cóndores","jerarquia":5},"geometry":{"type":"LineString","coordinates":[[-72.08149,-36.61935],[-72.08161,-36.61974]]}},{"type":"Feature","properties":{"nombre":"Los Cóndores","jerarquia":5},"geometry":{"type":"LineString","coordinates":[[-72.08161,-36.61974],[-72.08171,-36.62005]]}},{"type":"Feature","properties":{"nombre":"Los Cóndores","jerarquia":5},"geometry":{"type":"LineString","coordinates":[[-72.08089,-36.6175],[-72.08101,-36.61789]]}},{"type":"Feature","properties":{"nombre":"Los Cóndores","jerarquia":5},"geometry":{"type":"LineString","coordinates":[[-72.08101,-36.61789],[-72.0811,-36.61818]]}},{"type":"Feature","properties":{"nombre":"Los Cóndores","jerarquia":5},"geometry":{"type":"LineString","coordinates":[[-72.0811,-36.61818],[-72.08125,-36.61861]]}},{"type":"Feature","properties":{"nombre":"Los Cóndores","jerarquia":5},"geometry":{"type":"LineString","coordinates":[[-72.08125,-36.61861],[-72.08149,-36.61935]]}},{"type":"Feature","properties":{"nombre":"Avenida Los Puelches","jerarquia":4},"geometry":{"type":"LineString","coordinates":[[-72.08582,-36.61934],[-72.08595,-36.6198]]}},{"type":"Feature","properties":{"nombre":"Avenida Los Puelches","jerarquia":4},"geometry":{"type":"LineString","coordinates":[[-72.08595,-36.6198],[-72.08604,-36.62011]]}},{"type":"Feature","properties":{"nombre":"Avenida Los Puelches","jerarquia":4},"geometry":{"type":"LineString","coordinates":[[-72.08604,-36.62011],[-72.08613,-36.6204]]}},{"type":"Feature","properties":{"nombre":"Avenida Los Puelches","jerarquia":4},"geometry":{"type":"LineString","coordinates":[[-72.08613,-36.6204],[-72.08629,-36.62096]]}},{"type":"Feature","properties":{"nombre":"Avenida Los Puelches","jerarquia":4},"geometry":{"type":"LineString","coordinates":[[-72.08629,-36.62096],[-72.0865,-36.62166]]}},{"type":"Feature","properties":{"nombre":"Avenida Los Corregidores","jerarquia":5},"geometry":{"type":"LineString","coordinates":[[-72.1246,-36.61391],[-72.1256,-36.61335]]}},{"type":"Feature","properties":{"nombre":"Avenida Los Corregidores","jerarquia":5},"geometry":{"type":"LineString","coordinates":[[-72.1256,-36.61335],[-72.12684,-36.61267]]}},{"type":"Feature","properties":{"nombre":"Avenida Los Corregidores","jerarquia":5},"geometry":{"type":"LineString","coordinates":[[-72.12684,-36.61267],[-72.12693,-36.61262]]}},{"type":"Feature","properties":{"nombre":"Avenida Mariscal Ruiz de Gamboa","jerarquia":3},"geometry":{"type":"LineString","coordinates":[[-72.12693,-36.61262],[-72.12742,-36.61321]]}},{"type":"Feature","properties":{"nombre":"Avenida Mariscal Ruiz de Gamboa","jerarquia":3},"geometry":{"type":"LineString","coordinates":[[-72.12742,-36.61321],[-72.12808,-36.61401]]}},{"type":"Feature","properties":{"nombre":"Avenida Mariscal Ruiz de Gamboa","jerarquia":3},"geometry":{"type":"LineString","coordinates":[[-72.12868,-36.61471],[-72.12927,-36.6152]]}},{"type":"Feature","properties":{"nombre":"Corregidor Alvarado","jerarquia":5},"geometry":{"type":"LineString","coordinates":[[-72.12808,-36.61401],[-72.12798,-36.61404]]}},{"type":"Feature","properties":{"nombre":"Avenida Mariscal Ruiz de Gamboa","jerarquia":3},"geometry":{"type":"LineString","coordinates":[[-72.12684,-36.61267],[-72.12652,-36.61222]]}},{"type":"Feature","properties":{"nombre":"Avenida Mariscal Ruiz de Gamboa","jerarquia":3},"geometry":{"type":"LineString","coordinates":[[-72.12652,-36.61222],[-72.12617,-36.61177]]}},{"type":"Feature","properties":{"nombre":"Avenida Mariscal Ruiz de Gamboa","jerarquia":3},"geometry":{"type":"LineString","coordinates":[[-72.12617,-36.61177],[-72.12581,-36.61129]]}},{"type":"Feature","properties":{"nombre":"Avenida Mariscal Ruiz de Gamboa","jerarquia":3},"geometry":{"type":"LineString","coordinates":[[-72.12581,-36.61129],[-72.12539,-36.61072]]}},{"type":"Feature","properties":{"nombre":"Avenida Mariscal Ruiz de Gamboa","jerarquia":3},"geometry":{"type":"LineString","coordinates":[[-72.12539,-36.61072],[-72.12504,-36.61026]]}},{"type":"Feature","properties":{"nombre":"Avenida Mariscal Ruiz de Gamboa","jerarquia":3},"geometry":{"type":"LineString","coordinates":[[-72.12504,-36.61026],[-72.12483,-36.60999]]}},{"type":"Feature","properties":{"nombre":"Luis Arellano","jerarquia":5},"geometry":{"type":"LineString","coordinates":[[-72.13183,-36.61236],[-72.13211,-36.61265]]}},{"type":"Feature","properties":{"nombre":"Luis Arellano","jerarquia":5},"geometry":{"type":"LineString","coordinates":[[-72.13211,-36.61265],[-72.13235,-36.61298]]}},{"type":"Feature","properties":{"nombre":"Luis Arellano","jerarquia":5},"geometry":{"type":"LineString","coordinates":[[-72.13235,-36.61298],[-72.13259,-36.61331]]}},{"type":"Feature","properties":{"nombre":"Luis Arellano","jerarquia":5},"geometry":{"type":"LineString","coordinates":[[-72.13259,-36.61331],[-72.13262,-36.61335]]}},{"type":"Feature","properties":{"nombre":"Luis Arellano","jerarquia":5},"geometry":{"type":"LineString","coordinates":[[-72.13262,-36.61335],[-72.13285,-36.61364]]}},{"type":"Feature","properties":{"nombre":"Luis Arellano","jerarquia":5},"geometry":{"type":"LineString","coordinates":[[-72.13285,-36.61364],[-72.13319,-36.61411]]}},{"type":"Feature","properties":{"nombre":"Corregidor Alvarado","jerarquia":5},"geometry":{"type":"LineString","coordinates":[[-72.13183,-36.61236],[-72.13137,-36.61257]]}},{"type":"Feature","properties":{"nombre":"Corregidor Alvarado","jerarquia":5},"geometry":{"type":"LineString","coordinates":[[-72.13137,-36.61257],[-72.13128,-36.61261]]}},{"type":"Feature","properties":{"nombre":"Corregidor Alvarado","jerarquia":5},"geometry":{"type":"LineString","coordinates":[[-72.13128,-36.61261],[-72.13087,-36.61279]]}},{"type":"Feature","properties":{"nombre":"Corregidor Alvarado","jerarquia":5},"geometry":{"type":"LineString","coordinates":[[-72.13087,-36.61279],[-72.13037,-36.61301]]}},{"type":"Feature","properties":{"nombre":"Corregidor Alvarado","jerarquia":5},"geometry":{"type":"LineString","coordinates":[[-72.13037,-36.61301],[-72.12986,-36.61323]]}},{"type":"Feature","properties":{"nombre":"Corregidor Alvarado","jerarquia":5},"geometry":{"type":"LineString","coordinates":[[-72.12986,-36.61323],[-72.12937,-36.61345]]}},{"type":"Feature","properties":{"nombre":"Corregidor Alvarado","jerarquia":5},"geometry":{"type":"LineString","coordinates":[[-72.12937,-36.61345],[-72.12875,-36.61372]]}},{"type":"Feature","properties":{"nombre":"Corregidor Alvarado","jerarquia":5},"geometry":{"type":"LineString","coordinates":[[-72.12875,-36.61372],[-72.12808,-36.61401]]}},{"type":"Feature","properties":{"nombre":"Real Audiencia","jerarquia":5},"geometry":{"type":"LineString","coordinates":[[-72.13319,-36.61411],[-72.13311,-36.61415]]}},{"type":"Feature","properties":{"nombre":"Real Audiencia","jerarquia":5},"geometry":{"type":"LineString","coordinates":[[-72.13311,-36.61415],[-72.13292,-36.61423]]}},{"type":"Feature","properties":{"nombre":"Real Audiencia","jerarquia":5},"geometry":{"type":"LineString","coordinates":[[-72.13292,-36.61423],[-72.1326,-36.61438]]}},{"type":"Feature","properties":{"nombre":"Real Audiencia","jerarquia":5},"geometry":{"type":"LineString","coordinates":[[-72.1326,-36.61438],[-72.13216,-36.61458]]}},{"type":"Feature","properties":{"nombre":"Real Audiencia","jerarquia":5},"geometry":{"type":"LineString","coordinates":[[-72.13216,-36.61458],[-72.132,-36.61465]]}},{"type":"Feature","properties":{"nombre":"Avenida Mariscal Ruiz de Gamboa","jerarquia":3},"geometry":{"type":"LineString","coordinates":[[-72.12955,-36.61554],[-72.1294,-36.61541]]}},{"type":"Feature","properties":{"nombre":"Real Audiencia","jerarquia":5},"geometry":{"type":"LineString","coordinates":[[-72.12755,-36.61643],[-72.12804,-36.61616]]}},{"type":"Feature","properties":{"nombre":"Real Audiencia","jerarquia":5},"geometry":{"type":"LineString","coordinates":[[-72.12804,-36.61616],[-72.12827,-36.61603]]}},{"type":"Feature","properties":{"nombre":"Real Audiencia","jerarquia":5},"geometry":{"type":"LineString","coordinates":[[-72.12827,-36.61603],[-72.12871,-36.6158]]}},{"type":"Feature","properties":{"nombre":"Real Audiencia","jerarquia":5},"geometry":{"type":"LineString","coordinates":[[-72.12871,-36.6158],[-72.12903,-36.61562]]}},{"type":"Feature","properties":{"nombre":"Real Audiencia","jerarquia":5},"geometry":{"type":"LineString","coordinates":[[-72.12903,-36.61562],[-72.12928,-36.61548]]}},{"type":"Feature","properties":{"nombre":"Real Audiencia","jerarquia":5},"geometry":{"type":"LineString","coordinates":[[-72.12928,-36.61548],[-72.1294,-36.61541]]}},{"type":"Feature","properties":{"nombre":"La Colonia","jerarquia":5},"geometry":{"type":"LineString","coordinates":[[-72.12514,-36.61457],[-72.12537,-36.61483]]}},{"type":"Feature","properties":{"nombre":"La Colonia","jerarquia":5},"geometry":{"type":"LineString","coordinates":[[-72.12537,-36.61483],[-72.12555,-36.61504]]}},{"type":"Feature","properties":{"nombre":"La Colonia","jerarquia":5},"geometry":{"type":"LineString","coordinates":[[-72.12555,-36.61504],[-72.12575,-36.61527]]}},{"type":"Feature","properties":{"nombre":"La Colonia","jerarquia":5},"geometry":{"type":"LineString","coordinates":[[-72.12575,-36.61527],[-72.12586,-36.6154]]}},{"type":"Feature","properties":{"nombre":"La Colonia","jerarquia":5},"geometry":{"type":"LineString","coordinates":[[-72.12586,-36.6154],[-72.12616,-36.61575]]}},{"type":"Feature","properties":{"nombre":"La Colonia","jerarquia":5},"geometry":{"type":"LineString","coordinates":[[-72.12616,-36.61575],[-72.12666,-36.61635]]}},{"type":"Feature","properties":{"nombre":"La Colonia","jerarquia":5},"geometry":{"type":"LineString","coordinates":[[-72.12666,-36.61635],[-72.12668,-36.61637]]}},{"type":"Feature","properties":{"nombre":"La Colonia","jerarquia":5},"geometry":{"type":"LineString","coordinates":[[-72.12668,-36.61637],[-72.12699,-36.61673]]}},{"type":"Feature","properties":{"nombre":"Avenida El Tejar","jerarquia":5},"geometry":{"type":"LineString","coordinates":[[-72.12096,-36.61751],[-72.11989,-36.61783]]}},{"type":"Feature","properties":{"nombre":"Avenida El Tejar","jerarquia":5},"geometry":{"type":"LineString","coordinates":[[-72.11989,-36.61783],[-72.11934,-36.618]]}},{"type":"Feature","properties":{"nombre":"Avenida El Tejar","jerarquia":5},"geometry":{"type":"LineString","coordinates":[[-72.11934,-36.618],[-72.11869,-36.61818]]}},{"type":"Feature","properties":{"nombre":"Avenida El Tejar","jerarquia":5},"geometry":{"type":"LineString","coordinates":[[-72.11869,-36.61818],[-72.11852,-36.61826]]}},{"type":"Feature","properties":{"nombre":"Avenida Libertador Bernardo O'Higgins","jerarquia":3},"geometry":{"type":"LineString","coordinates":[[-72.122,-36.6206],[-72.12235,-36.62076],[-72.12254,-36.62091]]}},{"type":"Feature","properties":{"nombre":"Avenida Libertador Bernardo O'Higgins","jerarquia":3},"geometry":{"type":"LineString","coordinates":[[-72.12254,-36.62091],[-72.12264,-36.62101]]}},{"type":"Feature","properties":{"nombre":"Avenida Libertador Bernardo O'Higgins","jerarquia":3},"geometry":{"type":"LineString","coordinates":[[-72.12192,-36.62079],[-72.12163,-36.62057]]}},{"type":"Feature","properties":{"nombre":"Avenida Libertador Bernardo O'Higgins","jerarquia":3},"geometry":{"type":"LineString","coordinates":[[-72.12163,-36.62057],[-72.12045,-36.61972]]}},{"type":"Feature","properties":{"nombre":"Huambalí","jerarquia":4},"geometry":{"type":"LineString","coordinates":[[-72.10524,-36.61911],[-72.1051,-36.61854],[-72.10484,-36.61808]]}},{"type":"Feature","properties":{"nombre":"Huambalí","jerarquia":4},"geometry":{"type":"LineString","coordinates":[[-72.10484,-36.61808],[-72.10446,-36.61751]]}},{"type":"Feature","properties":{"nombre":"Huambalí","jerarquia":4},"geometry":{"type":"LineString","coordinates":[[-72.10446,-36.61751],[-72.10408,-36.61685]]}},{"type":"Feature","properties":{"nombre":"Huambalí","jerarquia":4},"geometry":{"type":"LineString","coordinates":[[-72.10408,-36.61685],[-72.10394,-36.6165],[-72.10387,-36.61605]]}},{"type":"Feature","properties":{"nombre":"El Volcán","jerarquia":5},"geometry":{"type":"LineString","coordinates":[[-72.08171,-36.62005],[-72.08156,-36.62008]]}},{"type":"Feature","properties":{"nombre":"El Volcán","jerarquia":5},"geometry":{"type":"LineString","coordinates":[[-72.08156,-36.62008],[-72.08131,-36.62013]]}},{"type":"Feature","properties":{"nombre":"El Volcán","jerarquia":5},"geometry":{"type":"LineString","coordinates":[[-72.08131,-36.62013],[-72.08095,-36.6202]]}},{"type":"Feature","properties":{"nombre":"El Volcán","jerarquia":5},"geometry":{"type":"LineString","coordinates":[[-72.08095,-36.6202],[-72.08018,-36.62035]]}},{"type":"Feature","properties":{"nombre":"El Volcán","jerarquia":5},"geometry":{"type":"LineString","coordinates":[[-72.08018,-36.62035],[-72.0799,-36.6204]]}},{"type":"Feature","properties":{"nombre":"El Volcán","jerarquia":5},"geometry":{"type":"LineString","coordinates":[[-72.0799,-36.6204],[-72.0798,-36.62042]]}},{"type":"Feature","properties":{"nombre":"El Volcán","jerarquia":5},"geometry":{"type":"LineString","coordinates":[[-72.0798,-36.62042],[-72.07952,-36.62048]]}},{"type":"Feature","properties":{"nombre":"El Volcán","jerarquia":5},"geometry":{"type":"LineString","coordinates":[[-72.07952,-36.62048],[-72.07916,-36.62055]]}},{"type":"Feature","properties":{"nombre":"El Volcán","jerarquia":5},"geometry":{"type":"LineString","coordinates":[[-72.07916,-36.62055],[-72.07872,-36.62063]]}},{"type":"Feature","properties":{"nombre":"El Volcán","jerarquia":5},"geometry":{"type":"LineString","coordinates":[[-72.07872,-36.62063],[-72.07853,-36.62067]]}},{"type":"Feature","properties":{"nombre":"El Volcán","jerarquia":5},"geometry":{"type":"LineString","coordinates":[[-72.07853,-36.62067],[-72.07834,-36.62071]]}},{"type":"Feature","properties":{"nombre":"El Volcán","jerarquia":5},"geometry":{"type":"LineString","coordinates":[[-72.07834,-36.62071],[-72.07812,-36.62075]]}},{"type":"Feature","properties":{"nombre":"El Volcán","jerarquia":5},"geometry":{"type":"LineString","coordinates":[[-72.07812,-36.62075],[-72.07798,-36.62078]]}},{"type":"Feature","properties":{"nombre":"El Volcán","jerarquia":5},"geometry":{"type":"LineString","coordinates":[[-72.07798,-36.62078],[-72.07771,-36.62083]]}},{"type":"Feature","properties":{"nombre":"El Volcán","jerarquia":5},"geometry":{"type":"LineString","coordinates":[[-72.07771,-36.62083],[-72.0776,-36.62085]]}},{"type":"Feature","properties":{"nombre":"Avenida Nueva Oriente","jerarquia":5},"geometry":{"type":"LineString","coordinates":[[-72.07795,-36.62201],[-72.0776,-36.62085]]}},{"type":"Feature","properties":{"nombre":"Avenida Nueva Oriente","jerarquia":5},"geometry":{"type":"LineString","coordinates":[[-72.07828,-36.6231],[-72.0782,-36.62282]]}},{"type":"Feature","properties":{"nombre":"Avenida Nueva Oriente","jerarquia":5},"geometry":{"type":"LineString","coordinates":[[-72.0782,-36.62282],[-72.07812,-36.62256]]}},{"type":"Feature","properties":{"nombre":"Avenida Nueva Oriente","jerarquia":5},"geometry":{"type":"LineString","coordinates":[[-72.07812,-36.62256],[-72.07804,-36.6223]]}},{"type":"Feature","properties":{"nombre":"Avenida Nueva Oriente","jerarquia":5},"geometry":{"type":"LineString","coordinates":[[-72.07804,-36.6223],[-72.07795,-36.62201]]}},{"type":"Feature","properties":{"nombre":"Esmeralda","jerarquia":5},"geometry":{"type":"LineString","coordinates":[[-72.07878,-36.62185],[-72.07888,-36.62182]]}},{"type":"Feature","properties":{"nombre":"Esmeralda","jerarquia":5},"geometry":{"type":"LineString","coordinates":[[-72.07888,-36.62182],[-72.07975,-36.62165]]}},{"type":"Feature","properties":{"nombre":"Esmeralda","jerarquia":5},"geometry":{"type":"LineString","coordinates":[[-72.07975,-36.62165],[-72.08015,-36.62157]]}},{"type":"Feature","properties":{"nombre":"Esmeralda","jerarquia":5},"geometry":{"type":"LineString","coordinates":[[-72.08015,-36.62157],[-72.08054,-36.6215]]}},{"type":"Feature","properties":{"nombre":"Esmeralda","jerarquia":5},"geometry":{"type":"LineString","coordinates":[[-72.08054,-36.6215],[-72.08224,-36.62116]]}},{"type":"Feature","properties":{"nombre":"Esmeralda","jerarquia":5},"geometry":{"type":"LineString","coordinates":[[-72.08224,-36.62116],[-72.08263,-36.62108]]}},{"type":"Feature","properties":{"nombre":"Avenida Alonso de Ercilla","jerarquia":4},"geometry":{"type":"LineString","coordinates":[[-72.08248,-36.62549],[-72.08172,-36.62555]]}},{"type":"Feature","properties":{"nombre":"Avenida Alonso de Ercilla","jerarquia":4},"geometry":{"type":"LineString","coordinates":[[-72.08172,-36.62555],[-72.0807,-36.62562]]}},{"type":"Feature","properties":{"nombre":"Avenida Alonso de Ercilla","jerarquia":4},"geometry":{"type":"LineString","coordinates":[[-72.0807,-36.62562],[-72.07946,-36.62567]]}},{"type":"Feature","properties":{"nombre":"Avenida Alonso de Ercilla","jerarquia":4},"geometry":{"type":"LineString","coordinates":[[-72.07946,-36.62567],[-72.07915,-36.62568]]}},{"type":"Feature","properties":{"nombre":"Avenida Alonso de Ercilla","jerarquia":4},"geometry":{"type":"LineString","coordinates":[[-72.0785,-36.6257],[-72.07818,-36.6257]]}},{"type":"Feature","properties":{"nombre":"Avenida Alonso de Ercilla","jerarquia":4},"geometry":{"type":"LineString","coordinates":[[-72.07818,-36.6257],[-72.07804,-36.6257]]}},{"type":"Feature","properties":{"nombre":"Avenida Alonso de Ercilla","jerarquia":4},"geometry":{"type":"LineString","coordinates":[[-72.07727,-36.62572],[-72.07713,-36.62572]]}},{"type":"Feature","properties":{"nombre":"Avenida Alonso de Ercilla","jerarquia":4},"geometry":{"type":"LineString","coordinates":[[-72.07713,-36.62572],[-72.07669,-36.62571]]}},{"type":"Feature","properties":{"nombre":"Avenida Alonso de Ercilla","jerarquia":4},"geometry":{"type":"LineString","coordinates":[[-72.07669,-36.62571],[-72.07566,-36.6257]]}},{"type":"Feature","properties":{"nombre":"Avenida Alonso de Ercilla","jerarquia":4},"geometry":{"type":"LineString","coordinates":[[-72.07804,-36.6257],[-72.07727,-36.62572]]}},{"type":"Feature","properties":{"nombre":"Avenida Alonso de Ercilla","jerarquia":4},"geometry":{"type":"LineString","coordinates":[[-72.07122,-36.62566],[-72.07091,-36.62566]]}},{"type":"Feature","properties":{"nombre":"Avenida Circunvalación","jerarquia":5},"geometry":{"type":"LineString","coordinates":[[-72.0712,-36.62558],[-72.07122,-36.62566]]}},{"type":"Feature","properties":{"nombre":"Avenida Circunvalación","jerarquia":5},"geometry":{"type":"LineString","coordinates":[[-72.07116,-36.62545],[-72.0712,-36.62558]]}},{"type":"Feature","properties":{"nombre":"Avenida Alonso de Ercilla","jerarquia":4},"geometry":{"type":"LineString","coordinates":[[-72.06952,-36.62563],[-72.06889,-36.62571],[-72.06788,-36.62593]]}},{"type":"Feature","properties":{"nombre":"Avenida Alonso de Ercilla","jerarquia":4},"geometry":{"type":"LineString","coordinates":[[-72.06788,-36.62593],[-72.0674,-36.62604]]}},{"type":"Feature","properties":{"nombre":"Avenida Andrés Bello","jerarquia":4},"geometry":{"type":"LineString","coordinates":[[-72.07112,-36.59294],[-72.07303,-36.59538]]}},{"type":"Feature","properties":{"nombre":"Avenida Andrés Bello","jerarquia":4},"geometry":{"type":"LineString","coordinates":[[-72.07303,-36.59538],[-72.07888,-36.60292]]}},{"type":"Feature","properties":{"nombre":"Avenida Andrés Bello","jerarquia":4},"geometry":{"type":"LineString","coordinates":[[-72.07888,-36.60292],[-72.07921,-36.60335],[-72.07956,-36.60368]]}},{"type":"Feature","properties":{"nombre":"Avenida Andrés Bello","jerarquia":4},"geometry":{"type":"LineString","coordinates":[[-72.07956,-36.60368],[-72.07963,-36.60375]]}},{"type":"Feature","properties":{"nombre":"Avenida Andrés Bello","jerarquia":4},"geometry":{"type":"LineString","coordinates":[[-72.07963,-36.60375],[-72.08011,-36.60411]]}},{"type":"Feature","properties":{"nombre":"Avenida Andrés Bello","jerarquia":4},"geometry":{"type":"LineString","coordinates":[[-72.08011,-36.60411],[-72.08129,-36.60459]]}},{"type":"Feature","properties":{"nombre":"Avenida Andrés Bello","jerarquia":4},"geometry":{"type":"LineString","coordinates":[[-72.08129,-36.60459],[-72.08143,-36.60463]]}},{"type":"Feature","properties":{"nombre":"Avenida Andrés Bello","jerarquia":4},"geometry":{"type":"LineString","coordinates":[[-72.08143,-36.60463],[-72.08158,-36.60468]]}},{"type":"Feature","properties":{"nombre":"Avenida La Concepción","jerarquia":5},"geometry":{"type":"LineString","coordinates":[[-72.08648,-36.60518],[-72.08684,-36.60603]]}},{"type":"Feature","properties":{"nombre":"Avenida La Concepción","jerarquia":5},"geometry":{"type":"LineString","coordinates":[[-72.08684,-36.60603],[-72.08704,-36.60651],[-72.08698,-36.60669]]}},{"type":"Feature","properties":{"nombre":"Avenida La Concepción","jerarquia":5},"geometry":{"type":"LineString","coordinates":[[-72.086,-36.60399],[-72.08621,-36.60452]]}},{"type":"Feature","properties":{"nombre":"Avenida La Concepción","jerarquia":5},"geometry":{"type":"LineString","coordinates":[[-72.08621,-36.60452],[-72.08637,-36.60491]]}},{"type":"Feature","properties":{"nombre":"Avenida La Concepción","jerarquia":5},"geometry":{"type":"LineString","coordinates":[[-72.08637,-36.60491],[-72.08648,-36.60518]]}},{"type":"Feature","properties":{"nombre":"General Cruz","jerarquia":5},"geometry":{"type":"LineString","coordinates":[[-72.08868,-36.60333],[-72.0882,-36.60345]]}},{"type":"Feature","properties":{"nombre":"General Cruz","jerarquia":5},"geometry":{"type":"LineString","coordinates":[[-72.0882,-36.60345],[-72.08769,-36.60357]]}},{"type":"Feature","properties":{"nombre":"General Cruz","jerarquia":5},"geometry":{"type":"LineString","coordinates":[[-72.08769,-36.60357],[-72.08755,-36.60361]]}},{"type":"Feature","properties":{"nombre":"General Cruz","jerarquia":5},"geometry":{"type":"LineString","coordinates":[[-72.08755,-36.60361],[-72.08706,-36.60373]]}},{"type":"Feature","properties":{"nombre":"General Cruz","jerarquia":5},"geometry":{"type":"LineString","coordinates":[[-72.08706,-36.60373],[-72.08695,-36.60375]]}},{"type":"Feature","properties":{"nombre":"General Cruz","jerarquia":5},"geometry":{"type":"LineString","coordinates":[[-72.08695,-36.60375],[-72.0865,-36.60386]]}},{"type":"Feature","properties":{"nombre":"General Cruz","jerarquia":5},"geometry":{"type":"LineString","coordinates":[[-72.0865,-36.60386],[-72.086,-36.60399]]}},{"type":"Feature","properties":{"nombre":"Yungay","jerarquia":5},"geometry":{"type":"LineString","coordinates":[[-72.09063,-36.60237],[-72.09039,-36.60242]]}},{"type":"Feature","properties":{"nombre":"Avenida Collín","jerarquia":3},"geometry":{"type":"LineString","coordinates":[[-72.09643,-36.61733],[-72.09624,-36.61737]]}},{"type":"Feature","properties":{"nombre":"Avenida Alonso de Ercilla","jerarquia":4},"geometry":{"type":"LineString","coordinates":[[-72.08797,-36.62506],[-72.08855,-36.62503]]}},{"type":"Feature","properties":{"nombre":"Avenida Alonso de Ercilla","jerarquia":4},"geometry":{"type":"LineString","coordinates":[[-72.08855,-36.62503],[-72.0892,-36.62501]]}},{"type":"Feature","properties":{"nombre":"Avenida Alonso de Ercilla","jerarquia":4},"geometry":{"type":"LineString","coordinates":[[-72.0892,-36.62501],[-72.08979,-36.62498],[-72.09014,-36.62501]]}},{"type":"Feature","properties":{"nombre":"Avenida Alonso de Ercilla","jerarquia":4},"geometry":{"type":"LineString","coordinates":[[-72.08318,-36.62542],[-72.08284,-36.62545]]}},{"type":"Feature","properties":{"nombre":"Avenida Alonso de Ercilla","jerarquia":4},"geometry":{"type":"LineString","coordinates":[[-72.07319,-36.62568],[-72.07259,-36.62568]]}},{"type":"Feature","properties":{"nombre":"Avenida Alonso de Ercilla","jerarquia":4},"geometry":{"type":"LineString","coordinates":[[-72.0674,-36.62604],[-72.06718,-36.62609]]}},{"type":"Feature","properties":{"nombre":"Avenida Alonso de Ercilla","jerarquia":4},"geometry":{"type":"LineString","coordinates":[[-72.06718,-36.62609],[-72.06584,-36.62638]]}},{"type":"Feature","properties":{"nombre":"Avenida Alonso de Ercilla","jerarquia":4},"geometry":{"type":"LineString","coordinates":[[-72.06584,-36.62638],[-72.06572,-36.62641]]}},{"type":"Feature","properties":{"nombre":"Avenida Alonso de Ercilla","jerarquia":4},"geometry":{"type":"LineString","coordinates":[[-72.06572,-36.62641],[-72.0644,-36.6267]]}},{"type":"Feature","properties":{"nombre":"Avenida Alonso de Ercilla","jerarquia":4},"geometry":{"type":"LineString","coordinates":[[-72.0644,-36.6267],[-72.06383,-36.62683]]}},{"type":"Feature","properties":{"nombre":"Avenida Alonso de Ercilla","jerarquia":4},"geometry":{"type":"LineString","coordinates":[[-72.06383,-36.62683],[-72.06299,-36.62703]]}},{"type":"Feature","properties":{"nombre":"Avenida Alonso de Ercilla","jerarquia":4},"geometry":{"type":"LineString","coordinates":[[-72.06299,-36.62703],[-72.06276,-36.62708]]}},{"type":"Feature","properties":{"nombre":"Avenida Alonso de Ercilla","jerarquia":4},"geometry":{"type":"LineString","coordinates":[[-72.06276,-36.62708],[-72.05906,-36.62789]]}},{"type":"Feature","properties":{"nombre":"Avenida Alonso de Ercilla","jerarquia":4},"geometry":{"type":"LineString","coordinates":[[-72.05906,-36.62789],[-72.05791,-36.62815]]}},{"type":"Feature","properties":{"nombre":"Avenida Alonso de Ercilla","jerarquia":4},"geometry":{"type":"LineString","coordinates":[[-72.05791,-36.62815],[-72.05788,-36.62815]]}},{"type":"Feature","properties":{"nombre":"Avenida Alonso de Ercilla","jerarquia":4},"geometry":{"type":"LineString","coordinates":[[-72.05788,-36.62815],[-72.0573,-36.62828]]}},{"type":"Feature","properties":{"nombre":"Maipón","jerarquia":5},"geometry":{"type":"LineString","coordinates":[[-72.11292,-36.60777],[-72.11315,-36.60773]]}},{"type":"Feature","properties":{"nombre":"Maipón","jerarquia":5},"geometry":{"type":"LineString","coordinates":[[-72.11315,-36.60773],[-72.11322,-36.60773]]}},{"type":"Feature","properties":{"nombre":"Lazareto","jerarquia":5},"geometry":{"type":"LineString","coordinates":[[-72.11375,-36.60764],[-72.11335,-36.60775]]}},{"type":"Feature","properties":{"nombre":"Lazareto","jerarquia":5},"geometry":{"type":"LineString","coordinates":[[-72.11335,-36.60775],[-72.11326,-36.60783]]}},{"type":"Feature","properties":{"nombre":"Lazareto","jerarquia":5},"geometry":{"type":"LineString","coordinates":[[-72.11322,-36.60773],[-72.11375,-36.60764]]}},{"type":"Feature","properties":{"nombre":"Maipón","jerarquia":5},"geometry":{"type":"LineString","coordinates":[[-72.11266,-36.60779],[-72.11281,-36.60778]]}},{"type":"Feature","properties":{"nombre":"Maipón","jerarquia":5},"geometry":{"type":"LineString","coordinates":[[-72.11281,-36.60778],[-72.11292,-36.60777]]}},{"type":"Feature","properties":{"nombre":"Maipón","jerarquia":5},"geometry":{"type":"LineString","coordinates":[[-72.11266,-36.60779],[-72.11279,-36.60773]]}},{"type":"Feature","properties":{"nombre":"Maipón","jerarquia":5},"geometry":{"type":"LineString","coordinates":[[-72.11279,-36.60773],[-72.11289,-36.6077]]}},{"type":"Feature","properties":{"nombre":"Avenida Brasil","jerarquia":4},"geometry":{"type":"LineString","coordinates":[[-72.11292,-36.60777],[-72.11289,-36.6077]]}},{"type":"Feature","properties":{"nombre":"Avenida Brasil","jerarquia":4},"geometry":{"type":"LineString","coordinates":[[-72.11322,-36.60773],[-72.11326,-36.60783]]}},{"type":"Feature","properties":{"nombre":"Avenida Brasil","jerarquia":4},"geometry":{"type":"LineString","coordinates":[[-72.11326,-36.60783],[-72.11335,-36.60808]]}},{"type":"Feature","properties":{"nombre":"Avenida Brasil","jerarquia":4},"geometry":{"type":"LineString","coordinates":[[-72.11335,-36.60808],[-72.11366,-36.60889]]}},{"type":"Feature","properties":{"nombre":"Avenida Brasil","jerarquia":4},"geometry":{"type":"LineString","coordinates":[[-72.11366,-36.60889],[-72.11413,-36.61013]]}},{"type":"Feature","properties":{"nombre":"Ruta N-545","jerarquia":4},"geometry":{"type":"LineString","coordinates":[[-71.973,-36.64492],[-71.9729,-36.64494]]}},{"type":"Feature","properties":{"nombre":"Ruta N-545","jerarquia":4},"geometry":{"type":"LineString","coordinates":[[-71.9729,-36.64494],[-71.97189,-36.64521]]}},{"type":"Feature","properties":{"nombre":"Ruta N-545","jerarquia":4},"geometry":{"type":"LineString","coordinates":[[-71.97189,-36.64521],[-71.96983,-36.64592]]}},{"type":"Feature","properties":{"nombre":"Ruta N-545","jerarquia":4},"geometry":{"type":"LineString","coordinates":[[-71.96983,-36.64592],[-71.96934,-36.64609]]}},{"type":"Feature","properties":{"nombre":"Ruta N-545","jerarquia":4},"geometry":{"type":"LineString","coordinates":[[-71.96934,-36.64609],[-71.96794,-36.64658],[-71.96706,-36.64679]]}},{"type":"Feature","properties":{"nombre":"Ruta N-545","jerarquia":4},"geometry":{"type":"LineString","coordinates":[[-71.96706,-36.64679],[-71.96698,-36.64681]]}},{"type":"Feature","properties":{"nombre":"Ruta N-545","jerarquia":4},"geometry":{"type":"LineString","coordinates":[[-71.96698,-36.64681],[-71.96694,-36.64683]]}},{"type":"Feature","properties":{"nombre":"Ruta N-545","jerarquia":4},"geometry":{"type":"LineString","coordinates":[[-71.96694,-36.64683],[-71.96292,-36.64792]]}},{"type":"Feature","properties":{"nombre":"Ruta N-545","jerarquia":4},"geometry":{"type":"LineString","coordinates":[[-71.96292,-36.64792],[-71.95928,-36.64893]]}},{"type":"Feature","properties":{"nombre":"Eduardo Parra Sandoval","jerarquia":4},"geometry":{"type":"LineString","coordinates":[[-72.11619,-36.60589],[-72.11553,-36.60614],[-72.1152,-36.60634],[-72.11496,-36.60657]]}},{"type":"Feature","properties":{"nombre":"Camino Parque Lantaño","jerarquia":3},"geometry":{"type":"LineString","coordinates":[[-72.11182,-36.59707],[-72.1123,-36.59694],[-72.11269,-36.59676]]}},{"type":"Feature","properties":{"nombre":"Camino Parque Lantaño","jerarquia":4},"geometry":{"type":"LineString","coordinates":[[-72.11499,-36.59559],[-72.11591,-36.59507]]}},{"type":"Feature","properties":{"nombre":"Camino Parque Lantaño","jerarquia":4},"geometry":{"type":"LineString","coordinates":[[-72.11591,-36.59507],[-72.11635,-36.59482]]}},{"type":"Feature","properties":{"nombre":"Camino Parque Lantaño","jerarquia":4},"geometry":{"type":"LineString","coordinates":[[-72.11635,-36.59482],[-72.11679,-36.59457]]}},{"type":"Feature","properties":{"nombre":"Camino Parque Lantaño","jerarquia":4},"geometry":{"type":"LineString","coordinates":[[-72.11679,-36.59457],[-72.11722,-36.59433]]}},{"type":"Feature","properties":{"nombre":"Camino Parque Lantaño","jerarquia":4},"geometry":{"type":"LineString","coordinates":[[-72.11722,-36.59433],[-72.11766,-36.59408]]}},{"type":"Feature","properties":{"nombre":"Camino Parque Lantaño","jerarquia":4},"geometry":{"type":"LineString","coordinates":[[-72.11766,-36.59408],[-72.1181,-36.59383]]}},{"type":"Feature","properties":{"nombre":"Camino Parque Lantaño","jerarquia":4},"geometry":{"type":"LineString","coordinates":[[-72.1181,-36.59383],[-72.11855,-36.59357]]}},{"type":"Feature","properties":{"nombre":"Camino Parque Lantaño","jerarquia":4},"geometry":{"type":"LineString","coordinates":[[-72.11855,-36.59357],[-72.11858,-36.59356]]}},{"type":"Feature","properties":{"nombre":"Avenida Vicente Méndez","jerarquia":4},"geometry":{"type":"LineString","coordinates":[[-72.09059,-36.60227],[-72.09038,-36.60175]]}},{"type":"Feature","properties":{"nombre":"La Tirana","jerarquia":4},"geometry":{"type":"LineString","coordinates":[[-72.08869,-36.62416],[-72.08891,-36.62433],[-72.08908,-36.62455]]}},{"type":"Feature","properties":{"nombre":"La Tirana","jerarquia":4},"geometry":{"type":"LineString","coordinates":[[-72.08908,-36.62455],[-72.08916,-36.62472],[-72.0892,-36.62501]]}},{"type":"Feature","properties":{"nombre":"La Tirana","jerarquia":4},"geometry":{"type":"LineString","coordinates":[[-72.0892,-36.62501],[-72.08909,-36.62509]]}},{"type":"Feature","properties":{"nombre":"","jerarquia":3},"geometry":{"type":"LineString","coordinates":[[-72.11964,-36.6035],[-72.11959,-36.60353]]}},{"type":"Feature","properties":{"nombre":"","jerarquia":3},"geometry":{"type":"LineString","coordinates":[[-72.11959,-36.60353],[-72.11955,-36.60362]]}},{"type":"Feature","properties":{"nombre":"Avenida Doctor José María Sepúlveda Bustos","jerarquia":5},"geometry":{"type":"LineString","coordinates":[[-72.12266,-36.60392],[-72.12132,-36.60373]]}},{"type":"Feature","properties":{"nombre":"Avenida Doctor José María Sepúlveda Bustos","jerarquia":5},"geometry":{"type":"LineString","coordinates":[[-72.12132,-36.60373],[-72.11964,-36.6035]]}},{"type":"Feature","properties":{"nombre":"Avenida Doctor José María Sepúlveda Bustos","jerarquia":5},"geometry":{"type":"LineString","coordinates":[[-72.11964,-36.6035],[-72.11957,-36.60349]]}},{"type":"Feature","properties":{"nombre":"Avenida Doctor José María Sepúlveda Bustos","jerarquia":5},"geometry":{"type":"LineString","coordinates":[[-72.11957,-36.60349],[-72.11942,-36.60347]]}},{"type":"Feature","properties":{"nombre":"","jerarquia":3},"geometry":{"type":"LineString","coordinates":[[-72.11925,-36.60351],[-72.1193,-36.60347]]}},{"type":"Feature","properties":{"nombre":"","jerarquia":3},"geometry":{"type":"LineString","coordinates":[[-72.1193,-36.60347],[-72.11934,-36.60338]]}},{"type":"Feature","properties":{"nombre":"Avenida Mariscal Ruiz de Gamboa","jerarquia":3},"geometry":{"type":"LineString","coordinates":[[-72.11955,-36.60362],[-72.12062,-36.60479]]}},{"type":"Feature","properties":{"nombre":"Avenida Mariscal Ruiz de Gamboa","jerarquia":3},"geometry":{"type":"LineString","coordinates":[[-72.11934,-36.60338],[-72.11942,-36.60347]]}},{"type":"Feature","properties":{"nombre":"Avenida Doctor José María Sepúlveda Bustos","jerarquia":5},"geometry":{"type":"LineString","coordinates":[[-72.11942,-36.60347],[-72.11931,-36.6035]]}},{"type":"Feature","properties":{"nombre":"Avenida Doctor José María Sepúlveda Bustos","jerarquia":5},"geometry":{"type":"LineString","coordinates":[[-72.11931,-36.6035],[-72.11925,-36.60351]]}},{"type":"Feature","properties":{"nombre":"Avenida Doctor José María Sepúlveda Bustos","jerarquia":5},"geometry":{"type":"LineString","coordinates":[[-72.11925,-36.60351],[-72.11865,-36.60365]]}},{"type":"Feature","properties":{"nombre":"Avenida Doctor José María Sepúlveda Bustos","jerarquia":5},"geometry":{"type":"LineString","coordinates":[[-72.11865,-36.60365],[-72.11715,-36.60402]]}},{"type":"Feature","properties":{"nombre":"Avenida Doctor José María Sepúlveda Bustos","jerarquia":5},"geometry":{"type":"LineString","coordinates":[[-72.11715,-36.60402],[-72.11664,-36.60415]]}},{"type":"Feature","properties":{"nombre":"Avenida Mariscal Ruiz de Gamboa","jerarquia":3},"geometry":{"type":"LineString","coordinates":[[-72.11942,-36.60347],[-72.11955,-36.60362]]}},{"type":"Feature","properties":{"nombre":"","jerarquia":4},"geometry":{"type":"LineString","coordinates":[[-72.12183,-36.60601],[-72.12174,-36.60611]]}},{"type":"Feature","properties":{"nombre":"Avenida Mariscal Ruiz de Gamboa","jerarquia":3},"geometry":{"type":"LineString","coordinates":[[-72.12275,-36.60732],[-72.12284,-36.60745]]}},{"type":"Feature","properties":{"nombre":"Arica","jerarquia":5},"geometry":{"type":"LineString","coordinates":[[-72.12309,-36.60621],[-72.1231,-36.60617]]}},{"type":"Feature","properties":{"nombre":"Arica","jerarquia":5},"geometry":{"type":"LineString","coordinates":[[-72.1231,-36.60617],[-72.12332,-36.60516]]}},{"type":"Feature","properties":{"nombre":"Arica","jerarquia":5},"geometry":{"type":"LineString","coordinates":[[-72.12332,-36.60516],[-72.12354,-36.60423]]}},{"type":"Feature","properties":{"nombre":"Ruta 5 Sur","jerarquia":1},"geometry":{"type":"LineString","coordinates":[[-72.21254,-36.64251],[-72.2186,-36.64663]]}},{"type":"Feature","properties":{"nombre":"","jerarquia":1},"geometry":{"type":"LineString","coordinates":[[-72.10116,-36.58022],[-72.10134,-36.58134],[-72.10159,-36.58194]]}},{"type":"Feature","properties":{"nombre":"","jerarquia":1},"geometry":{"type":"LineString","coordinates":[[-72.10189,-36.58113],[-72.10243,-36.58197]]}},{"type":"Feature","properties":{"nombre":"","jerarquia":5},"geometry":{"type":"LineString","coordinates":[[-72.09961,-36.56367],[-72.09853,-36.5637]]}},{"type":"Feature","properties":{"nombre":"","jerarquia":5},"geometry":{"type":"LineString","coordinates":[[-72.09853,-36.5637],[-72.0962,-36.56391]]}},{"type":"Feature","properties":{"nombre":"Avenida Alonso de Ercilla","jerarquia":5},"geometry":{"type":"LineString","coordinates":[[-72.11034,-36.62307],[-72.1099,-36.62305]]}},{"type":"Feature","properties":{"nombre":"Avenida Alonso de Ercilla","jerarquia":5},"geometry":{"type":"LineString","coordinates":[[-72.1099,-36.62305],[-72.10907,-36.62301]]}},{"type":"Feature","properties":{"nombre":"Avenida Alonso de Ercilla","jerarquia":5},"geometry":{"type":"LineString","coordinates":[[-72.10907,-36.62301],[-72.10899,-36.62301]]}},{"type":"Feature","properties":{"nombre":"Avenida Alonso de Ercilla","jerarquia":5},"geometry":{"type":"LineString","coordinates":[[-72.10899,-36.62301],[-72.10845,-36.62299]]}},{"type":"Feature","properties":{"nombre":"Avenida Alonso de Ercilla","jerarquia":5},"geometry":{"type":"LineString","coordinates":[[-72.10845,-36.62299],[-72.10834,-36.62299]]}},{"type":"Feature","properties":{"nombre":"Avenida Alonso de Ercilla","jerarquia":5},"geometry":{"type":"LineString","coordinates":[[-72.10834,-36.62299],[-72.10745,-36.62297]]}},{"type":"Feature","properties":{"nombre":"Avenida Alonso de Ercilla","jerarquia":5},"geometry":{"type":"LineString","coordinates":[[-72.10745,-36.62297],[-72.10674,-36.62295]]}},{"type":"Feature","properties":{"nombre":"Avenida Alonso de Ercilla","jerarquia":5},"geometry":{"type":"LineString","coordinates":[[-72.10674,-36.62295],[-72.10625,-36.62294]]}},{"type":"Feature","properties":{"nombre":"Huambalí","jerarquia":4},"geometry":{"type":"LineString","coordinates":[[-72.10457,-36.62276],[-72.1046,-36.62233]]}},{"type":"Feature","properties":{"nombre":"Avenida Alonso de Ercilla","jerarquia":4},"geometry":{"type":"LineString","coordinates":[[-72.10457,-36.62276],[-72.10326,-36.62285]]}},{"type":"Feature","properties":{"nombre":"Avenida Alonso de Ercilla","jerarquia":4},"geometry":{"type":"LineString","coordinates":[[-72.10326,-36.62285],[-72.10202,-36.623]]}},{"type":"Feature","properties":{"nombre":"Avenida Alonso de Ercilla","jerarquia":4},"geometry":{"type":"LineString","coordinates":[[-72.10202,-36.623],[-72.1012,-36.62312]]}},{"type":"Feature","properties":{"nombre":"Conde de Maule","jerarquia":5},"geometry":{"type":"LineString","coordinates":[[-72.12459,-36.62836],[-72.12317,-36.62853]]}},{"type":"Feature","properties":{"nombre":"Conde de Maule","jerarquia":5},"geometry":{"type":"LineString","coordinates":[[-72.12317,-36.62853],[-72.12236,-36.62864]]}},{"type":"Feature","properties":{"nombre":"Conde de Maule","jerarquia":5},"geometry":{"type":"LineString","coordinates":[[-72.12236,-36.62864],[-72.12197,-36.62869]]}},{"type":"Feature","properties":{"nombre":"Conde de Maule","jerarquia":5},"geometry":{"type":"LineString","coordinates":[[-72.12197,-36.62869],[-72.12171,-36.62873]]}},{"type":"Feature","properties":{"nombre":"Conde de Maule","jerarquia":5},"geometry":{"type":"LineString","coordinates":[[-72.12171,-36.62873],[-72.12104,-36.62885],[-72.1202,-36.62911]]}},{"type":"Feature","properties":{"nombre":"Conde de Maule","jerarquia":5},"geometry":{"type":"LineString","coordinates":[[-72.1202,-36.62911],[-72.11997,-36.62919]]}},{"type":"Feature","properties":{"nombre":"Conde de Maule","jerarquia":5},"geometry":{"type":"LineString","coordinates":[[-72.11997,-36.62919],[-72.11884,-36.62953]]}},{"type":"Feature","properties":{"nombre":"Conde de Maule","jerarquia":5},"geometry":{"type":"LineString","coordinates":[[-72.11884,-36.62953],[-72.11878,-36.62954]]}},{"type":"Feature","properties":{"nombre":"Camino Parque Lantaño","jerarquia":3},"geometry":{"type":"LineString","coordinates":[[-72.10996,-36.59752],[-72.11016,-36.59747]]}},{"type":"Feature","properties":{"nombre":"Camino Parque Lantaño","jerarquia":3},"geometry":{"type":"LineString","coordinates":[[-72.11016,-36.59747],[-72.11032,-36.59744]]}},{"type":"Feature","properties":{"nombre":"Camino Parque Lantaño","jerarquia":3},"geometry":{"type":"LineString","coordinates":[[-72.11032,-36.59744],[-72.11182,-36.59707]]}},{"type":"Feature","properties":{"nombre":"Avenida Chile","jerarquia":5},"geometry":{"type":"LineString","coordinates":[[-72.10145,-36.62122],[-72.10182,-36.62192]]}},{"type":"Feature","properties":{"nombre":"Real Audiencia","jerarquia":5},"geometry":{"type":"LineString","coordinates":[[-72.12352,-36.61859],[-72.12458,-36.61802]]}},{"type":"Feature","properties":{"nombre":"Real Audiencia","jerarquia":5},"geometry":{"type":"LineString","coordinates":[[-72.12458,-36.61802],[-72.12501,-36.61779]]}},{"type":"Feature","properties":{"nombre":"Real Audiencia","jerarquia":5},"geometry":{"type":"LineString","coordinates":[[-72.12501,-36.61779],[-72.12592,-36.6173]]}},{"type":"Feature","properties":{"nombre":"Real Audiencia","jerarquia":5},"geometry":{"type":"LineString","coordinates":[[-72.12592,-36.6173],[-72.12636,-36.61706]]}},{"type":"Feature","properties":{"nombre":"Real Audiencia","jerarquia":5},"geometry":{"type":"LineString","coordinates":[[-72.12636,-36.61706],[-72.12699,-36.61673]]}},{"type":"Feature","properties":{"nombre":"4 Poniente","jerarquia":5},"geometry":{"type":"LineString","coordinates":[[-72.10512,-36.63031],[-72.10509,-36.63015]]}},{"type":"Feature","properties":{"nombre":"Orozimbo Barboza","jerarquia":5},"geometry":{"type":"LineString","coordinates":[[-72.12465,-36.62245],[-72.12488,-36.62332]]}},{"type":"Feature","properties":{"nombre":"Erasmo Escala","jerarquia":5},"geometry":{"type":"LineString","coordinates":[[-72.12602,-36.6219],[-72.12572,-36.6207]]}},{"type":"Feature","properties":{"nombre":"Avenida Reino de Chile","jerarquia":5},"geometry":{"type":"LineString","coordinates":[[-72.11679,-36.62849],[-72.11666,-36.62861]]}},{"type":"Feature","properties":{"nombre":"Avenida Reino de Chile","jerarquia":5},"geometry":{"type":"LineString","coordinates":[[-72.11666,-36.62861],[-72.1161,-36.6291],[-72.11578,-36.6293],[-72.11419,-36.62974]]}},{"type":"Feature","properties":{"nombre":"Avenida Reino de Chile","jerarquia":5},"geometry":{"type":"LineString","coordinates":[[-72.11122,-36.63136],[-72.11056,-36.63171]]}},{"type":"Feature","properties":{"nombre":"Avenida Reino de Chile","jerarquia":5},"geometry":{"type":"LineString","coordinates":[[-72.11056,-36.63171],[-72.11032,-36.6317]]}},{"type":"Feature","properties":{"nombre":"Avenida Reino de Chile","jerarquia":5},"geometry":{"type":"LineString","coordinates":[[-72.11032,-36.6317],[-72.10942,-36.6315],[-72.10882,-36.63126]]}},{"type":"Feature","properties":{"nombre":"Avenida Reino de Chile","jerarquia":5},"geometry":{"type":"LineString","coordinates":[[-72.10882,-36.63126],[-72.10864,-36.63121]]}},{"type":"Feature","properties":{"nombre":"Ruta 5 Sur","jerarquia":1},"geometry":{"type":"LineString","coordinates":[[-72.09471,-36.55507],[-72.09422,-36.55385]]}},{"type":"Feature","properties":{"nombre":"Ruta 5 Sur","jerarquia":1},"geometry":{"type":"LineString","coordinates":[[-72.08565,-36.53992],[-72.08522,-36.53956]]}},{"type":"Feature","properties":{"nombre":"Calle 6","jerarquia":5},"geometry":{"type":"LineString","coordinates":[[-72.08445,-36.54051],[-72.08399,-36.54011]]}},{"type":"Feature","properties":{"nombre":"Calle 6","jerarquia":5},"geometry":{"type":"LineString","coordinates":[[-72.08399,-36.54011],[-72.08381,-36.53996]]}},{"type":"Feature","properties":{"nombre":"Ruta 5 Sur","jerarquia":1},"geometry":{"type":"LineString","coordinates":[[-72.07481,-36.53076],[-72.07328,-36.52953],[-72.07248,-36.52903],[-72.07094,-36.52818]]}},{"type":"Feature","properties":{"nombre":"Ruta 5 Sur","jerarquia":1},"geometry":{"type":"LineString","coordinates":[[-72.06681,-36.52584],[-72.06514,-36.52485],[-72.06353,-36.52367]]}},{"type":"Feature","properties":{"nombre":"Ruta 5 Sur","jerarquia":1},"geometry":{"type":"LineString","coordinates":[[-72.07344,-36.52948],[-72.07414,-36.53],[-72.07783,-36.53313]]}},{"type":"Feature","properties":{"nombre":"Ruta 5 Sur","jerarquia":1},"geometry":{"type":"LineString","coordinates":[[-72.09554,-36.5564],[-72.09619,-36.55741],[-72.09675,-36.55804],[-72.09754,-36.55867],[-72.09895,-36.55953]]}},{"type":"Feature","properties":{"nombre":"Libertad","jerarquia":5},"geometry":{"type":"LineString","coordinates":[[-72.08381,-36.53996],[-72.08352,-36.54032]]}},{"type":"Feature","properties":{"nombre":"Las Américas","jerarquia":5},"geometry":{"type":"LineString","coordinates":[[-72.0811,-36.53684],[-72.08015,-36.53547]]}},{"type":"Feature","properties":{"nombre":"Ruta N-620","jerarquia":4},"geometry":{"type":"LineString","coordinates":[[-72.19231,-36.59521],[-72.19272,-36.59511]]}},{"type":"Feature","properties":{"nombre":"Ruta N-620","jerarquia":4},"geometry":{"type":"LineString","coordinates":[[-72.19272,-36.59511],[-72.19347,-36.59493]]}},{"type":"Feature","properties":{"nombre":"Ruta N-620","jerarquia":4},"geometry":{"type":"LineString","coordinates":[[-72.19347,-36.59493],[-72.2016,-36.59293],[-72.20201,-36.59275],[-72.20242,-36.5924],[-72.20258,-36.59214],[-72.20278,-36.59157]]}},{"type":"Feature","properties":{"nombre":"Ruta N-620","jerarquia":4},"geometry":{"type":"LineString","coordinates":[[-72.20278,-36.59157],[-72.20589,-36.58195]]}},{"type":"Feature","properties":{"nombre":"Ruta N-620","jerarquia":4},"geometry":{"type":"LineString","coordinates":[[-72.20589,-36.58195],[-72.20692,-36.57878],[-72.20707,-36.57846],[-72.20724,-36.57823],[-72.20777,-36.57788],[-72.21048,-36.57659]]}},{"type":"Feature","properties":{"nombre":"Ruta N-660","jerarquia":5},"geometry":{"type":"LineString","coordinates":[[-72.23846,-36.60677],[-72.23835,-36.60648]]}},{"type":"Feature","properties":{"nombre":"Ruta N-660","jerarquia":5},"geometry":{"type":"LineString","coordinates":[[-72.23835,-36.60648],[-72.23624,-36.60107],[-72.23613,-36.60089]]}},{"type":"Feature","properties":{"nombre":"Ruta N-660","jerarquia":5},"geometry":{"type":"LineString","coordinates":[[-72.23613,-36.60089],[-72.23592,-36.60082],[-72.23351,-36.60064]]}},{"type":"Feature","properties":{"nombre":"Ruta N-660","jerarquia":5},"geometry":{"type":"LineString","coordinates":[[-72.23351,-36.60064],[-72.23219,-36.60051],[-72.23009,-36.59995]]}},{"type":"Feature","properties":{"nombre":"Ruta N-660","jerarquia":5},"geometry":{"type":"LineString","coordinates":[[-72.23009,-36.59995],[-72.22917,-36.59947],[-72.22513,-36.59852]]}},{"type":"Feature","properties":{"nombre":"Ruta N-660","jerarquia":5},"geometry":{"type":"LineString","coordinates":[[-72.22513,-36.59852],[-72.22357,-36.5982],[-72.21735,-36.59824],[-72.21724,-36.59818],[-72.21717,-36.59808],[-72.21717,-36.59768],[-72.21697,-36.5975],[-72.20476,-36.59179]]}},{"type":"Feature","properties":{"nombre":"Ruta N-660","jerarquia":5},"geometry":{"type":"LineString","coordinates":[[-72.20476,-36.59179],[-72.20446,-36.5917],[-72.20278,-36.59157]]}},{"type":"Feature","properties":{"nombre":"","jerarquia":4},"geometry":{"type":"LineString","coordinates":[[-72.16126,-36.60961],[-72.16095,-36.60988]]}},{"type":"Feature","properties":{"nombre":"Los Tilos","jerarquia":5},"geometry":{"type":"LineString","coordinates":[[-72.09228,-36.54669],[-72.09219,-36.54652],[-72.09231,-36.54627]]}},{"type":"Feature","properties":{"nombre":"Los Tilos","jerarquia":5},"geometry":{"type":"LineString","coordinates":[[-72.09231,-36.54627],[-72.09232,-36.54608],[-72.09224,-36.54589]]}},{"type":"Feature","properties":{"nombre":"Los Tilos","jerarquia":5},"geometry":{"type":"LineString","coordinates":[[-72.09224,-36.54589],[-72.09211,-36.54566]]}},{"type":"Feature","properties":{"nombre":"Los Tilos","jerarquia":5},"geometry":{"type":"LineString","coordinates":[[-72.09211,-36.54566],[-72.09165,-36.54489]]}},{"type":"Feature","properties":{"nombre":"Los Tilos","jerarquia":5},"geometry":{"type":"LineString","coordinates":[[-72.09165,-36.54489],[-72.09157,-36.54459]]}},{"type":"Feature","properties":{"nombre":"Ruta N-350","jerarquia":5},"geometry":{"type":"LineString","coordinates":[[-72.10758,-36.4868],[-72.10744,-36.48553],[-72.10714,-36.48395]]}},{"type":"Feature","properties":{"nombre":"Ruta N-350","jerarquia":5},"geometry":{"type":"LineString","coordinates":[[-72.10714,-36.48395],[-72.10704,-36.48334]]}},{"type":"Feature","properties":{"nombre":"Ruta N-350","jerarquia":5},"geometry":{"type":"LineString","coordinates":[[-72.10704,-36.48334],[-72.10609,-36.47815]]}},{"type":"Feature","properties":{"nombre":"Ruta N-350","jerarquia":5},"geometry":{"type":"LineString","coordinates":[[-72.10609,-36.47815],[-72.10567,-36.47597],[-72.10573,-36.47578],[-72.11085,-36.47474],[-72.11101,-36.47461],[-72.11162,-36.47342]]}},{"type":"Feature","properties":{"nombre":"Ruta N-350","jerarquia":5},"geometry":{"type":"LineString","coordinates":[[-72.1076,-36.48712],[-72.10758,-36.4868]]}},{"type":"Feature","properties":{"nombre":"Ruta N-350","jerarquia":5},"geometry":{"type":"LineString","coordinates":[[-72.11171,-36.47324],[-72.11241,-36.47174],[-72.11271,-36.47145],[-72.1135,-36.47089],[-72.11361,-36.47076],[-72.11363,-36.47059],[-72.11326,-36.46905],[-72.11329,-36.4689],[-72.11339,-36.46882],[-72.11553,-36.46811]]}},{"type":"Feature","properties":{"nombre":"Ruta N-350","jerarquia":5},"geometry":{"type":"LineString","coordinates":[[-72.11162,-36.47342],[-72.11171,-36.47324]]}},{"type":"Feature","properties":{"nombre":"Ruta N-45","jerarquia":4},"geometry":{"type":"LineString","coordinates":[[-71.95893,-36.54484],[-71.96623,-36.54508],[-71.96743,-36.5453],[-71.96775,-36.54544],[-71.96858,-36.54595],[-71.97073,-36.54792],[-71.97577,-36.55275]]}},{"type":"Feature","properties":{"nombre":"Ruta N-45","jerarquia":4},"geometry":{"type":"LineString","coordinates":[[-71.97577,-36.55275],[-71.97606,-36.55296],[-71.97662,-36.55323],[-71.977,-36.55338],[-71.97767,-36.55352]]}},{"type":"Feature","properties":{"nombre":"Ruta N-45","jerarquia":4},"geometry":{"type":"LineString","coordinates":[[-71.97767,-36.55352],[-71.97781,-36.55353]]}},{"type":"Feature","properties":{"nombre":"Ruta N-45","jerarquia":4},"geometry":{"type":"LineString","coordinates":[[-71.97781,-36.55353],[-71.97828,-36.55357],[-71.99511,-36.55358]]}},{"type":"Feature","properties":{"nombre":"Ruta N-45","jerarquia":4},"geometry":{"type":"LineString","coordinates":[[-71.99511,-36.55358],[-71.99721,-36.55355],[-72.00167,-36.55286]]}},{"type":"Feature","properties":{"nombre":"Ruta N-45","jerarquia":4},"geometry":{"type":"LineString","coordinates":[[-72.00167,-36.55286],[-72.00332,-36.5526]]}},{"type":"Feature","properties":{"nombre":"Ruta N-45","jerarquia":4},"geometry":{"type":"LineString","coordinates":[[-72.00332,-36.5526],[-72.00489,-36.55236]]}},{"type":"Feature","properties":{"nombre":"Ruta N-45","jerarquia":4},"geometry":{"type":"LineString","coordinates":[[-72.00489,-36.55236],[-72.00696,-36.55203]]}},{"type":"Feature","properties":{"nombre":"Ruta N-45","jerarquia":4},"geometry":{"type":"LineString","coordinates":[[-72.00696,-36.55203],[-72.01004,-36.55155]]}},{"type":"Feature","properties":{"nombre":"Ruta N-45","jerarquia":4},"geometry":{"type":"LineString","coordinates":[[-72.01004,-36.55155],[-72.01156,-36.55132]]}},{"type":"Feature","properties":{"nombre":"Ruta N-45","jerarquia":4},"geometry":{"type":"LineString","coordinates":[[-72.01156,-36.55132],[-72.01474,-36.55082]]}},{"type":"Feature","properties":{"nombre":"Ruta N-45","jerarquia":4},"geometry":{"type":"LineString","coordinates":[[-72.01474,-36.55082],[-72.01497,-36.55079]]}},{"type":"Feature","properties":{"nombre":"Ruta N-45","jerarquia":4},"geometry":{"type":"LineString","coordinates":[[-72.01497,-36.55079],[-72.02023,-36.54996]]}},{"type":"Feature","properties":{"nombre":"Ruta N-45","jerarquia":4},"geometry":{"type":"LineString","coordinates":[[-72.02023,-36.54996],[-72.02474,-36.54927],[-72.02528,-36.54921],[-72.0267,-36.54923]]}},{"type":"Feature","properties":{"nombre":"Ruta N-45","jerarquia":4},"geometry":{"type":"LineString","coordinates":[[-72.0267,-36.54923],[-72.03545,-36.55001]]}},{"type":"Feature","properties":{"nombre":"Ruta N-45","jerarquia":4},"geometry":{"type":"LineString","coordinates":[[-72.03545,-36.55001],[-72.03593,-36.55012],[-72.03635,-36.55028],[-72.03745,-36.55093],[-72.04027,-36.55342]]}},{"type":"Feature","properties":{"nombre":"Ruta N-45","jerarquia":4},"geometry":{"type":"LineString","coordinates":[[-72.04027,-36.55342],[-72.04299,-36.55581]]}},{"type":"Feature","properties":{"nombre":"Ruta N-45","jerarquia":4},"geometry":{"type":"LineString","coordinates":[[-72.04299,-36.55581],[-72.04351,-36.55627]]}},{"type":"Feature","properties":{"nombre":"Ruta N-45","jerarquia":4},"geometry":{"type":"LineString","coordinates":[[-72.04351,-36.55627],[-72.04418,-36.55683]]}},{"type":"Feature","properties":{"nombre":"Ruta N-49","jerarquia":4},"geometry":{"type":"LineString","coordinates":[[-72.02896,-36.59029],[-72.03136,-36.59018]]}},{"type":"Feature","properties":{"nombre":"Ruta N-49","jerarquia":4},"geometry":{"type":"LineString","coordinates":[[-72.03136,-36.59018],[-72.03683,-36.58987],[-72.03802,-36.5897]]}},{"type":"Feature","properties":{"nombre":"Ruta N-49","jerarquia":4},"geometry":{"type":"LineString","coordinates":[[-72.03802,-36.5897],[-72.03905,-36.58948]]}},{"type":"Feature","properties":{"nombre":"Ruta N-49","jerarquia":4},"geometry":{"type":"LineString","coordinates":[[-72.03905,-36.58948],[-72.04376,-36.58847]]}},{"type":"Feature","properties":{"nombre":"Ruta N-49","jerarquia":4},"geometry":{"type":"LineString","coordinates":[[-72.04376,-36.58847],[-72.04386,-36.58845]]}},{"type":"Feature","properties":{"nombre":"Ruta N-49","jerarquia":4},"geometry":{"type":"LineString","coordinates":[[-72.04386,-36.58845],[-72.04466,-36.58841],[-72.05189,-36.58857]]}},{"type":"Feature","properties":{"nombre":"Ruta N-55","jerarquia":4},"geometry":{"type":"LineString","coordinates":[[-71.94451,-36.67431],[-71.9427,-36.67515]]}},{"type":"Feature","properties":{"nombre":"Ruta N-55","jerarquia":4},"geometry":{"type":"LineString","coordinates":[[-71.96803,-36.66491],[-71.96622,-36.66563]]}},{"type":"Feature","properties":{"nombre":"Ruta N-55","jerarquia":4},"geometry":{"type":"LineString","coordinates":[[-71.96622,-36.66563],[-71.96253,-36.66709]]}},{"type":"Feature","properties":{"nombre":"Ruta N-55","jerarquia":4},"geometry":{"type":"LineString","coordinates":[[-71.96253,-36.66709],[-71.9613,-36.6676]]}},{"type":"Feature","properties":{"nombre":"Ruta N-55","jerarquia":4},"geometry":{"type":"LineString","coordinates":[[-71.9613,-36.6676],[-71.95598,-36.66973]]}},{"type":"Feature","properties":{"nombre":"Ruta N-55","jerarquia":4},"geometry":{"type":"LineString","coordinates":[[-71.95598,-36.66973],[-71.95573,-36.66983]]}},{"type":"Feature","properties":{"nombre":"Ruta N-55","jerarquia":4},"geometry":{"type":"LineString","coordinates":[[-71.95573,-36.66983],[-71.95462,-36.67027]]}},{"type":"Feature","properties":{"nombre":"Ruta N-55","jerarquia":4},"geometry":{"type":"LineString","coordinates":[[-71.95462,-36.67027],[-71.95232,-36.67121]]}},{"type":"Feature","properties":{"nombre":"Ruta N-55","jerarquia":4},"geometry":{"type":"LineString","coordinates":[[-71.95232,-36.67121],[-71.94812,-36.67288]]}},{"type":"Feature","properties":{"nombre":"Ruta N-55","jerarquia":4},"geometry":{"type":"LineString","coordinates":[[-71.94812,-36.67288],[-71.94451,-36.67431]]}},{"type":"Feature","properties":{"nombre":"Ruta N-342","jerarquia":5},"geometry":{"type":"LineString","coordinates":[[-72.07817,-36.52147],[-72.07649,-36.51864]]}},{"type":"Feature","properties":{"nombre":"Ruta N-342","jerarquia":5},"geometry":{"type":"LineString","coordinates":[[-72.07649,-36.51864],[-72.07332,-36.51324],[-72.07325,-36.51287]]}},{"type":"Feature","properties":{"nombre":"Ruta N-342","jerarquia":5},"geometry":{"type":"LineString","coordinates":[[-72.07325,-36.51287],[-72.07326,-36.51274]]}},{"type":"Feature","properties":{"nombre":"Ruta N-50","jerarquia":3},"geometry":{"type":"LineString","coordinates":[[-72.0731,-36.52394],[-72.07317,-36.52389]]}},{"type":"Feature","properties":{"nombre":"Ruta N-50","jerarquia":3},"geometry":{"type":"LineString","coordinates":[[-72.07317,-36.52389],[-72.07436,-36.52304],[-72.07582,-36.52226]]}},{"type":"Feature","properties":{"nombre":"Ruta N-50","jerarquia":3},"geometry":{"type":"LineString","coordinates":[[-72.07582,-36.52226],[-72.07675,-36.52188],[-72.07817,-36.52147]]}},{"type":"Feature","properties":{"nombre":"Rosauro Acuña","jerarquia":4},"geometry":{"type":"LineString","coordinates":[[-72.10854,-36.62036],[-72.10824,-36.62029]]}},{"type":"Feature","properties":{"nombre":"Rosauro Acuña","jerarquia":4},"geometry":{"type":"LineString","coordinates":[[-72.10824,-36.62029],[-72.10806,-36.62026]]}},{"type":"Feature","properties":{"nombre":"Rosauro Acuña","jerarquia":4},"geometry":{"type":"LineString","coordinates":[[-72.10806,-36.62026],[-72.10787,-36.62026]]}},{"type":"Feature","properties":{"nombre":"Los Espinos","jerarquia":5},"geometry":{"type":"LineString","coordinates":[[-72.10372,-36.62993],[-72.10367,-36.62969]]}},{"type":"Feature","properties":{"nombre":"Los Espinos","jerarquia":5},"geometry":{"type":"LineString","coordinates":[[-72.10367,-36.62969],[-72.10364,-36.62954]]}},{"type":"Feature","properties":{"nombre":"Los Espinos","jerarquia":5},"geometry":{"type":"LineString","coordinates":[[-72.10364,-36.62954],[-72.10362,-36.62944]]}},{"type":"Feature","properties":{"nombre":"Los Espinos","jerarquia":5},"geometry":{"type":"LineString","coordinates":[[-72.10362,-36.62944],[-72.10358,-36.62926]]}},{"type":"Feature","properties":{"nombre":"Los Espinos","jerarquia":5},"geometry":{"type":"LineString","coordinates":[[-72.10358,-36.62926],[-72.10356,-36.62919]]}},{"type":"Feature","properties":{"nombre":"Los Espinos","jerarquia":5},"geometry":{"type":"LineString","coordinates":[[-72.10356,-36.62919],[-72.10351,-36.62897]]}},{"type":"Feature","properties":{"nombre":"Los Espinos","jerarquia":5},"geometry":{"type":"LineString","coordinates":[[-72.10351,-36.62897],[-72.1035,-36.62893]]}},{"type":"Feature","properties":{"nombre":"Harry Barnes","jerarquia":5},"geometry":{"type":"LineString","coordinates":[[-72.12113,-36.62509],[-72.1203,-36.62446]]}},{"type":"Feature","properties":{"nombre":"Los Espinos","jerarquia":5},"geometry":{"type":"LineString","coordinates":[[-72.1035,-36.62893],[-72.10346,-36.62869]]}},{"type":"Feature","properties":{"nombre":"Los Espinos","jerarquia":5},"geometry":{"type":"LineString","coordinates":[[-72.10346,-36.62869],[-72.10344,-36.62864]]}},{"type":"Feature","properties":{"nombre":"Los Espinos","jerarquia":5},"geometry":{"type":"LineString","coordinates":[[-72.10344,-36.62864],[-72.1034,-36.62841]]}},{"type":"Feature","properties":{"nombre":"Los Espinos","jerarquia":5},"geometry":{"type":"LineString","coordinates":[[-72.1034,-36.62841],[-72.10339,-36.62837]]}},{"type":"Feature","properties":{"nombre":"Los Espinos","jerarquia":5},"geometry":{"type":"LineString","coordinates":[[-72.10339,-36.62837],[-72.10334,-36.62812]]}},{"type":"Feature","properties":{"nombre":"Los Espinos","jerarquia":5},"geometry":{"type":"LineString","coordinates":[[-72.10334,-36.62812],[-72.10333,-36.6281]]}},{"type":"Feature","properties":{"nombre":"Los Espinos","jerarquia":5},"geometry":{"type":"LineString","coordinates":[[-72.10333,-36.6281],[-72.10328,-36.62784]]}},{"type":"Feature","properties":{"nombre":"Los Espinos","jerarquia":5},"geometry":{"type":"LineString","coordinates":[[-72.10328,-36.62784],[-72.10325,-36.62769]]}},{"type":"Feature","properties":{"nombre":"Palermo","jerarquia":5},"geometry":{"type":"LineString","coordinates":[[-72.11278,-36.62616],[-72.11275,-36.62611]]}},{"type":"Feature","properties":{"nombre":"Palermo","jerarquia":5},"geometry":{"type":"LineString","coordinates":[[-72.11275,-36.62611],[-72.11244,-36.62561]]}},{"type":"Feature","properties":{"nombre":"Palermo","jerarquia":5},"geometry":{"type":"LineString","coordinates":[[-72.11244,-36.62561],[-72.11223,-36.62522]]}},{"type":"Feature","properties":{"nombre":"Palermo","jerarquia":5},"geometry":{"type":"LineString","coordinates":[[-72.11223,-36.62522],[-72.11219,-36.62516]]}},{"type":"Feature","properties":{"nombre":"Palermo","jerarquia":5},"geometry":{"type":"LineString","coordinates":[[-72.11219,-36.62516],[-72.11201,-36.62482]]}},{"type":"Feature","properties":{"nombre":"Palermo","jerarquia":5},"geometry":{"type":"LineString","coordinates":[[-72.11201,-36.62482],[-72.11181,-36.62446]]}},{"type":"Feature","properties":{"nombre":"Palermo","jerarquia":5},"geometry":{"type":"LineString","coordinates":[[-72.11181,-36.62446],[-72.11179,-36.62441]]}},{"type":"Feature","properties":{"nombre":"Palermo","jerarquia":5},"geometry":{"type":"LineString","coordinates":[[-72.11179,-36.62441],[-72.11163,-36.62411]]}},{"type":"Feature","properties":{"nombre":"Palermo","jerarquia":5},"geometry":{"type":"LineString","coordinates":[[-72.11163,-36.62411],[-72.11158,-36.62402]]}},{"type":"Feature","properties":{"nombre":"Palermo","jerarquia":5},"geometry":{"type":"LineString","coordinates":[[-72.11158,-36.62402],[-72.11154,-36.62374]]}},{"type":"Feature","properties":{"nombre":"Palermo","jerarquia":5},"geometry":{"type":"LineString","coordinates":[[-72.11154,-36.62374],[-72.11154,-36.62363]]}},{"type":"Feature","properties":{"nombre":"Palermo","jerarquia":5},"geometry":{"type":"LineString","coordinates":[[-72.11154,-36.62363],[-72.11154,-36.62312]]}},{"type":"Feature","properties":{"nombre":"Las Canoas","jerarquia":5},"geometry":{"type":"LineString","coordinates":[[-72.11631,-36.6263],[-72.1164,-36.62664]]}},{"type":"Feature","properties":{"nombre":"Las Canoas","jerarquia":5},"geometry":{"type":"LineString","coordinates":[[-72.1164,-36.62664],[-72.11666,-36.62705]]}},{"type":"Feature","properties":{"nombre":"Huambalí","jerarquia":5},"geometry":{"type":"LineString","coordinates":[[-72.10683,-36.62847],[-72.10675,-36.6279]]}},{"type":"Feature","properties":{"nombre":"Huambalí","jerarquia":5},"geometry":{"type":"LineString","coordinates":[[-72.10675,-36.6279],[-72.1067,-36.62764]]}},{"type":"Feature","properties":{"nombre":"Huambalí","jerarquia":5},"geometry":{"type":"LineString","coordinates":[[-72.1067,-36.62764],[-72.10665,-36.62737]]}},{"type":"Feature","properties":{"nombre":"Rosauro Acuña","jerarquia":4},"geometry":{"type":"LineString","coordinates":[[-72.11561,-36.62106],[-72.1151,-36.62108]]}},{"type":"Feature","properties":{"nombre":"Rosauro Acuña","jerarquia":4},"geometry":{"type":"LineString","coordinates":[[-72.1151,-36.62108],[-72.11402,-36.62102]]}},{"type":"Feature","properties":{"nombre":"Rosauro Acuña","jerarquia":4},"geometry":{"type":"LineString","coordinates":[[-72.11402,-36.62102],[-72.11387,-36.62101]]}},{"type":"Feature","properties":{"nombre":"Rosauro Acuña","jerarquia":4},"geometry":{"type":"LineString","coordinates":[[-72.11387,-36.62101],[-72.11339,-36.62098]]}},{"type":"Feature","properties":{"nombre":"20 de Agosto","jerarquia":5},"geometry":{"type":"LineString","coordinates":[[-72.13088,-36.61641],[-72.13117,-36.61745]]}},{"type":"Feature","properties":{"nombre":"20 de Agosto","jerarquia":5},"geometry":{"type":"LineString","coordinates":[[-72.13086,-36.61635],[-72.13088,-36.61641]]}},{"type":"Feature","properties":{"nombre":"20 de Agosto","jerarquia":5},"geometry":{"type":"LineString","coordinates":[[-72.13205,-36.62105],[-72.13203,-36.62099]]}},{"type":"Feature","properties":{"nombre":"20 de Agosto","jerarquia":5},"geometry":{"type":"LineString","coordinates":[[-72.13203,-36.62099],[-72.13189,-36.62042]]}},{"type":"Feature","properties":{"nombre":"20 de Agosto","jerarquia":5},"geometry":{"type":"LineString","coordinates":[[-72.13189,-36.62042],[-72.13174,-36.61984]]}},{"type":"Feature","properties":{"nombre":"","jerarquia":5},"geometry":{"type":"LineString","coordinates":[[-72.02028,-36.48472],[-72.01971,-36.48475]]}},{"type":"Feature","properties":{"nombre":"Ruta N-366","jerarquia":5},"geometry":{"type":"LineString","coordinates":[[-72.03764,-36.49403],[-72.03799,-36.49581],[-72.03806,-36.49589],[-72.03821,-36.49593],[-72.04093,-36.4961],[-72.04688,-36.49737]]}},{"type":"Feature","properties":{"nombre":"Ruta N-366","jerarquia":5},"geometry":{"type":"LineString","coordinates":[[-72.04688,-36.49737],[-72.04702,-36.49741]]}},{"type":"Feature","properties":{"nombre":"Ruta N-366","jerarquia":5},"geometry":{"type":"LineString","coordinates":[[-72.04702,-36.49741],[-72.04913,-36.49793]]}},{"type":"Feature","properties":{"nombre":"Ruta N-366","jerarquia":5},"geometry":{"type":"LineString","coordinates":[[-72.04913,-36.49793],[-72.05105,-36.49748]]}},{"type":"Feature","properties":{"nombre":"Ruta N-366","jerarquia":5},"geometry":{"type":"LineString","coordinates":[[-72.05105,-36.49748],[-72.05533,-36.498]]}},{"type":"Feature","properties":{"nombre":"Ruta N-366","jerarquia":5},"geometry":{"type":"LineString","coordinates":[[-72.05533,-36.498],[-72.05583,-36.49805]]}},{"type":"Feature","properties":{"nombre":"Ruta N-366","jerarquia":5},"geometry":{"type":"LineString","coordinates":[[-72.05583,-36.49805],[-72.06368,-36.49896]]}},{"type":"Feature","properties":{"nombre":"Santa Rita","jerarquia":5},"geometry":{"type":"LineString","coordinates":[[-72.12623,-36.63468],[-72.12619,-36.6349],[-72.12631,-36.63526],[-72.12629,-36.63536]]}},{"type":"Feature","properties":{"nombre":"San Ignacio","jerarquia":5},"geometry":{"type":"LineString","coordinates":[[-72.12483,-36.63569],[-72.12479,-36.63574]]}},{"type":"Feature","properties":{"nombre":"San Ignacio","jerarquia":5},"geometry":{"type":"LineString","coordinates":[[-72.12479,-36.63574],[-72.12477,-36.63577]]}},{"type":"Feature","properties":{"nombre":"San Ignacio","jerarquia":5},"geometry":{"type":"LineString","coordinates":[[-72.12477,-36.63577],[-72.12443,-36.63622]]}},{"type":"Feature","properties":{"nombre":"San Ignacio","jerarquia":5},"geometry":{"type":"LineString","coordinates":[[-72.12443,-36.63622],[-72.12429,-36.63641],[-72.12417,-36.63648],[-72.12322,-36.6367],[-72.1224,-36.63697]]}},{"type":"Feature","properties":{"nombre":"San Ignacio","jerarquia":5},"geometry":{"type":"LineString","coordinates":[[-72.1224,-36.63697],[-72.12185,-36.63709],[-72.12155,-36.63743]]}},{"type":"Feature","properties":{"nombre":"Avenida Reino de Chile","jerarquia":5},"geometry":{"type":"LineString","coordinates":[[-72.10372,-36.62993],[-72.1038,-36.62996]]}},{"type":"Feature","properties":{"nombre":"Avenida Reino de Chile","jerarquia":5},"geometry":{"type":"LineString","coordinates":[[-72.1038,-36.62996],[-72.10422,-36.63013],[-72.10512,-36.63031]]}},{"type":"Feature","properties":{"nombre":"Avenida Rucapequén","jerarquia":5},"geometry":{"type":"LineString","coordinates":[[-72.27685,-36.67118],[-72.27692,-36.67115]]}},{"type":"Feature","properties":{"nombre":"Avenida Rucapequén","jerarquia":5},"geometry":{"type":"LineString","coordinates":[[-72.27692,-36.67115],[-72.27709,-36.67116],[-72.27745,-36.67137]]}},{"type":"Feature","properties":{"nombre":"Avenida Rucapequén","jerarquia":5},"geometry":{"type":"LineString","coordinates":[[-72.27745,-36.67137],[-72.27892,-36.67219]]}},{"type":"Feature","properties":{"nombre":"Avenida Rucapequén","jerarquia":5},"geometry":{"type":"LineString","coordinates":[[-72.27892,-36.67219],[-72.27986,-36.67272]]}},{"type":"Feature","properties":{"nombre":"Avenida Rucapequén","jerarquia":5},"geometry":{"type":"LineString","coordinates":[[-72.27986,-36.67272],[-72.28049,-36.67286]]}},{"type":"Feature","properties":{"nombre":"Avenida Rucapequén","jerarquia":5},"geometry":{"type":"LineString","coordinates":[[-72.28049,-36.67286],[-72.28238,-36.67326]]}},{"type":"Feature","properties":{"nombre":"Avenida Rucapequén","jerarquia":5},"geometry":{"type":"LineString","coordinates":[[-72.28238,-36.67326],[-72.28503,-36.67378],[-72.2864,-36.67397]]}},{"type":"Feature","properties":{"nombre":"Ruta N-520","jerarquia":5},"geometry":{"type":"LineString","coordinates":[[-72.31957,-36.50569],[-72.319,-36.50623],[-72.31796,-36.50695],[-72.31748,-36.50713],[-72.31731,-36.50727],[-72.31606,-36.51075]]}},{"type":"Feature","properties":{"nombre":"Ruta N-520","jerarquia":5},"geometry":{"type":"LineString","coordinates":[[-72.31606,-36.51075],[-72.31579,-36.51151]]}},{"type":"Feature","properties":{"nombre":"Ruta N-520","jerarquia":5},"geometry":{"type":"LineString","coordinates":[[-72.31579,-36.51151],[-72.31555,-36.51218],[-72.31423,-36.51353],[-72.31414,-36.51369]]}},{"type":"Feature","properties":{"nombre":"Ruta N-520","jerarquia":5},"geometry":{"type":"LineString","coordinates":[[-72.31414,-36.51369],[-72.31544,-36.51968],[-72.31546,-36.51997],[-72.31524,-36.52062],[-72.31338,-36.5236],[-72.3133,-36.52382]]}},{"type":"Feature","properties":{"nombre":"Ruta N-520","jerarquia":5},"geometry":{"type":"LineString","coordinates":[[-72.3133,-36.52382],[-72.31341,-36.52451],[-72.31329,-36.52476],[-72.31143,-36.52563],[-72.3113,-36.52573],[-72.31124,-36.52591],[-72.31093,-36.52831]]}},{"type":"Feature","properties":{"nombre":"Avenida Los Puelches","jerarquia":4},"geometry":{"type":"LineString","coordinates":[[-72.08284,-36.61225],[-72.08302,-36.61253],[-72.08331,-36.61278]]}},{"type":"Feature","properties":{"nombre":"Avenida Los Puelches","jerarquia":4},"geometry":{"type":"LineString","coordinates":[[-72.08331,-36.61278],[-72.08342,-36.61287]]}},{"type":"Feature","properties":{"nombre":"Avenida Los Puelches","jerarquia":4},"geometry":{"type":"LineString","coordinates":[[-72.08342,-36.61287],[-72.08369,-36.6131]]}},{"type":"Feature","properties":{"nombre":"Avenida Los Puelches","jerarquia":4},"geometry":{"type":"LineString","coordinates":[[-72.08369,-36.6131],[-72.08374,-36.61317]]}},{"type":"Feature","properties":{"nombre":"Avenida Los Puelches","jerarquia":4},"geometry":{"type":"LineString","coordinates":[[-72.08374,-36.61317],[-72.0839,-36.61353]]}},{"type":"Feature","properties":{"nombre":"Avenida Los Puelches","jerarquia":4},"geometry":{"type":"LineString","coordinates":[[-72.0839,-36.61353],[-72.08403,-36.61399]]}},{"type":"Feature","properties":{"nombre":"Avenida Los Puelches","jerarquia":4},"geometry":{"type":"LineString","coordinates":[[-72.08403,-36.61399],[-72.08416,-36.61443]]}},{"type":"Feature","properties":{"nombre":"Avenida Los Puelches","jerarquia":4},"geometry":{"type":"LineString","coordinates":[[-72.08416,-36.61443],[-72.0843,-36.61489]]}},{"type":"Feature","properties":{"nombre":"Avenida Los Puelches","jerarquia":4},"geometry":{"type":"LineString","coordinates":[[-72.0843,-36.61489],[-72.08439,-36.61514]]}},{"type":"Feature","properties":{"nombre":"Carrera","jerarquia":5},"geometry":{"type":"LineString","coordinates":[[-72.10869,-36.61429],[-72.10873,-36.61437]]}},{"type":"Feature","properties":{"nombre":"Avenida Nueva Oriente","jerarquia":5},"geometry":{"type":"LineString","coordinates":[[-72.07915,-36.62568],[-72.07843,-36.6236]]}},{"type":"Feature","properties":{"nombre":"Variante Collín","jerarquia":4},"geometry":{"type":"LineString","coordinates":[[-72.09526,-36.61926],[-72.09561,-36.61863]]}},{"type":"Feature","properties":{"nombre":"Variante Collín","jerarquia":4},"geometry":{"type":"LineString","coordinates":[[-72.09561,-36.61863],[-72.09623,-36.61753]]}},{"type":"Feature","properties":{"nombre":"Diagonal Las Termas","jerarquia":4},"geometry":{"type":"LineString","coordinates":[[-72.08418,-36.62974],[-72.08383,-36.63023],[-72.08375,-36.63051]]}},{"type":"Feature","properties":{"nombre":"","jerarquia":1},"geometry":{"type":"LineString","coordinates":[[-72.10241,-36.583],[-72.10301,-36.58344]]}},{"type":"Feature","properties":{"nombre":"","jerarquia":1},"geometry":{"type":"LineString","coordinates":[[-72.10545,-36.5842],[-72.10607,-36.5844]]}},{"type":"Feature","properties":{"nombre":"Avenida Libertador Bernardo O'Higgins","jerarquia":3},"geometry":{"type":"LineString","coordinates":[[-72.10418,-36.59285],[-72.10437,-36.59336]]}},{"type":"Feature","properties":{"nombre":"Avenida Libertador Bernardo O'Higgins","jerarquia":3},"geometry":{"type":"LineString","coordinates":[[-72.10437,-36.59336],[-72.1048,-36.59453]]}},{"type":"Feature","properties":{"nombre":"","jerarquia":4},"geometry":{"type":"LineString","coordinates":[[-72.16047,-36.6098],[-72.16126,-36.60961]]}},{"type":"Feature","properties":{"nombre":"Ruta N-620","jerarquia":4},"geometry":{"type":"LineString","coordinates":[[-72.16134,-36.60994],[-72.16127,-36.60988]]}},{"type":"Feature","properties":{"nombre":"Ruta N-620","jerarquia":4},"geometry":{"type":"LineString","coordinates":[[-72.16127,-36.60988],[-72.16122,-36.60969]]}},{"type":"Feature","properties":{"nombre":"Ruta N-620","jerarquia":4},"geometry":{"type":"LineString","coordinates":[[-72.16122,-36.60969],[-72.16126,-36.60961]]}},{"type":"Feature","properties":{"nombre":"Las Canoas","jerarquia":5},"geometry":{"type":"LineString","coordinates":[[-72.11609,-36.62528],[-72.11606,-36.62498]]}},{"type":"Feature","properties":{"nombre":"Las Canoas","jerarquia":5},"geometry":{"type":"LineString","coordinates":[[-72.11606,-36.62498],[-72.11604,-36.62477]]}},{"type":"Feature","properties":{"nombre":"Las Canoas","jerarquia":5},"geometry":{"type":"LineString","coordinates":[[-72.11604,-36.62477],[-72.11595,-36.62424]]}},{"type":"Feature","properties":{"nombre":"Las Canoas","jerarquia":5},"geometry":{"type":"LineString","coordinates":[[-72.11595,-36.62424],[-72.11584,-36.62382]]}},{"type":"Feature","properties":{"nombre":"Las Canoas","jerarquia":5},"geometry":{"type":"LineString","coordinates":[[-72.11584,-36.62382],[-72.11576,-36.62352]]}},{"type":"Feature","properties":{"nombre":"Las Canoas","jerarquia":5},"geometry":{"type":"LineString","coordinates":[[-72.11576,-36.62352],[-72.11564,-36.62305]]}},{"type":"Feature","properties":{"nombre":"Ruta N-59-Q","jerarquia":3},"geometry":{"type":"LineString","coordinates":[[-72.14492,-36.66642],[-72.14486,-36.66729]]}},{"type":"Feature","properties":{"nombre":"Ruta N-59-Q","jerarquia":3},"geometry":{"type":"LineString","coordinates":[[-72.14486,-36.66729],[-72.14457,-36.66911],[-72.14465,-36.66981],[-72.14489,-36.67025],[-72.14537,-36.67067],[-72.14573,-36.67085],[-72.14629,-36.67102],[-72.14786,-36.6713],[-72.14811,-36.67142],[-72.14825,-36.67162],[-72.14827,-36.6718],[-72.14815,-36.67203],[-72.14629,-36.67328],[-72.14612,-36.67346],[-72.14597,-36.67376],[-72.14594,-36.67408],[-72.14602,-36.67432],[-72.14704,-36.67626]]}},{"type":"Feature","properties":{"nombre":"Monterrico","jerarquia":5},"geometry":{"type":"LineString","coordinates":[[-72.08049,-36.62333],[-72.08029,-36.62316]]}},{"type":"Feature","properties":{"nombre":"Monterrico","jerarquia":5},"geometry":{"type":"LineString","coordinates":[[-72.08029,-36.62316],[-72.07987,-36.62279]]}},{"type":"Feature","properties":{"nombre":"Cerro Aracar","jerarquia":5},"geometry":{"type":"LineString","coordinates":[[-72.07253,-36.61657],[-72.07245,-36.61628]]}},{"type":"Feature","properties":{"nombre":"Cerro Aracar","jerarquia":5},"geometry":{"type":"LineString","coordinates":[[-72.07245,-36.61628],[-72.07229,-36.61577]]}},{"type":"Feature","properties":{"nombre":"Cerro Aracar","jerarquia":5},"geometry":{"type":"LineString","coordinates":[[-72.07229,-36.61577],[-72.07212,-36.61519]]}},{"type":"Feature","properties":{"nombre":"Cerro Aracar","jerarquia":5},"geometry":{"type":"LineString","coordinates":[[-72.07212,-36.61519],[-72.07203,-36.61488]]}},{"type":"Feature","properties":{"nombre":"Cerro Aracar","jerarquia":5},"geometry":{"type":"LineString","coordinates":[[-72.07203,-36.61488],[-72.07193,-36.61456]]}},{"type":"Feature","properties":{"nombre":"Cerro Aracar","jerarquia":5},"geometry":{"type":"LineString","coordinates":[[-72.07193,-36.61456],[-72.07184,-36.61428]]}},{"type":"Feature","properties":{"nombre":"Cerro Aracar","jerarquia":5},"geometry":{"type":"LineString","coordinates":[[-72.07184,-36.61428],[-72.07157,-36.61337]]}},{"type":"Feature","properties":{"nombre":"Cerro Aracar","jerarquia":5},"geometry":{"type":"LineString","coordinates":[[-72.07157,-36.61337],[-72.07148,-36.61306]]}},{"type":"Feature","properties":{"nombre":"Cerro Santa Lucía","jerarquia":5},"geometry":{"type":"LineString","coordinates":[[-72.07253,-36.61657],[-72.07361,-36.61636]]}},{"type":"Feature","properties":{"nombre":"Cerro Santa Lucía","jerarquia":5},"geometry":{"type":"LineString","coordinates":[[-72.07361,-36.61636],[-72.07394,-36.6163]]}},{"type":"Feature","properties":{"nombre":"Cerro Santa Lucía","jerarquia":5},"geometry":{"type":"LineString","coordinates":[[-72.07394,-36.6163],[-72.07426,-36.61624]]}},{"type":"Feature","properties":{"nombre":"Cerro Santa Lucía","jerarquia":5},"geometry":{"type":"LineString","coordinates":[[-72.07426,-36.61624],[-72.07431,-36.61623]]}},{"type":"Feature","properties":{"nombre":"Cerro Santa Lucía","jerarquia":5},"geometry":{"type":"LineString","coordinates":[[-72.07431,-36.61623],[-72.07456,-36.61618]]}},{"type":"Feature","properties":{"nombre":"Cerro Santa Lucía","jerarquia":5},"geometry":{"type":"LineString","coordinates":[[-72.07456,-36.61618],[-72.07483,-36.61613]]}},{"type":"Feature","properties":{"nombre":"Cerro Santa Lucía","jerarquia":5},"geometry":{"type":"LineString","coordinates":[[-72.07483,-36.61613],[-72.07494,-36.61611]]}},{"type":"Feature","properties":{"nombre":"Cerro Santa Lucía","jerarquia":5},"geometry":{"type":"LineString","coordinates":[[-72.07494,-36.61611],[-72.07506,-36.61609]]}},{"type":"Feature","properties":{"nombre":"Cerro Santa Lucía","jerarquia":5},"geometry":{"type":"LineString","coordinates":[[-72.07506,-36.61609],[-72.07529,-36.61604]]}},{"type":"Feature","properties":{"nombre":"Cerro Santa Lucía","jerarquia":5},"geometry":{"type":"LineString","coordinates":[[-72.07529,-36.61604],[-72.07566,-36.61597]]}},{"type":"Feature","properties":{"nombre":"Cerro Santa Lucía","jerarquia":5},"geometry":{"type":"LineString","coordinates":[[-72.07566,-36.61597],[-72.076,-36.61591]]}},{"type":"Feature","properties":{"nombre":"Cerro Santa Lucía","jerarquia":5},"geometry":{"type":"LineString","coordinates":[[-72.076,-36.61591],[-72.07612,-36.61589]]}},{"type":"Feature","properties":{"nombre":"Avenida Libertador Bernardo O'Higgins","jerarquia":3},"geometry":{"type":"LineString","coordinates":[[-72.13826,-36.62197],[-72.1376,-36.62178],[-72.13697,-36.6217]]}},{"type":"Feature","properties":{"nombre":"","jerarquia":3},"geometry":{"type":"LineString","coordinates":[[-72.14339,-36.62383],[-72.14347,-36.62373],[-72.14346,-36.62366]]}},{"type":"Feature","properties":{"nombre":"Serrano","jerarquia":5},"geometry":{"type":"LineString","coordinates":[[-72.13418,-36.62325],[-72.1339,-36.62217]]}},{"type":"Feature","properties":{"nombre":"Serrano","jerarquia":5},"geometry":{"type":"LineString","coordinates":[[-72.1339,-36.62217],[-72.13387,-36.62204]]}},{"type":"Feature","properties":{"nombre":"Serrano","jerarquia":5},"geometry":{"type":"LineString","coordinates":[[-72.13581,-36.62931],[-72.13552,-36.62826]]}},{"type":"Feature","properties":{"nombre":"Serrano","jerarquia":5},"geometry":{"type":"LineString","coordinates":[[-72.13552,-36.62826],[-72.13547,-36.62808]]}},{"type":"Feature","properties":{"nombre":"Serrano","jerarquia":5},"geometry":{"type":"LineString","coordinates":[[-72.13547,-36.62808],[-72.13545,-36.62799]]}},{"type":"Feature","properties":{"nombre":"Serrano","jerarquia":5},"geometry":{"type":"LineString","coordinates":[[-72.13545,-36.62799],[-72.13512,-36.62685]]}},{"type":"Feature","properties":{"nombre":"Avenida Libertador Bernardo O'Higgins","jerarquia":3},"geometry":{"type":"LineString","coordinates":[[-72.14403,-36.62366],[-72.1511,-36.62408]]}},{"type":"Feature","properties":{"nombre":"","jerarquia":3},"geometry":{"type":"LineString","coordinates":[[-72.14403,-36.62373],[-72.14339,-36.62383]]}},{"type":"Feature","properties":{"nombre":"Humberto Rodríguez","jerarquia":5},"geometry":{"type":"LineString","coordinates":[[-72.14096,-36.62287],[-72.14084,-36.62376]]}},{"type":"Feature","properties":{"nombre":"Humberto Rodríguez","jerarquia":5},"geometry":{"type":"LineString","coordinates":[[-72.14084,-36.62376],[-72.14087,-36.62495],[-72.14082,-36.62506]]}},{"type":"Feature","properties":{"nombre":"Avenida Mariscal Ruiz de Gamboa","jerarquia":3},"geometry":{"type":"LineString","coordinates":[[-72.13208,-36.61608],[-72.13129,-36.61625]]}},{"type":"Feature","properties":{"nombre":"","jerarquia":1},"geometry":{"type":"LineString","coordinates":[[-72.16064,-36.62596],[-72.16045,-36.62591]]}},{"type":"Feature","properties":{"nombre":"Camino Boyén","jerarquia":5},"geometry":{"type":"LineString","coordinates":[[-72.06417,-36.641],[-72.06419,-36.64107]]}},{"type":"Feature","properties":{"nombre":"Camino Boyén","jerarquia":5},"geometry":{"type":"LineString","coordinates":[[-72.06419,-36.64107],[-72.06576,-36.64551]]}},{"type":"Feature","properties":{"nombre":"Camino Boyén","jerarquia":5},"geometry":{"type":"LineString","coordinates":[[-72.06576,-36.64551],[-72.06641,-36.64734]]}},{"type":"Feature","properties":{"nombre":"Camino Boyén","jerarquia":5},"geometry":{"type":"LineString","coordinates":[[-72.06641,-36.64734],[-72.06664,-36.64795],[-72.0666,-36.64816],[-72.06462,-36.64974]]}},{"type":"Feature","properties":{"nombre":"Camino Boyén","jerarquia":5},"geometry":{"type":"LineString","coordinates":[[-72.06462,-36.64974],[-72.06249,-36.65143],[-72.06141,-36.65238]]}},{"type":"Feature","properties":{"nombre":"Camino Boyén","jerarquia":5},"geometry":{"type":"LineString","coordinates":[[-72.06141,-36.65238],[-72.0593,-36.65428],[-72.05807,-36.65502],[-72.05711,-36.65548]]}},{"type":"Feature","properties":{"nombre":"Camino Boyén","jerarquia":5},"geometry":{"type":"LineString","coordinates":[[-72.05711,-36.65548],[-72.05549,-36.65616]]}},{"type":"Feature","properties":{"nombre":"Camino Boyén","jerarquia":5},"geometry":{"type":"LineString","coordinates":[[-72.05549,-36.65616],[-72.05036,-36.65832]]}},{"type":"Feature","properties":{"nombre":"Camino Boyén","jerarquia":5},"geometry":{"type":"LineString","coordinates":[[-72.05036,-36.65832],[-72.04947,-36.6587]]}},{"type":"Feature","properties":{"nombre":"Camino Boyén","jerarquia":5},"geometry":{"type":"LineString","coordinates":[[-72.04947,-36.6587],[-72.04618,-36.66001],[-72.04454,-36.66055],[-72.04363,-36.66092]]}},{"type":"Feature","properties":{"nombre":"Camino Boyén","jerarquia":5},"geometry":{"type":"LineString","coordinates":[[-72.04363,-36.66092],[-72.04274,-36.66143],[-72.04226,-36.66157],[-72.0415,-36.6617]]}},{"type":"Feature","properties":{"nombre":"Camino Boyén","jerarquia":5},"geometry":{"type":"LineString","coordinates":[[-72.0415,-36.6617],[-72.04121,-36.66173]]}},{"type":"Feature","properties":{"nombre":"Camino Boyén","jerarquia":5},"geometry":{"type":"LineString","coordinates":[[-72.04121,-36.66173],[-72.04102,-36.66176]]}},{"type":"Feature","properties":{"nombre":"Camino Boyén","jerarquia":5},"geometry":{"type":"LineString","coordinates":[[-72.04102,-36.66176],[-72.04024,-36.66185],[-72.03954,-36.66186]]}},{"type":"Feature","properties":{"nombre":"Camino Boyén","jerarquia":5},"geometry":{"type":"LineString","coordinates":[[-72.03954,-36.66186],[-72.03945,-36.66186]]}},{"type":"Feature","properties":{"nombre":"Camino Boyén","jerarquia":5},"geometry":{"type":"LineString","coordinates":[[-72.03945,-36.66186],[-72.03893,-36.66185]]}},{"type":"Feature","properties":{"nombre":"Camino Boyén","jerarquia":5},"geometry":{"type":"LineString","coordinates":[[-72.03893,-36.66185],[-72.03773,-36.66197]]}},{"type":"Feature","properties":{"nombre":"Camino Boyén","jerarquia":5},"geometry":{"type":"LineString","coordinates":[[-72.03773,-36.66197],[-72.03717,-36.66205]]}},{"type":"Feature","properties":{"nombre":"Camino Boyén","jerarquia":5},"geometry":{"type":"LineString","coordinates":[[-72.03717,-36.66205],[-72.03601,-36.66231],[-72.03335,-36.663]]}},{"type":"Feature","properties":{"nombre":"Camino Boyén","jerarquia":5},"geometry":{"type":"LineString","coordinates":[[-72.03335,-36.663],[-72.02943,-36.66376],[-72.02618,-36.66448]]}},{"type":"Feature","properties":{"nombre":"Camino Boyén","jerarquia":5},"geometry":{"type":"LineString","coordinates":[[-72.02618,-36.66448],[-72.02462,-36.66492]]}},{"type":"Feature","properties":{"nombre":"Camino Boyén","jerarquia":5},"geometry":{"type":"LineString","coordinates":[[-72.02462,-36.66492],[-72.01949,-36.66709]]}},{"type":"Feature","properties":{"nombre":"Camino Boyén","jerarquia":5},"geometry":{"type":"LineString","coordinates":[[-72.01949,-36.66709],[-72.01575,-36.66851]]}},{"type":"Feature","properties":{"nombre":"Camino Boyén","jerarquia":5},"geometry":{"type":"LineString","coordinates":[[-72.01575,-36.66851],[-72.01502,-36.66876]]}},{"type":"Feature","properties":{"nombre":"Camino Boyén","jerarquia":5},"geometry":{"type":"LineString","coordinates":[[-72.01502,-36.66876],[-72.01158,-36.67009],[-72.01103,-36.67032],[-72.01059,-36.67059]]}},{"type":"Feature","properties":{"nombre":"Avenida Las Torres","jerarquia":5},"geometry":{"type":"LineString","coordinates":[[-72.06383,-36.62683],[-72.06381,-36.62673]]}},{"type":"Feature","properties":{"nombre":"Avenida Las Torres","jerarquia":5},"geometry":{"type":"LineString","coordinates":[[-72.06381,-36.62673],[-72.06372,-36.62636]]}},{"type":"Feature","properties":{"nombre":"Avenida Las Torres","jerarquia":5},"geometry":{"type":"LineString","coordinates":[[-72.06372,-36.62636],[-72.06364,-36.62599]]}},{"type":"Feature","properties":{"nombre":"Avenida Las Torres","jerarquia":5},"geometry":{"type":"LineString","coordinates":[[-72.06364,-36.62599],[-72.06349,-36.62537]]}},{"type":"Feature","properties":{"nombre":"","jerarquia":4},"geometry":{"type":"LineString","coordinates":[[-72.10262,-36.60619],[-72.10247,-36.60634],[-72.10244,-36.60648]]}},{"type":"Feature","properties":{"nombre":"","jerarquia":4},"geometry":{"type":"LineString","coordinates":[[-72.10394,-36.60609],[-72.10378,-36.60598],[-72.1036,-36.60595]]}},{"type":"Feature","properties":{"nombre":"","jerarquia":4},"geometry":{"type":"LineString","coordinates":[[-72.10409,-36.60718],[-72.10419,-36.60708],[-72.10425,-36.60691]]}},{"type":"Feature","properties":{"nombre":"La Colonia","jerarquia":5},"geometry":{"type":"LineString","coordinates":[[-72.12387,-36.61348],[-72.12353,-36.61303]]}},{"type":"Feature","properties":{"nombre":"La Colonia","jerarquia":5},"geometry":{"type":"LineString","coordinates":[[-72.12353,-36.61303],[-72.1232,-36.61256]]}},{"type":"Feature","properties":{"nombre":"La Colonia","jerarquia":5},"geometry":{"type":"LineString","coordinates":[[-72.1232,-36.61256],[-72.12275,-36.61194]]}},{"type":"Feature","properties":{"nombre":"La Colonia","jerarquia":5},"geometry":{"type":"LineString","coordinates":[[-72.12275,-36.61194],[-72.1227,-36.61187]]}},{"type":"Feature","properties":{"nombre":"La Colonia","jerarquia":5},"geometry":{"type":"LineString","coordinates":[[-72.1227,-36.61187],[-72.12242,-36.61148]]}},{"type":"Feature","properties":{"nombre":"La Colonia","jerarquia":5},"geometry":{"type":"LineString","coordinates":[[-72.12242,-36.61148],[-72.12236,-36.61139]]}},{"type":"Feature","properties":{"nombre":"La Colonia","jerarquia":5},"geometry":{"type":"LineString","coordinates":[[-72.12236,-36.61139],[-72.12203,-36.61094]]}},{"type":"Feature","properties":{"nombre":"Vuelta de Cordoba","jerarquia":5},"geometry":{"type":"LineString","coordinates":[[-72.17047,-36.60477],[-72.17076,-36.60719]]}},{"type":"Feature","properties":{"nombre":"Vuelta de Cordoba","jerarquia":5},"geometry":{"type":"LineString","coordinates":[[-72.17076,-36.60719],[-72.17088,-36.60818]]}},{"type":"Feature","properties":{"nombre":"Vuelta de Cordoba","jerarquia":5},"geometry":{"type":"LineString","coordinates":[[-72.17088,-36.60818],[-72.17127,-36.61155]]}},{"type":"Feature","properties":{"nombre":"Ruta N-350","jerarquia":5},"geometry":{"type":"LineString","coordinates":[[-72.10185,-36.49947],[-72.1026,-36.49844]]}},{"type":"Feature","properties":{"nombre":"Ruta N-350","jerarquia":5},"geometry":{"type":"LineString","coordinates":[[-72.1026,-36.49844],[-72.10273,-36.49842],[-72.10361,-36.4985]]}},{"type":"Feature","properties":{"nombre":"Ruta N-350","jerarquia":5},"geometry":{"type":"LineString","coordinates":[[-72.10361,-36.4985],[-72.10412,-36.49855]]}},{"type":"Feature","properties":{"nombre":"Ruta N-350","jerarquia":5},"geometry":{"type":"LineString","coordinates":[[-72.10412,-36.49855],[-72.10468,-36.4986]]}},{"type":"Feature","properties":{"nombre":"Ruta N-350","jerarquia":5},"geometry":{"type":"LineString","coordinates":[[-72.10468,-36.4986],[-72.10555,-36.49869]]}},{"type":"Feature","properties":{"nombre":"Ruta N-350","jerarquia":5},"geometry":{"type":"LineString","coordinates":[[-72.10555,-36.49869],[-72.10827,-36.49893],[-72.10841,-36.4989],[-72.10848,-36.49877],[-72.10841,-36.49699]]}},{"type":"Feature","properties":{"nombre":"Ruta N-350","jerarquia":5},"geometry":{"type":"LineString","coordinates":[[-72.10841,-36.49699],[-72.10832,-36.49552]]}},{"type":"Feature","properties":{"nombre":"Ruta N-350","jerarquia":5},"geometry":{"type":"LineString","coordinates":[[-72.10832,-36.49552],[-72.10823,-36.49439]]}},{"type":"Feature","properties":{"nombre":"Ruta N-350","jerarquia":5},"geometry":{"type":"LineString","coordinates":[[-72.10823,-36.49439],[-72.10814,-36.49302]]}},{"type":"Feature","properties":{"nombre":"Ruta N-350","jerarquia":5},"geometry":{"type":"LineString","coordinates":[[-72.10814,-36.49302],[-72.10811,-36.49256]]}},{"type":"Feature","properties":{"nombre":"Ruta N-350","jerarquia":5},"geometry":{"type":"LineString","coordinates":[[-72.10811,-36.49256],[-72.10797,-36.49119]]}},{"type":"Feature","properties":{"nombre":"Ruta N-350","jerarquia":5},"geometry":{"type":"LineString","coordinates":[[-72.10797,-36.49119],[-72.10791,-36.49047]]}},{"type":"Feature","properties":{"nombre":"Ruta N-350","jerarquia":5},"geometry":{"type":"LineString","coordinates":[[-72.10791,-36.49047],[-72.10781,-36.48947]]}},{"type":"Feature","properties":{"nombre":"Ruta N-350","jerarquia":5},"geometry":{"type":"LineString","coordinates":[[-72.10781,-36.48947],[-72.10779,-36.48927]]}},{"type":"Feature","properties":{"nombre":"Ruta N-350","jerarquia":5},"geometry":{"type":"LineString","coordinates":[[-72.10779,-36.48927],[-72.1076,-36.48712]]}},{"type":"Feature","properties":{"nombre":"Ruta 5 Sur","jerarquia":1},"geometry":{"type":"LineString","coordinates":[[-72.2388,-36.66055],[-72.23213,-36.656]]}},{"type":"Feature","properties":{"nombre":"Ruta 5 Sur","jerarquia":1},"geometry":{"type":"LineString","coordinates":[[-72.24491,-36.67001],[-72.24534,-36.67084],[-72.24576,-36.6715],[-72.24971,-36.67657],[-72.25008,-36.67713],[-72.25038,-36.67783],[-72.25243,-36.68469],[-72.25295,-36.6856],[-72.25525,-36.68878]]}},{"type":"Feature","properties":{"nombre":"Ruta 5 Sur","jerarquia":1},"geometry":{"type":"LineString","coordinates":[[-72.2403,-36.66227],[-72.23962,-36.66131],[-72.2388,-36.66055]]}},{"type":"Feature","properties":{"nombre":"Ruta 5 Sur","jerarquia":1},"geometry":{"type":"LineString","coordinates":[[-72.23879,-36.66039],[-72.23932,-36.66081],[-72.23973,-36.66123],[-72.24044,-36.66222]]}},{"type":"Feature","properties":{"nombre":"","jerarquia":1},"geometry":{"type":"LineString","coordinates":[[-72.22106,-36.64953],[-72.2207,-36.64929]]}},{"type":"Feature","properties":{"nombre":"Ruta 5 Sur","jerarquia":1},"geometry":{"type":"LineString","coordinates":[[-72.06293,-36.52308],[-72.06527,-36.52476],[-72.06636,-36.52544],[-72.06779,-36.52625]]}},{"type":"Feature","properties":{"nombre":"Ruta 5 Sur","jerarquia":1},"geometry":{"type":"LineString","coordinates":[[-72.14816,-36.60782],[-72.14262,-36.60382],[-72.13866,-36.60072],[-72.13712,-36.59957],[-72.13547,-36.59849],[-72.13166,-36.59623],[-72.13034,-36.59535],[-72.1289,-36.59421],[-72.12512,-36.59093],[-72.12426,-36.59028],[-72.12315,-36.58955],[-72.12202,-36.58889],[-72.12094,-36.58833],[-72.11971,-36.58778],[-72.11855,-36.58733],[-72.11735,-36.58695],[-72.11597,-36.58657],[-72.11325,-36.586]]}},{"type":"Feature","properties":{"nombre":"Ruta 5 Sur","jerarquia":1},"geometry":{"type":"LineString","coordinates":[[-72.10552,-36.58034],[-72.10587,-36.58154],[-72.10624,-36.58232],[-72.10682,-36.58315],[-72.10762,-36.58393],[-72.10858,-36.58458],[-72.10965,-36.58507],[-72.1104,-36.5853],[-72.11201,-36.58563]]}},{"type":"Feature","properties":{"nombre":"Simón Bolívar","jerarquia":5},"geometry":{"type":"LineString","coordinates":[[-72.12283,-36.60728],[-72.12417,-36.60747]]}},{"type":"Feature","properties":{"nombre":"Avenida Circunvalación","jerarquia":5},"geometry":{"type":"LineString","coordinates":[[-72.07091,-36.62566],[-72.07086,-36.62552]]}},{"type":"Feature","properties":{"nombre":"Avenida Circunvalación","jerarquia":5},"geometry":{"type":"LineString","coordinates":[[-72.07086,-36.62552],[-72.07003,-36.62371]]}},{"type":"Feature","properties":{"nombre":"Avenida Nueva Oriente","jerarquia":5},"geometry":{"type":"LineString","coordinates":[[-72.07661,-36.61754],[-72.07636,-36.6167]]}},{"type":"Feature","properties":{"nombre":"Avenida Nueva Oriente","jerarquia":5},"geometry":{"type":"LineString","coordinates":[[-72.07636,-36.6167],[-72.07612,-36.61589]]}},{"type":"Feature","properties":{"nombre":"Avenida Las Torres","jerarquia":5},"geometry":{"type":"LineString","coordinates":[[-72.06373,-36.62373],[-72.06406,-36.62526]]}},{"type":"Feature","properties":{"nombre":"Avenida Las Torres","jerarquia":5},"geometry":{"type":"LineString","coordinates":[[-72.06406,-36.62526],[-72.06436,-36.6265]]}},{"type":"Feature","properties":{"nombre":"Avenida Las Torres","jerarquia":5},"geometry":{"type":"LineString","coordinates":[[-72.06436,-36.6265],[-72.06438,-36.6266]]}},{"type":"Feature","properties":{"nombre":"Avenida Las Torres","jerarquia":5},"geometry":{"type":"LineString","coordinates":[[-72.06438,-36.6266],[-72.0644,-36.6267]]}},{"type":"Feature","properties":{"nombre":"Estero El Salto","jerarquia":5},"geometry":{"type":"LineString","coordinates":[[-72.06316,-36.62384],[-72.06373,-36.62373]]}},{"type":"Feature","properties":{"nombre":"Estero El Salto","jerarquia":5},"geometry":{"type":"LineString","coordinates":[[-72.06197,-36.62408],[-72.06305,-36.62387]]}},{"type":"Feature","properties":{"nombre":"Estero El Salto","jerarquia":5},"geometry":{"type":"LineString","coordinates":[[-72.06305,-36.62387],[-72.06316,-36.62384]]}},{"type":"Feature","properties":{"nombre":"Florindo Lagos","jerarquia":5},"geometry":{"type":"LineString","coordinates":[[-72.11225,-36.61809],[-72.11189,-36.6182]]}},{"type":"Feature","properties":{"nombre":"Florindo Lagos","jerarquia":5},"geometry":{"type":"LineString","coordinates":[[-72.11189,-36.6182],[-72.11135,-36.61833]]}},{"type":"Feature","properties":{"nombre":"Florindo Lagos","jerarquia":5},"geometry":{"type":"LineString","coordinates":[[-72.11135,-36.61833],[-72.11078,-36.61847]]}},{"type":"Feature","properties":{"nombre":"Florindo Lagos","jerarquia":5},"geometry":{"type":"LineString","coordinates":[[-72.11078,-36.61847],[-72.11067,-36.6185]]}},{"type":"Feature","properties":{"nombre":"","jerarquia":5},"geometry":{"type":"LineString","coordinates":[[-72.10303,-36.58971],[-72.10288,-36.58981]]}},{"type":"Feature","properties":{"nombre":"","jerarquia":4},"geometry":{"type":"LineString","coordinates":[[-72.11259,-36.60687],[-72.11268,-36.6068],[-72.11284,-36.60679]]}},{"type":"Feature","properties":{"nombre":"Ruta N-439","jerarquia":5},"geometry":{"type":"LineString","coordinates":[[-72.06571,-36.57534],[-72.06391,-36.57314]]}},{"type":"Feature","properties":{"nombre":"Ruta N-439","jerarquia":5},"geometry":{"type":"LineString","coordinates":[[-72.06391,-36.57314],[-72.06281,-36.57179]]}},{"type":"Feature","properties":{"nombre":"Ruta N-439","jerarquia":5},"geometry":{"type":"LineString","coordinates":[[-72.06281,-36.57179],[-72.06261,-36.57155]]}},{"type":"Feature","properties":{"nombre":"Ruta N-439","jerarquia":5},"geometry":{"type":"LineString","coordinates":[[-72.06261,-36.57155],[-72.06125,-36.56983]]}},{"type":"Feature","properties":{"nombre":"Camino a Nahueltoro","jerarquia":4},"geometry":{"type":"LineString","coordinates":[[-72.05307,-36.57781],[-72.05344,-36.5789],[-72.05534,-36.58286]]}},{"type":"Feature","properties":{"nombre":"Camino a Nahueltoro","jerarquia":4},"geometry":{"type":"LineString","coordinates":[[-72.05534,-36.58286],[-72.05565,-36.58349]]}},{"type":"Feature","properties":{"nombre":"Camino a Nahueltoro","jerarquia":4},"geometry":{"type":"LineString","coordinates":[[-72.05565,-36.58349],[-72.0559,-36.58404]]}},{"type":"Feature","properties":{"nombre":"Camino a Nahueltoro","jerarquia":4},"geometry":{"type":"LineString","coordinates":[[-72.0559,-36.58404],[-72.05645,-36.58517]]}},{"type":"Feature","properties":{"nombre":"Camino a Nahueltoro","jerarquia":4},"geometry":{"type":"LineString","coordinates":[[-72.05645,-36.58517],[-72.0579,-36.58818]]}},{"type":"Feature","properties":{"nombre":"Ruta N-515","jerarquia":5},"geometry":{"type":"LineString","coordinates":[[-72.06367,-36.60988],[-72.06278,-36.61015]]}},{"type":"Feature","properties":{"nombre":"Ruta N-515","jerarquia":5},"geometry":{"type":"LineString","coordinates":[[-72.06278,-36.61015],[-72.05836,-36.61146]]}},{"type":"Feature","properties":{"nombre":"","jerarquia":1},"geometry":{"type":"LineString","coordinates":[[-72.00526,-36.46976],[-72.00528,-36.46958],[-72.00516,-36.46932]]}},{"type":"Feature","properties":{"nombre":"Ruta N-45","jerarquia":4},"geometry":{"type":"LineString","coordinates":[[-72.05098,-36.57153],[-72.05161,-36.57343]]}},{"type":"Feature","properties":{"nombre":"Ruta N-45","jerarquia":4},"geometry":{"type":"LineString","coordinates":[[-72.05161,-36.57343],[-72.05237,-36.57573]]}},{"type":"Feature","properties":{"nombre":"Ruta N-45","jerarquia":4},"geometry":{"type":"LineString","coordinates":[[-72.05237,-36.57573],[-72.05307,-36.57781]]}},{"type":"Feature","properties":{"nombre":"Ruta 5 Sur","jerarquia":1},"geometry":{"type":"LineString","coordinates":[[-72.21101,-36.64162],[-72.20752,-36.63924],[-72.20698,-36.63892],[-72.20634,-36.63863]]}},{"type":"Feature","properties":{"nombre":"Ruta 5 Sur","jerarquia":1},"geometry":{"type":"LineString","coordinates":[[-72.15514,-36.61549],[-72.15533,-36.61667],[-72.15562,-36.61763],[-72.15602,-36.61852],[-72.15669,-36.61956],[-72.15749,-36.62045],[-72.16236,-36.62502]]}},{"type":"Feature","properties":{"nombre":"Ruta N-595","jerarquia":5},"geometry":{"type":"LineString","coordinates":[[-72.22029,-36.64901],[-72.22005,-36.64889],[-72.21935,-36.64873],[-72.2191,-36.64858],[-72.21897,-36.64844],[-72.21818,-36.64703],[-72.21799,-36.6469],[-72.21744,-36.64673]]}},{"type":"Feature","properties":{"nombre":"Ruta N-595","jerarquia":5},"geometry":{"type":"LineString","coordinates":[[-72.2207,-36.64929],[-72.22029,-36.64901]]}},{"type":"Feature","properties":{"nombre":"","jerarquia":1},"geometry":{"type":"LineString","coordinates":[[-72.19473,-36.63455],[-72.19494,-36.63483]]}},{"type":"Feature","properties":{"nombre":"","jerarquia":5},"geometry":{"type":"LineString","coordinates":[[-72.22623,-36.64893],[-72.22538,-36.64875],[-72.22289,-36.64793]]}},{"type":"Feature","properties":{"nombre":"Ruta 5 Sur","jerarquia":1},"geometry":{"type":"LineString","coordinates":[[-72.0609,-36.52164],[-72.06106,-36.52176]]}},{"type":"Feature","properties":{"nombre":"Ruta 5 Sur","jerarquia":1},"geometry":{"type":"LineString","coordinates":[[-72.039,-36.5061],[-72.0386,-36.50576]]}},{"type":"Feature","properties":{"nombre":"Ruta 5 Sur","jerarquia":1},"geometry":{"type":"LineString","coordinates":[[-72.06144,-36.52202],[-72.06177,-36.52225]]}},{"type":"Feature","properties":{"nombre":"Ruta 5 Sur","jerarquia":1},"geometry":{"type":"LineString","coordinates":[[-72.06097,-36.52185],[-72.06081,-36.52174]]}},{"type":"Feature","properties":{"nombre":"Caletera Ruta 5","jerarquia":5},"geometry":{"type":"LineString","coordinates":[[-72.11502,-36.58593],[-72.1172,-36.58651],[-72.11889,-36.58706],[-72.12059,-36.58775],[-72.12198,-36.58843]]}},{"type":"Feature","properties":{"nombre":"Avenida Libertador Bernardo O'Higgins","jerarquia":3},"geometry":{"type":"LineString","coordinates":[[-72.10531,-36.59591],[-72.1056,-36.5967]]}},{"type":"Feature","properties":{"nombre":"Avenida Libertador Bernardo O'Higgins","jerarquia":3},"geometry":{"type":"LineString","coordinates":[[-72.1056,-36.5967],[-72.10597,-36.59769]]}},{"type":"Feature","properties":{"nombre":"Avenida Libertador Bernardo O'Higgins","jerarquia":3},"geometry":{"type":"LineString","coordinates":[[-72.10346,-36.59139],[-72.10288,-36.58981]]}},{"type":"Feature","properties":{"nombre":"Avenida Libertador Bernardo O'Higgins","jerarquia":3},"geometry":{"type":"LineString","coordinates":[[-72.10288,-36.58981],[-72.10264,-36.58912]]}},{"type":"Feature","properties":{"nombre":"Avenida Libertador Bernardo O'Higgins","jerarquia":3},"geometry":{"type":"LineString","coordinates":[[-72.10264,-36.58912],[-72.10251,-36.58844]]}},{"type":"Feature","properties":{"nombre":"Avenida Libertador Bernardo O'Higgins","jerarquia":3},"geometry":{"type":"LineString","coordinates":[[-72.10251,-36.58844],[-72.10238,-36.58712]]}},{"type":"Feature","properties":{"nombre":"Avenida Libertador Bernardo O'Higgins","jerarquia":3},"geometry":{"type":"LineString","coordinates":[[-72.10238,-36.58712],[-72.10232,-36.58603]]}},{"type":"Feature","properties":{"nombre":"Avenida Libertador Bernardo O'Higgins","jerarquia":3},"geometry":{"type":"LineString","coordinates":[[-72.10706,-36.60083],[-72.10711,-36.60098]]}},{"type":"Feature","properties":{"nombre":"Avenida Libertador Bernardo O'Higgins","jerarquia":3},"geometry":{"type":"LineString","coordinates":[[-72.10711,-36.60098],[-72.10716,-36.60105]]}},{"type":"Feature","properties":{"nombre":"Avenida Libertador Bernardo O'Higgins","jerarquia":3},"geometry":{"type":"LineString","coordinates":[[-72.10706,-36.60108],[-72.10706,-36.60083]]}},{"type":"Feature","properties":{"nombre":"Avenida Libertador Bernardo O'Higgins","jerarquia":3},"geometry":{"type":"LineString","coordinates":[[-72.10706,-36.60083],[-72.10697,-36.60057]]}},{"type":"Feature","properties":{"nombre":"Avenida Libertador Bernardo O'Higgins","jerarquia":3},"geometry":{"type":"LineString","coordinates":[[-72.10697,-36.60057],[-72.10669,-36.59982]]}},{"type":"Feature","properties":{"nombre":"Avenida Libertador Bernardo O'Higgins","jerarquia":3},"geometry":{"type":"LineString","coordinates":[[-72.10631,-36.59894],[-72.1062,-36.59866]]}},{"type":"Feature","properties":{"nombre":"Avenida Libertador Bernardo O'Higgins","jerarquia":3},"geometry":{"type":"LineString","coordinates":[[-72.1062,-36.59866],[-72.10615,-36.59854]]}},{"type":"Feature","properties":{"nombre":"Avenida Libertador Bernardo O'Higgins","jerarquia":3},"geometry":{"type":"LineString","coordinates":[[-72.10628,-36.59851],[-72.10657,-36.59929],[-72.10669,-36.59982]]}},{"type":"Feature","properties":{"nombre":"Avenida Alonso de Ercilla","jerarquia":4},"geometry":{"type":"LineString","coordinates":[[-72.07864,-36.62569],[-72.0785,-36.6257]]}},{"type":"Feature","properties":{"nombre":"Avenida Alonso de Ercilla","jerarquia":4},"geometry":{"type":"LineString","coordinates":[[-72.07915,-36.62568],[-72.07864,-36.62569]]}},{"type":"Feature","properties":{"nombre":"Avenida Los Puelches","jerarquia":4},"geometry":{"type":"LineString","coordinates":[[-72.0866,-36.62201],[-72.08667,-36.62227]]}},{"type":"Feature","properties":{"nombre":"Avenida Los Puelches","jerarquia":4},"geometry":{"type":"LineString","coordinates":[[-72.08667,-36.62227],[-72.08689,-36.62301]]}},{"type":"Feature","properties":{"nombre":"Avenida Los Puelches","jerarquia":4},"geometry":{"type":"LineString","coordinates":[[-72.08689,-36.62301],[-72.08696,-36.62327]]}},{"type":"Feature","properties":{"nombre":"Almirante Latorre","jerarquia":4},"geometry":{"type":"LineString","coordinates":[[-72.09383,-36.62047],[-72.0946,-36.62006],[-72.09497,-36.61972]]}},{"type":"Feature","properties":{"nombre":"Almirante Latorre","jerarquia":4},"geometry":{"type":"LineString","coordinates":[[-72.09497,-36.61972],[-72.09504,-36.61963]]}},{"type":"Feature","properties":{"nombre":"Avenida Argentina","jerarquia":3},"geometry":{"type":"LineString","coordinates":[[-72.0957,-36.61584],[-72.0954,-36.61501]]}},{"type":"Feature","properties":{"nombre":"Avenida Mariscal Ruiz de Gamboa","jerarquia":3},"geometry":{"type":"LineString","coordinates":[[-72.13084,-36.61627],[-72.13148,-36.61613],[-72.13208,-36.61608]]}},{"type":"Feature","properties":{"nombre":"Ángel Parra","jerarquia":5},"geometry":{"type":"LineString","coordinates":[[-72.13212,-36.62727],[-72.1318,-36.62606]]}},{"type":"Feature","properties":{"nombre":"Ángel Parra","jerarquia":5},"geometry":{"type":"LineString","coordinates":[[-72.1318,-36.62606],[-72.13151,-36.62496]]}},{"type":"Feature","properties":{"nombre":"Ángel Parra","jerarquia":5},"geometry":{"type":"LineString","coordinates":[[-72.13151,-36.62496],[-72.13149,-36.62487]]}},{"type":"Feature","properties":{"nombre":"Ángel Parra","jerarquia":5},"geometry":{"type":"LineString","coordinates":[[-72.13149,-36.62487],[-72.13117,-36.62365]]}},{"type":"Feature","properties":{"nombre":"Ruta N-605","jerarquia":5},"geometry":{"type":"LineString","coordinates":[[-72.0941,-36.64907],[-72.09423,-36.65013]]}},{"type":"Feature","properties":{"nombre":"Ruta N-605","jerarquia":5},"geometry":{"type":"LineString","coordinates":[[-72.09423,-36.65013],[-72.09448,-36.65078],[-72.09519,-36.65199],[-72.09522,-36.65224],[-72.0951,-36.65253],[-72.09472,-36.65293],[-72.09427,-36.65319],[-72.09152,-36.65397],[-72.09128,-36.65409],[-72.08871,-36.65659],[-72.08831,-36.65692],[-72.08454,-36.66102],[-72.07897,-36.66807],[-72.07876,-36.66858],[-72.07852,-36.66999],[-72.07809,-36.67193],[-72.07758,-36.67456],[-72.07688,-36.67835],[-72.07677,-36.67856],[-72.07652,-36.67878],[-72.07493,-36.67962]]}},{"type":"Feature","properties":{"nombre":"Avenida Francia","jerarquia":5},"geometry":{"type":"LineString","coordinates":[[-72.10171,-36.59788],[-72.10188,-36.59665]]}},{"type":"Feature","properties":{"nombre":"Avenida Francia","jerarquia":5},"geometry":{"type":"LineString","coordinates":[[-72.10188,-36.59665],[-72.10235,-36.5936]]}},{"type":"Feature","properties":{"nombre":"","jerarquia":1},"geometry":{"type":"LineString","coordinates":[[-72.10159,-36.58194],[-72.102,-36.58256]]}},{"type":"Feature","properties":{"nombre":"","jerarquia":1},"geometry":{"type":"LineString","coordinates":[[-72.10301,-36.58344],[-72.10411,-36.58398]]}},{"type":"Feature","properties":{"nombre":"Las Américas","jerarquia":5},"geometry":{"type":"LineString","coordinates":[[-72.08352,-36.54032],[-72.08279,-36.53931]]}},{"type":"Feature","properties":{"nombre":"Las Américas","jerarquia":5},"geometry":{"type":"LineString","coordinates":[[-72.08279,-36.53931],[-72.08183,-36.53802],[-72.0811,-36.53684]]}},{"type":"Feature","properties":{"nombre":"Ruta 5 Sur","jerarquia":1},"geometry":{"type":"LineString","coordinates":[[-72.22325,-36.64996],[-72.22267,-36.64956]]}},{"type":"Feature","properties":{"nombre":"","jerarquia":1},"geometry":{"type":"LineString","coordinates":[[-72.23178,-36.65452],[-72.23234,-36.6544],[-72.23296,-36.6542]]}},{"type":"Feature","properties":{"nombre":"","jerarquia":1},"geometry":{"type":"LineString","coordinates":[[-72.23274,-36.65578],[-72.23287,-36.65608],[-72.23308,-36.65635],[-72.23427,-36.6573]]}},{"type":"Feature","properties":{"nombre":"","jerarquia":1},"geometry":{"type":"LineString","coordinates":[[-72.22707,-36.65324],[-72.22692,-36.65289],[-72.2267,-36.65253],[-72.22592,-36.65177]]}},{"type":"Feature","properties":{"nombre":"Arturo Matte","jerarquia":5},"geometry":{"type":"LineString","coordinates":[[-72.10508,-36.59529],[-72.10488,-36.59527]]}},{"type":"Feature","properties":{"nombre":"","jerarquia":5},"geometry":{"type":"LineString","coordinates":[[-72.10288,-36.58981],[-72.10261,-36.58986]]}},{"type":"Feature","properties":{"nombre":"","jerarquia":3},"geometry":{"type":"LineString","coordinates":[[-72.09577,-36.56261],[-72.0956,-36.56265]]}},{"type":"Feature","properties":{"nombre":"Camino Real","jerarquia":5},"geometry":{"type":"LineString","coordinates":[[-72.12155,-36.63743],[-72.12101,-36.63743],[-72.12058,-36.63757],[-72.11997,-36.63769],[-72.11909,-36.63798],[-72.11843,-36.63812],[-72.11775,-36.63802],[-72.11726,-36.63815],[-72.11601,-36.63862],[-72.11552,-36.63898],[-72.11454,-36.63932],[-72.11011,-36.64108],[-72.1092,-36.64164]]}},{"type":"Feature","properties":{"nombre":"Esmeralda","jerarquia":5},"geometry":{"type":"LineString","coordinates":[[-72.07679,-36.62223],[-72.0767,-36.62225]]}},{"type":"Feature","properties":{"nombre":"Esmeralda","jerarquia":5},"geometry":{"type":"LineString","coordinates":[[-72.0767,-36.62225],[-72.07643,-36.6223]]}},{"type":"Feature","properties":{"nombre":"Esmeralda","jerarquia":5},"geometry":{"type":"LineString","coordinates":[[-72.07643,-36.6223],[-72.07614,-36.62236]]}},{"type":"Feature","properties":{"nombre":"Esmeralda","jerarquia":5},"geometry":{"type":"LineString","coordinates":[[-72.07614,-36.62236],[-72.0757,-36.62244]]}},{"type":"Feature","properties":{"nombre":"Esmeralda","jerarquia":5},"geometry":{"type":"LineString","coordinates":[[-72.0757,-36.62244],[-72.07523,-36.62254]]}},{"type":"Feature","properties":{"nombre":"Esmeralda","jerarquia":5},"geometry":{"type":"LineString","coordinates":[[-72.07523,-36.62254],[-72.07475,-36.62264]]}},{"type":"Feature","properties":{"nombre":"Esmeralda","jerarquia":5},"geometry":{"type":"LineString","coordinates":[[-72.07475,-36.62264],[-72.0746,-36.62269]]}},{"type":"Feature","properties":{"nombre":"Esmeralda","jerarquia":5},"geometry":{"type":"LineString","coordinates":[[-72.0746,-36.62269],[-72.07376,-36.62315],[-72.07321,-36.62337]]}},{"type":"Feature","properties":{"nombre":"Esmeralda","jerarquia":5},"geometry":{"type":"LineString","coordinates":[[-72.07321,-36.62337],[-72.07284,-36.62341]]}},{"type":"Feature","properties":{"nombre":"Esmeralda","jerarquia":5},"geometry":{"type":"LineString","coordinates":[[-72.07284,-36.62341],[-72.0723,-36.62337],[-72.07183,-36.62323]]}},{"type":"Feature","properties":{"nombre":"Esmeralda","jerarquia":5},"geometry":{"type":"LineString","coordinates":[[-72.07183,-36.62323],[-72.07139,-36.62302],[-72.07117,-36.62301]]}},{"type":"Feature","properties":{"nombre":"Esmeralda","jerarquia":5},"geometry":{"type":"LineString","coordinates":[[-72.07117,-36.62301],[-72.07029,-36.62327]]}},{"type":"Feature","properties":{"nombre":"Esmeralda","jerarquia":5},"geometry":{"type":"LineString","coordinates":[[-72.07029,-36.62327],[-72.07025,-36.62328]]}},{"type":"Feature","properties":{"nombre":"","jerarquia":1},"geometry":{"type":"LineString","coordinates":[[-72.15011,-36.60851],[-72.15006,-36.60869],[-72.15011,-36.60887],[-72.15065,-36.60937]]}},{"type":"Feature","properties":{"nombre":"Ruta 5 Sur","jerarquia":1},"geometry":{"type":"LineString","coordinates":[[-72.16338,-36.62584],[-72.16416,-36.6263],[-72.16515,-36.62673]]}},{"type":"Feature","properties":{"nombre":"Ruta 5 Sur","jerarquia":1},"geometry":{"type":"LineString","coordinates":[[-72.11201,-36.58563],[-72.11473,-36.58617]]}},{"type":"Feature","properties":{"nombre":"Ruta 5 Sur","jerarquia":1},"geometry":{"type":"LineString","coordinates":[[-72.02044,-36.48393],[-72.02112,-36.48473]]}},{"type":"Feature","properties":{"nombre":"Ruta 5 Sur","jerarquia":1},"geometry":{"type":"LineString","coordinates":[[-72.01887,-36.48202],[-72.01985,-36.48321]]}},{"type":"Feature","properties":{"nombre":"","jerarquia":1},"geometry":{"type":"LineString","coordinates":[[-72.02641,-36.49033],[-72.02629,-36.49042],[-72.02621,-36.49057],[-72.02625,-36.49087]]}},{"type":"Feature","properties":{"nombre":"","jerarquia":1},"geometry":{"type":"LineString","coordinates":[[-72.02489,-36.48926],[-72.02523,-36.48943],[-72.02562,-36.48955]]}},{"type":"Feature","properties":{"nombre":"Ruta 5 Sur","jerarquia":1},"geometry":{"type":"LineString","coordinates":[[-72.06106,-36.52176],[-72.06144,-36.52202]]}},{"type":"Feature","properties":{"nombre":"Ruta 5 Sur","jerarquia":1},"geometry":{"type":"LineString","coordinates":[[-72.06983,-36.52737],[-72.07069,-36.52786]]}},{"type":"Feature","properties":{"nombre":"Ruta 5 Sur","jerarquia":1},"geometry":{"type":"LineString","coordinates":[[-72.06879,-36.52679],[-72.06983,-36.52737]]}},{"type":"Feature","properties":{"nombre":"Ruta 5 Sur","jerarquia":1},"geometry":{"type":"LineString","coordinates":[[-72.02625,-36.49087],[-72.02747,-36.49234]]}},{"type":"Feature","properties":{"nombre":"Ruta 5 Sur","jerarquia":1},"geometry":{"type":"LineString","coordinates":[[-72.02112,-36.48473],[-72.02279,-36.48673]]}},{"type":"Feature","properties":{"nombre":"Ruta 5 Sur","jerarquia":1},"geometry":{"type":"LineString","coordinates":[[-72.05925,-36.52046],[-72.0609,-36.52164]]}},{"type":"Feature","properties":{"nombre":"Enlace Nebuco","jerarquia":5},"geometry":{"type":"LineString","coordinates":[[-72.22186,-36.64819],[-72.22202,-36.64804]]}},{"type":"Feature","properties":{"nombre":"Ruta N-595","jerarquia":5},"geometry":{"type":"LineString","coordinates":[[-72.22105,-36.64895],[-72.2207,-36.64929]]}},{"type":"Feature","properties":{"nombre":"","jerarquia":5},"geometry":{"type":"LineString","coordinates":[[-72.22289,-36.64793],[-72.2223,-36.64778]]}},{"type":"Feature","properties":{"nombre":"Enlace Nebuco","jerarquia":5},"geometry":{"type":"LineString","coordinates":[[-72.22202,-36.64804],[-72.2223,-36.64778]]}},{"type":"Feature","properties":{"nombre":"","jerarquia":1},"geometry":{"type":"LineString","coordinates":[[-72.22058,-36.64745],[-72.22166,-36.64765]]}},{"type":"Feature","properties":{"nombre":"Ruta 5 Sur","jerarquia":1},"geometry":{"type":"LineString","coordinates":[[-72.21913,-36.64699],[-72.22035,-36.64782]]}},{"type":"Feature","properties":{"nombre":"Ruta 5 Sur","jerarquia":1},"geometry":{"type":"LineString","coordinates":[[-72.22592,-36.65177],[-72.22391,-36.65041]]}},{"type":"Feature","properties":{"nombre":"Ruta 5 Sur","jerarquia":1},"geometry":{"type":"LineString","coordinates":[[-72.21851,-36.64673],[-72.21803,-36.6464]]}},{"type":"Feature","properties":{"nombre":"Ruta 5 Sur","jerarquia":1},"geometry":{"type":"LineString","coordinates":[[-72.22035,-36.64782],[-72.22053,-36.64795]]}},{"type":"Feature","properties":{"nombre":"","jerarquia":1},"geometry":{"type":"LineString","coordinates":[[-72.22122,-36.64958],[-72.22106,-36.64953]]}},{"type":"Feature","properties":{"nombre":"Ruta 5 Sur","jerarquia":1},"geometry":{"type":"LineString","coordinates":[[-72.22976,-36.65439],[-72.22592,-36.65177]]}},{"type":"Feature","properties":{"nombre":"Ruta 5 Sur","jerarquia":1},"geometry":{"type":"LineString","coordinates":[[-72.23427,-36.6573],[-72.23597,-36.65846]]}},{"type":"Feature","properties":{"nombre":"Autopista del Itata","jerarquia":1},"geometry":{"type":"LineString","coordinates":[[-72.23122,-36.65509],[-72.23215,-36.65458],[-72.23296,-36.6542]]}},{"type":"Feature","properties":{"nombre":"Autopista del Itata","jerarquia":1},"geometry":{"type":"LineString","coordinates":[[-72.23392,-36.65399],[-72.23302,-36.65428],[-72.2323,-36.6546]]}},{"type":"Feature","properties":{"nombre":"","jerarquia":1},"geometry":{"type":"LineString","coordinates":[[-72.18232,-36.63062],[-72.18241,-36.63082]]}},{"type":"Feature","properties":{"nombre":"Avenida Francia","jerarquia":5},"geometry":{"type":"LineString","coordinates":[[-72.10261,-36.58986],[-72.10265,-36.58927]]}},{"type":"Feature","properties":{"nombre":"Avenida Francia","jerarquia":5},"geometry":{"type":"LineString","coordinates":[[-72.10265,-36.58927],[-72.10264,-36.58912]]}},{"type":"Feature","properties":{"nombre":"Avenida Reino de Chile","jerarquia":5},"geometry":{"type":"LineString","coordinates":[[-72.11419,-36.62974],[-72.11388,-36.62982]]}},{"type":"Feature","properties":{"nombre":"","jerarquia":1},"geometry":{"type":"LineString","coordinates":[[-72.06187,-36.52073],[-72.06193,-36.52083],[-72.06193,-36.52104],[-72.06177,-36.52175]]}},{"type":"Feature","properties":{"nombre":"","jerarquia":1},"geometry":{"type":"LineString","coordinates":[[-72.06133,-36.52267],[-72.06094,-36.52262],[-72.06063,-36.52241]]}},{"type":"Feature","properties":{"nombre":"","jerarquia":1},"geometry":{"type":"LineString","coordinates":[[-72.06133,-36.52267],[-72.06149,-36.52259],[-72.06156,-36.52249],[-72.06156,-36.52236],[-72.06145,-36.52219]]}},{"type":"Feature","properties":{"nombre":"Avenida Los Puelches","jerarquia":4},"geometry":{"type":"LineString","coordinates":[[-72.0865,-36.62166],[-72.08659,-36.62197]]}},{"type":"Feature","properties":{"nombre":"Avenida Los Puelches","jerarquia":4},"geometry":{"type":"LineString","coordinates":[[-72.08659,-36.62197],[-72.0866,-36.62201]]}},{"type":"Feature","properties":{"nombre":"Esmeralda","jerarquia":5},"geometry":{"type":"LineString","coordinates":[[-72.08263,-36.62108],[-72.08438,-36.62074]]}},{"type":"Feature","properties":{"nombre":"Esmeralda","jerarquia":5},"geometry":{"type":"LineString","coordinates":[[-72.08438,-36.62074],[-72.08478,-36.62066]]}},{"type":"Feature","properties":{"nombre":"Esmeralda","jerarquia":5},"geometry":{"type":"LineString","coordinates":[[-72.08478,-36.62066],[-72.08495,-36.62063]]}},{"type":"Feature","properties":{"nombre":"Esmeralda","jerarquia":5},"geometry":{"type":"LineString","coordinates":[[-72.08495,-36.62063],[-72.08529,-36.62056]]}},{"type":"Feature","properties":{"nombre":"Esmeralda","jerarquia":5},"geometry":{"type":"LineString","coordinates":[[-72.08529,-36.62056],[-72.08565,-36.62049]]}},{"type":"Feature","properties":{"nombre":"Esmeralda","jerarquia":5},"geometry":{"type":"LineString","coordinates":[[-72.08565,-36.62049],[-72.08613,-36.6204]]}},{"type":"Feature","properties":{"nombre":"Avenida Alonso de Ercilla","jerarquia":4},"geometry":{"type":"LineString","coordinates":[[-72.08284,-36.62545],[-72.08248,-36.62549]]}},{"type":"Feature","properties":{"nombre":"Alcalde Flores Millán","jerarquia":5},"geometry":{"type":"LineString","coordinates":[[-72.09119,-36.59486],[-72.09218,-36.59601]]}},{"type":"Feature","properties":{"nombre":"Alcalde Flores Millán","jerarquia":5},"geometry":{"type":"LineString","coordinates":[[-72.09218,-36.59601],[-72.09251,-36.59639]]}},{"type":"Feature","properties":{"nombre":"Alcalde Flores Millán","jerarquia":5},"geometry":{"type":"LineString","coordinates":[[-72.09251,-36.59639],[-72.09279,-36.59678]]}},{"type":"Feature","properties":{"nombre":"Alcalde Flores Millán","jerarquia":5},"geometry":{"type":"LineString","coordinates":[[-72.09279,-36.59678],[-72.09304,-36.59713]]}},{"type":"Feature","properties":{"nombre":"Alcalde Flores Millán","jerarquia":5},"geometry":{"type":"LineString","coordinates":[[-72.09304,-36.59713],[-72.0931,-36.59719]]}},{"type":"Feature","properties":{"nombre":"Independencia","jerarquia":5},"geometry":{"type":"LineString","coordinates":[[-72.09946,-36.61636],[-72.09954,-36.61657]]}},{"type":"Feature","properties":{"nombre":"Rodrigo de Quiroga","jerarquia":5},"geometry":{"type":"LineString","coordinates":[[-72.09925,-36.62203],[-72.10133,-36.62127]]}},{"type":"Feature","properties":{"nombre":"Rodrigo de Quiroga","jerarquia":5},"geometry":{"type":"LineString","coordinates":[[-72.10133,-36.62127],[-72.10145,-36.62122]]}},{"type":"Feature","properties":{"nombre":"5 de Abril","jerarquia":5},"geometry":{"type":"LineString","coordinates":[[-72.0985,-36.60044],[-72.09848,-36.6003]]}},{"type":"Feature","properties":{"nombre":"","jerarquia":1},"geometry":{"type":"LineString","coordinates":[[-72.16012,-36.62583],[-72.15994,-36.62579]]}},{"type":"Feature","properties":{"nombre":"","jerarquia":1},"geometry":{"type":"LineString","coordinates":[[-72.16154,-36.62617],[-72.16108,-36.62606]]}},{"type":"Feature","properties":{"nombre":"","jerarquia":1},"geometry":{"type":"LineString","coordinates":[[-72.1602,-36.62573],[-72.16135,-36.62598]]}},{"type":"Feature","properties":{"nombre":"","jerarquia":1},"geometry":{"type":"LineString","coordinates":[[-72.16135,-36.62598],[-72.16191,-36.6261],[-72.16225,-36.6261]]}},{"type":"Feature","properties":{"nombre":"","jerarquia":1},"geometry":{"type":"LineString","coordinates":[[-72.16154,-36.62617],[-72.16138,-36.62602]]}},{"type":"Feature","properties":{"nombre":"","jerarquia":1},"geometry":{"type":"LineString","coordinates":[[-72.16138,-36.62602],[-72.16135,-36.62598]]}},{"type":"Feature","properties":{"nombre":"","jerarquia":1},"geometry":{"type":"LineString","coordinates":[[-72.16225,-36.6261],[-72.1626,-36.62601]]}},{"type":"Feature","properties":{"nombre":"Ruta 5 Sur","jerarquia":1},"geometry":{"type":"LineString","coordinates":[[-72.16277,-36.62555],[-72.16134,-36.62426]]}},{"type":"Feature","properties":{"nombre":"Ruta 5 Sur","jerarquia":1},"geometry":{"type":"LineString","coordinates":[[-72.1668,-36.62729],[-72.16535,-36.62692],[-72.16413,-36.62642]]}},{"type":"Feature","properties":{"nombre":"","jerarquia":1},"geometry":{"type":"LineString","coordinates":[[-72.16135,-36.6256],[-72.1616,-36.62536],[-72.1617,-36.62499],[-72.16163,-36.62474],[-72.16134,-36.62426]]}},{"type":"Feature","properties":{"nombre":"Central","jerarquia":5},"geometry":{"type":"LineString","coordinates":[[-72.08769,-36.61604],[-72.08782,-36.61604]]}},{"type":"Feature","properties":{"nombre":"Central","jerarquia":5},"geometry":{"type":"LineString","coordinates":[[-72.08782,-36.61604],[-72.08994,-36.61605]]}},{"type":"Feature","properties":{"nombre":"Central","jerarquia":5},"geometry":{"type":"LineString","coordinates":[[-72.08994,-36.61605],[-72.09135,-36.61604]]}},{"type":"Feature","properties":{"nombre":"Central","jerarquia":5},"geometry":{"type":"LineString","coordinates":[[-72.09135,-36.61604],[-72.09194,-36.61587]]}},{"type":"Feature","properties":{"nombre":"Ruta N-49","jerarquia":4},"geometry":{"type":"LineString","coordinates":[[-72.02309,-36.59122],[-72.02292,-36.59126]]}},{"type":"Feature","properties":{"nombre":"Ruta N-62","jerarquia":4},"geometry":{"type":"LineString","coordinates":[[-72.27726,-36.60902],[-72.28485,-36.61]]}},{"type":"Feature","properties":{"nombre":"Ruta N-62","jerarquia":4},"geometry":{"type":"LineString","coordinates":[[-72.28485,-36.61],[-72.28917,-36.6108],[-72.29136,-36.61131],[-72.29448,-36.61171],[-72.29565,-36.6118],[-72.30258,-36.61188]]}},{"type":"Feature","properties":{"nombre":"Ruta N-62","jerarquia":4},"geometry":{"type":"LineString","coordinates":[[-72.30258,-36.61188],[-72.30844,-36.61197],[-72.31156,-36.61211],[-72.31597,-36.61222],[-72.31676,-36.6123]]}},{"type":"Feature","properties":{"nombre":"Ruta N-62","jerarquia":4},"geometry":{"type":"LineString","coordinates":[[-72.31676,-36.6123],[-72.31733,-36.61244],[-72.31788,-36.61265]]}},{"type":"Feature","properties":{"nombre":"Ruta N-50","jerarquia":3},"geometry":{"type":"LineString","coordinates":[[-72.22407,-36.49923],[-72.23007,-36.49725],[-72.23303,-36.49664],[-72.23352,-36.4965],[-72.23446,-36.49613],[-72.23529,-36.49568]]}},{"type":"Feature","properties":{"nombre":"Ruta N-50","jerarquia":3},"geometry":{"type":"LineString","coordinates":[[-72.23529,-36.49568],[-72.23767,-36.49445]]}},{"type":"Feature","properties":{"nombre":"Ruta N-50","jerarquia":3},"geometry":{"type":"LineString","coordinates":[[-72.23767,-36.49445],[-72.23926,-36.49362]]}},{"type":"Feature","properties":{"nombre":"Ruta N-50","jerarquia":3},"geometry":{"type":"LineString","coordinates":[[-72.23926,-36.49362],[-72.24201,-36.49193]]}},{"type":"Feature","properties":{"nombre":"Ruta N-50","jerarquia":3},"geometry":{"type":"LineString","coordinates":[[-72.24201,-36.49193],[-72.24331,-36.49112]]}},{"type":"Feature","properties":{"nombre":"Ruta N-50","jerarquia":3},"geometry":{"type":"LineString","coordinates":[[-72.24331,-36.49112],[-72.24506,-36.49001]]}},{"type":"Feature","properties":{"nombre":"Ruta N-50","jerarquia":3},"geometry":{"type":"LineString","coordinates":[[-72.24506,-36.49001],[-72.24723,-36.48874]]}},{"type":"Feature","properties":{"nombre":"Ruta N-50","jerarquia":3},"geometry":{"type":"LineString","coordinates":[[-72.24723,-36.48874],[-72.26004,-36.4812]]}},{"type":"Feature","properties":{"nombre":"Ruta N-50","jerarquia":3},"geometry":{"type":"LineString","coordinates":[[-72.26004,-36.4812],[-72.26283,-36.4796],[-72.26369,-36.47928],[-72.26463,-36.47909],[-72.26526,-36.47903],[-72.27682,-36.47876]]}},{"type":"Feature","properties":{"nombre":"Ruta N-50","jerarquia":3},"geometry":{"type":"LineString","coordinates":[[-72.27682,-36.47876],[-72.27691,-36.47876]]}},{"type":"Feature","properties":{"nombre":"Ruta N-50","jerarquia":3},"geometry":{"type":"LineString","coordinates":[[-72.27691,-36.47876],[-72.27823,-36.47848]]}},{"type":"Feature","properties":{"nombre":"Ruta N-50","jerarquia":3},"geometry":{"type":"LineString","coordinates":[[-72.27823,-36.47848],[-72.27921,-36.47824]]}},{"type":"Feature","properties":{"nombre":"Ruta N-50","jerarquia":3},"geometry":{"type":"LineString","coordinates":[[-72.27921,-36.47824],[-72.27966,-36.47812]]}},{"type":"Feature","properties":{"nombre":"Ruta N-50","jerarquia":3},"geometry":{"type":"LineString","coordinates":[[-72.27966,-36.47812],[-72.28227,-36.47746]]}},{"type":"Feature","properties":{"nombre":"Ruta N-50","jerarquia":3},"geometry":{"type":"LineString","coordinates":[[-72.28227,-36.47746],[-72.28456,-36.47688]]}},{"type":"Feature","properties":{"nombre":"Ruta N-50","jerarquia":3},"geometry":{"type":"LineString","coordinates":[[-72.28456,-36.47688],[-72.28954,-36.47563]]}},{"type":"Feature","properties":{"nombre":"Ruta N-50","jerarquia":3},"geometry":{"type":"LineString","coordinates":[[-72.28954,-36.47563],[-72.29193,-36.47503]]}},{"type":"Feature","properties":{"nombre":"Ruta N-50","jerarquia":3},"geometry":{"type":"LineString","coordinates":[[-72.29193,-36.47503],[-72.29387,-36.47455]]}},{"type":"Feature","properties":{"nombre":"Ruta N-50","jerarquia":3},"geometry":{"type":"LineString","coordinates":[[-72.29387,-36.47455],[-72.29563,-36.4741]]}},{"type":"Feature","properties":{"nombre":"Ruta N-50","jerarquia":3},"geometry":{"type":"LineString","coordinates":[[-72.29563,-36.4741],[-72.29814,-36.47348]]}},{"type":"Feature","properties":{"nombre":"Ruta N-50","jerarquia":3},"geometry":{"type":"LineString","coordinates":[[-72.29814,-36.47348],[-72.30048,-36.4729]]}},{"type":"Feature","properties":{"nombre":"Ruta N-50","jerarquia":3},"geometry":{"type":"LineString","coordinates":[[-72.30048,-36.4729],[-72.30229,-36.47244],[-72.30299,-36.47219],[-72.30646,-36.47056]]}},{"type":"Feature","properties":{"nombre":"Ruta N-50","jerarquia":3},"geometry":{"type":"LineString","coordinates":[[-72.30646,-36.47056],[-72.3095,-36.46909]]}},{"type":"Feature","properties":{"nombre":"Bernardo O'Higgins","jerarquia":3},"geometry":{"type":"LineString","coordinates":[[-72.22028,-36.5006],[-72.22062,-36.50042]]}},{"type":"Feature","properties":{"nombre":"Bernardo O'Higgins","jerarquia":3},"geometry":{"type":"LineString","coordinates":[[-72.22062,-36.50042],[-72.22123,-36.50017],[-72.22407,-36.49923]]}},{"type":"Feature","properties":{"nombre":"Arturo Prat","jerarquia":5},"geometry":{"type":"LineString","coordinates":[[-72.21302,-36.50286],[-72.21303,-36.50295]]}},{"type":"Feature","properties":{"nombre":"Arturo Prat","jerarquia":5},"geometry":{"type":"LineString","coordinates":[[-72.21303,-36.50295],[-72.21312,-36.50395]]}},{"type":"Feature","properties":{"nombre":"Esmeralda","jerarquia":5},"geometry":{"type":"LineString","coordinates":[[-72.21177,-36.504],[-72.21169,-36.50293]]}},{"type":"Feature","properties":{"nombre":"José Manuel Balmaceda","jerarquia":5},"geometry":{"type":"LineString","coordinates":[[-72.22147,-36.5056],[-72.22124,-36.50384],[-72.22118,-36.50378]]}},{"type":"Feature","properties":{"nombre":"Ruta N-542","jerarquia":5},"geometry":{"type":"LineString","coordinates":[[-72.22407,-36.49923],[-72.22613,-36.50513]]}},{"type":"Feature","properties":{"nombre":"Ruta N-542","jerarquia":5},"geometry":{"type":"LineString","coordinates":[[-72.23665,-36.50277],[-72.23967,-36.50177],[-72.24146,-36.50129],[-72.24581,-36.50027]]}},{"type":"Feature","properties":{"nombre":"Ruta N-542","jerarquia":5},"geometry":{"type":"LineString","coordinates":[[-72.24581,-36.50027],[-72.24871,-36.49961],[-72.2494,-36.4995]]}},{"type":"Feature","properties":{"nombre":"Camino En Manzanar","jerarquia":5},"geometry":{"type":"LineString","coordinates":[[-71.94265,-36.50747],[-71.9343,-36.50819],[-71.93424,-36.50814],[-71.9336,-36.50605],[-71.93353,-36.50593]]}},{"type":"Feature","properties":{"nombre":"Avenida Vicente Méndez","jerarquia":4},"geometry":{"type":"LineString","coordinates":[[-72.08153,-36.58898],[-72.0822,-36.58922]]}},{"type":"Feature","properties":{"nombre":"","jerarquia":3},"geometry":{"type":"LineString","coordinates":[[-72.09507,-36.56035],[-72.09483,-36.56018]]}},{"type":"Feature","properties":{"nombre":"Variante Nahueltoro","jerarquia":4},"geometry":{"type":"LineString","coordinates":[[-72.09473,-36.56126],[-72.09515,-36.56118]]}},{"type":"Feature","properties":{"nombre":"Variante Nahueltoro","jerarquia":4},"geometry":{"type":"LineString","coordinates":[[-72.0952,-36.56137],[-72.09506,-36.56127],[-72.09473,-36.56126]]}},{"type":"Feature","properties":{"nombre":"Avenida Libertador Bernardo O'Higgins","jerarquia":3},"geometry":{"type":"LineString","coordinates":[[-72.0952,-36.55967],[-72.09533,-36.56112]]}},{"type":"Feature","properties":{"nombre":"Avenida Libertador Bernardo O'Higgins","jerarquia":3},"geometry":{"type":"LineString","coordinates":[[-72.09533,-36.56112],[-72.09539,-36.56138]]}},{"type":"Feature","properties":{"nombre":"","jerarquia":3},"geometry":{"type":"LineString","coordinates":[[-72.09567,-36.56232],[-72.09577,-36.56246],[-72.0958,-36.56255],[-72.09577,-36.56261]]}},{"type":"Feature","properties":{"nombre":"Avenida Libertador Bernardo O'Higgins","jerarquia":3},"geometry":{"type":"LineString","coordinates":[[-72.10824,-36.60399],[-72.10849,-36.60465]]}},{"type":"Feature","properties":{"nombre":"Avenida Libertador Bernardo O'Higgins","jerarquia":3},"geometry":{"type":"LineString","coordinates":[[-72.10849,-36.60465],[-72.10853,-36.60476]]}},{"type":"Feature","properties":{"nombre":"Vega de Saldías","jerarquia":5},"geometry":{"type":"LineString","coordinates":[[-72.10762,-36.60229],[-72.10751,-36.60232]]}},{"type":"Feature","properties":{"nombre":"Avenida Libertador Bernardo O'Higgins","jerarquia":3},"geometry":{"type":"LineString","coordinates":[[-72.10796,-36.60355],[-72.10753,-36.60239]]}},{"type":"Feature","properties":{"nombre":"Avenida Libertador Bernardo O'Higgins","jerarquia":3},"geometry":{"type":"LineString","coordinates":[[-72.10753,-36.60239],[-72.10751,-36.60232]]}},{"type":"Feature","properties":{"nombre":"Avenida Libertador Bernardo O'Higgins","jerarquia":3},"geometry":{"type":"LineString","coordinates":[[-72.10762,-36.60229],[-72.10804,-36.60343]]}},{"type":"Feature","properties":{"nombre":"Avenida Libertador Bernardo O'Higgins","jerarquia":3},"geometry":{"type":"LineString","coordinates":[[-72.10804,-36.60343],[-72.10807,-36.60353]]}},{"type":"Feature","properties":{"nombre":"Bulnes","jerarquia":5},"geometry":{"type":"LineString","coordinates":[[-72.10807,-36.60353],[-72.10955,-36.60316]]}},{"type":"Feature","properties":{"nombre":"Bulnes","jerarquia":5},"geometry":{"type":"LineString","coordinates":[[-72.10955,-36.60316],[-72.11094,-36.60282]]}},{"type":"Feature","properties":{"nombre":"Bulnes","jerarquia":5},"geometry":{"type":"LineString","coordinates":[[-72.11094,-36.60282],[-72.11106,-36.60279]]}},{"type":"Feature","properties":{"nombre":"Bulnes","jerarquia":5},"geometry":{"type":"LineString","coordinates":[[-72.11106,-36.60279],[-72.11128,-36.60274]]}},{"type":"Feature","properties":{"nombre":"Bulnes","jerarquia":5},"geometry":{"type":"LineString","coordinates":[[-72.11128,-36.60274],[-72.11135,-36.60272]]}},{"type":"Feature","properties":{"nombre":"Bulnes","jerarquia":5},"geometry":{"type":"LineString","coordinates":[[-72.10796,-36.60355],[-72.10807,-36.60353]]}},{"type":"Feature","properties":{"nombre":"Avenida Libertador Bernardo O'Higgins","jerarquia":3},"geometry":{"type":"LineString","coordinates":[[-72.10807,-36.60353],[-72.10824,-36.60399]]}},{"type":"Feature","properties":{"nombre":"Avenida Libertador Bernardo O'Higgins","jerarquia":3},"geometry":{"type":"LineString","coordinates":[[-72.10842,-36.60478],[-72.108,-36.60366]]}},{"type":"Feature","properties":{"nombre":"Avenida Libertador Bernardo O'Higgins","jerarquia":3},"geometry":{"type":"LineString","coordinates":[[-72.108,-36.60366],[-72.10796,-36.60355]]}},{"type":"Feature","properties":{"nombre":"Avenida Libertador Bernardo O'Higgins","jerarquia":3},"geometry":{"type":"LineString","coordinates":[[-72.10889,-36.60601],[-72.10846,-36.6049]]}},{"type":"Feature","properties":{"nombre":"Avenida Libertador Bernardo O'Higgins","jerarquia":3},"geometry":{"type":"LineString","coordinates":[[-72.10846,-36.6049],[-72.10842,-36.60478]]}},{"type":"Feature","properties":{"nombre":"Avenida Libertador Bernardo O'Higgins","jerarquia":3},"geometry":{"type":"LineString","coordinates":[[-72.10853,-36.60476],[-72.10894,-36.60587]]}},{"type":"Feature","properties":{"nombre":"Avenida Libertador Bernardo O'Higgins","jerarquia":3},"geometry":{"type":"LineString","coordinates":[[-72.10894,-36.60587],[-72.10898,-36.60599]]}},{"type":"Feature","properties":{"nombre":"Avenida Libertad","jerarquia":4},"geometry":{"type":"LineString","coordinates":[[-72.10853,-36.60476],[-72.10842,-36.60478]]}},{"type":"Feature","properties":{"nombre":"Avenida Libertad","jerarquia":4},"geometry":{"type":"LineString","coordinates":[[-72.11153,-36.60403],[-72.11001,-36.6044]]}},{"type":"Feature","properties":{"nombre":"Avenida Libertad","jerarquia":4},"geometry":{"type":"LineString","coordinates":[[-72.11001,-36.6044],[-72.10865,-36.60473]]}},{"type":"Feature","properties":{"nombre":"Avenida Libertad","jerarquia":4},"geometry":{"type":"LineString","coordinates":[[-72.10865,-36.60473],[-72.10853,-36.60476]]}},{"type":"Feature","properties":{"nombre":"Avenida Libertador Bernardo O'Higgins","jerarquia":3},"geometry":{"type":"LineString","coordinates":[[-72.10934,-36.60724],[-72.10913,-36.60668]]}},{"type":"Feature","properties":{"nombre":"Avenida Libertador Bernardo O'Higgins","jerarquia":3},"geometry":{"type":"LineString","coordinates":[[-72.10913,-36.60668],[-72.10892,-36.60611]]}},{"type":"Feature","properties":{"nombre":"Avenida Libertador Bernardo O'Higgins","jerarquia":3},"geometry":{"type":"LineString","coordinates":[[-72.10892,-36.60611],[-72.10889,-36.60601]]}},{"type":"Feature","properties":{"nombre":"Constitución","jerarquia":4},"geometry":{"type":"LineString","coordinates":[[-72.10889,-36.60601],[-72.10898,-36.60599]]}},{"type":"Feature","properties":{"nombre":"Constitución","jerarquia":4},"geometry":{"type":"LineString","coordinates":[[-72.10432,-36.60712],[-72.10535,-36.60688]]}},{"type":"Feature","properties":{"nombre":"Constitución","jerarquia":4},"geometry":{"type":"LineString","coordinates":[[-72.10535,-36.60688],[-72.10589,-36.60674]]}},{"type":"Feature","properties":{"nombre":"Constitución","jerarquia":4},"geometry":{"type":"LineString","coordinates":[[-72.10589,-36.60674],[-72.10739,-36.60638]]}},{"type":"Feature","properties":{"nombre":"Constitución","jerarquia":4},"geometry":{"type":"LineString","coordinates":[[-72.10739,-36.60638],[-72.10882,-36.60603]]}},{"type":"Feature","properties":{"nombre":"Constitución","jerarquia":4},"geometry":{"type":"LineString","coordinates":[[-72.10882,-36.60603],[-72.10889,-36.60601]]}},{"type":"Feature","properties":{"nombre":"Avenida Libertador Bernardo O'Higgins","jerarquia":3},"geometry":{"type":"LineString","coordinates":[[-72.1098,-36.60849],[-72.10937,-36.60732]]}},{"type":"Feature","properties":{"nombre":"Avenida Libertador Bernardo O'Higgins","jerarquia":3},"geometry":{"type":"LineString","coordinates":[[-72.10937,-36.60732],[-72.10934,-36.60724]]}},{"type":"Feature","properties":{"nombre":"Avenida Libertador Bernardo O'Higgins","jerarquia":3},"geometry":{"type":"LineString","coordinates":[[-72.10898,-36.60599],[-72.10941,-36.60716]]}},{"type":"Feature","properties":{"nombre":"Avenida Libertador Bernardo O'Higgins","jerarquia":3},"geometry":{"type":"LineString","coordinates":[[-72.10941,-36.60716],[-72.10944,-36.60722]]}},{"type":"Feature","properties":{"nombre":"El Roble","jerarquia":5},"geometry":{"type":"LineString","coordinates":[[-72.10944,-36.60722],[-72.10934,-36.60724]]}},{"type":"Feature","properties":{"nombre":"El Roble","jerarquia":5},"geometry":{"type":"LineString","coordinates":[[-72.11271,-36.60643],[-72.1125,-36.60648]]}},{"type":"Feature","properties":{"nombre":"El Roble","jerarquia":5},"geometry":{"type":"LineString","coordinates":[[-72.1125,-36.60648],[-72.11244,-36.60649]]}},{"type":"Feature","properties":{"nombre":"El Roble","jerarquia":5},"geometry":{"type":"LineString","coordinates":[[-72.11244,-36.60649],[-72.11198,-36.6066]]}},{"type":"Feature","properties":{"nombre":"El Roble","jerarquia":5},"geometry":{"type":"LineString","coordinates":[[-72.11198,-36.6066],[-72.1119,-36.60662]]}},{"type":"Feature","properties":{"nombre":"El Roble","jerarquia":5},"geometry":{"type":"LineString","coordinates":[[-72.1119,-36.60662],[-72.11143,-36.60674]]}},{"type":"Feature","properties":{"nombre":"El Roble","jerarquia":5},"geometry":{"type":"LineString","coordinates":[[-72.11143,-36.60674],[-72.11092,-36.60686]]}},{"type":"Feature","properties":{"nombre":"El Roble","jerarquia":5},"geometry":{"type":"LineString","coordinates":[[-72.11092,-36.60686],[-72.10957,-36.60719]]}},{"type":"Feature","properties":{"nombre":"El Roble","jerarquia":5},"geometry":{"type":"LineString","coordinates":[[-72.10957,-36.60719],[-72.10944,-36.60722]]}},{"type":"Feature","properties":{"nombre":"Avenida Libertador Bernardo O'Higgins","jerarquia":3},"geometry":{"type":"LineString","coordinates":[[-72.10944,-36.60722],[-72.10985,-36.60835]]}},{"type":"Feature","properties":{"nombre":"Avenida Libertador Bernardo O'Higgins","jerarquia":3},"geometry":{"type":"LineString","coordinates":[[-72.10985,-36.60835],[-72.10989,-36.60846]]}},{"type":"Feature","properties":{"nombre":"Maipón","jerarquia":5},"geometry":{"type":"LineString","coordinates":[[-72.1098,-36.60849],[-72.10989,-36.60846]]}},{"type":"Feature","properties":{"nombre":"Avenida Libertador Bernardo O'Higgins","jerarquia":3},"geometry":{"type":"LineString","coordinates":[[-72.10989,-36.60846],[-72.11033,-36.6096]]}},{"type":"Feature","properties":{"nombre":"Arturo Prat","jerarquia":5},"geometry":{"type":"LineString","coordinates":[[-72.11034,-36.6097],[-72.10876,-36.61007]]}},{"type":"Feature","properties":{"nombre":"Avenida Libertador Bernardo O'Higgins","jerarquia":3},"geometry":{"type":"LineString","coordinates":[[-72.11126,-36.61217],[-72.11098,-36.61142]]}},{"type":"Feature","properties":{"nombre":"Avenida Libertador Bernardo O'Higgins","jerarquia":3},"geometry":{"type":"LineString","coordinates":[[-72.11098,-36.61142],[-72.1108,-36.61093]]}},{"type":"Feature","properties":{"nombre":"Avenida Libertador Bernardo O'Higgins","jerarquia":3},"geometry":{"type":"LineString","coordinates":[[-72.1108,-36.61093],[-72.11034,-36.6097]]}},{"type":"Feature","properties":{"nombre":"Avenida Libertador Bernardo O'Higgins","jerarquia":3},"geometry":{"type":"LineString","coordinates":[[-72.11174,-36.61349],[-72.11178,-36.61354]]}},{"type":"Feature","properties":{"nombre":"Avenida Libertador Bernardo O'Higgins","jerarquia":3},"geometry":{"type":"LineString","coordinates":[[-72.11178,-36.61354],[-72.11183,-36.6136]]}},{"type":"Feature","properties":{"nombre":"Avenida Libertador Bernardo O'Higgins","jerarquia":3},"geometry":{"type":"LineString","coordinates":[[-72.11174,-36.61362],[-72.11174,-36.61349]]}},{"type":"Feature","properties":{"nombre":"Avenida Libertador Bernardo O'Higgins","jerarquia":3},"geometry":{"type":"LineString","coordinates":[[-72.11034,-36.6097],[-72.11026,-36.60962]]}},{"type":"Feature","properties":{"nombre":"Avenida Libertador Bernardo O'Higgins","jerarquia":3},"geometry":{"type":"LineString","coordinates":[[-72.11174,-36.61349],[-72.11172,-36.61344]]}},{"type":"Feature","properties":{"nombre":"Avenida Collín","jerarquia":4},"geometry":{"type":"LineString","coordinates":[[-72.09618,-36.61716],[-72.09638,-36.61711]]}},{"type":"Feature","properties":{"nombre":"Avenida Argentina","jerarquia":4},"geometry":{"type":"LineString","coordinates":[[-72.09638,-36.61711],[-72.09643,-36.61729]]}},{"type":"Feature","properties":{"nombre":"Avenida Argentina","jerarquia":4},"geometry":{"type":"LineString","coordinates":[[-72.09643,-36.61729],[-72.09643,-36.61733]]}},{"type":"Feature","properties":{"nombre":"Avenida Libertador Bernardo O'Higgins","jerarquia":3},"geometry":{"type":"LineString","coordinates":[[-72.09577,-36.56261],[-72.0962,-36.56391]]}},{"type":"Feature","properties":{"nombre":"Avenida Libertador Bernardo O'Higgins","jerarquia":3},"geometry":{"type":"LineString","coordinates":[[-72.09567,-36.56232],[-72.09577,-36.56261]]}},{"type":"Feature","properties":{"nombre":"Avenida Paul Harris","jerarquia":4},"geometry":{"type":"LineString","coordinates":[[-72.08515,-36.59133],[-72.08491,-36.59142]]}},{"type":"Feature","properties":{"nombre":"Avenida Paul Harris","jerarquia":4},"geometry":{"type":"LineString","coordinates":[[-72.08446,-36.5915],[-72.0849,-36.59133]]}},{"type":"Feature","properties":{"nombre":"Avenida Padre Alberto Hurtado","jerarquia":5},"geometry":{"type":"LineString","coordinates":[[-72.09917,-36.59488],[-72.09888,-36.59454]]}},{"type":"Feature","properties":{"nombre":"Diego de Almagro","jerarquia":5},"geometry":{"type":"LineString","coordinates":[[-72.09888,-36.59454],[-72.09752,-36.59516]]}},{"type":"Feature","properties":{"nombre":"Avenida Padre Alberto Hurtado","jerarquia":5},"geometry":{"type":"LineString","coordinates":[[-72.09767,-36.59314],[-72.0979,-36.59341]]}},{"type":"Feature","properties":{"nombre":"Avenida Padre Alberto Hurtado","jerarquia":5},"geometry":{"type":"LineString","coordinates":[[-72.0979,-36.59341],[-72.09823,-36.59379]]}},{"type":"Feature","properties":{"nombre":"Avenida Padre Alberto Hurtado","jerarquia":5},"geometry":{"type":"LineString","coordinates":[[-72.09823,-36.59379],[-72.09855,-36.59417]]}},{"type":"Feature","properties":{"nombre":"Diego de Almagro","jerarquia":5},"geometry":{"type":"LineString","coordinates":[[-72.10411,-36.59317],[-72.10235,-36.5936]]}},{"type":"Feature","properties":{"nombre":"Ruta N-55","jerarquia":4},"geometry":{"type":"LineString","coordinates":[[-72.06192,-36.64218],[-72.06147,-36.64228]]}},{"type":"Feature","properties":{"nombre":"Rodrigo de Quiroga","jerarquia":5},"geometry":{"type":"LineString","coordinates":[[-72.10523,-36.62022],[-72.1051,-36.62022]]}},{"type":"Feature","properties":{"nombre":"Rodrigo de Quiroga","jerarquia":5},"geometry":{"type":"LineString","coordinates":[[-72.1051,-36.62022],[-72.10422,-36.62034]]}},{"type":"Feature","properties":{"nombre":"Rosauro Acuña","jerarquia":4},"geometry":{"type":"LineString","coordinates":[[-72.10541,-36.62023],[-72.10536,-36.62023]]}},{"type":"Feature","properties":{"nombre":"Rosauro Acuña","jerarquia":4},"geometry":{"type":"LineString","coordinates":[[-72.10536,-36.62023],[-72.10523,-36.62022]]}},{"type":"Feature","properties":{"nombre":"Huambalí","jerarquia":4},"geometry":{"type":"LineString","coordinates":[[-72.10523,-36.62022],[-72.10525,-36.62017]]}},{"type":"Feature","properties":{"nombre":"Huambalí","jerarquia":4},"geometry":{"type":"LineString","coordinates":[[-72.10525,-36.62017],[-72.10533,-36.61989]]}},{"type":"Feature","properties":{"nombre":"Rosauro Acuña","jerarquia":4},"geometry":{"type":"LineString","coordinates":[[-72.11755,-36.62089],[-72.11648,-36.62098]]}},{"type":"Feature","properties":{"nombre":"Rosauro Acuña","jerarquia":4},"geometry":{"type":"LineString","coordinates":[[-72.11852,-36.62069],[-72.11832,-36.62082],[-72.11755,-36.62089]]}},{"type":"Feature","properties":{"nombre":"Avenida Libertador Bernardo O'Higgins","jerarquia":3},"geometry":{"type":"LineString","coordinates":[[-72.12045,-36.61972],[-72.1201,-36.61947]]}},{"type":"Feature","properties":{"nombre":"Avenida Libertador Bernardo O'Higgins","jerarquia":3},"geometry":{"type":"LineString","coordinates":[[-72.1201,-36.61947],[-72.11998,-36.61939]]}},{"type":"Feature","properties":{"nombre":"","jerarquia":1},"geometry":{"type":"LineString","coordinates":[[-72.20675,-36.63845],[-72.20713,-36.63874]]}},{"type":"Feature","properties":{"nombre":"","jerarquia":1},"geometry":{"type":"LineString","coordinates":[[-72.09576,-36.55861],[-72.09538,-36.55857],[-72.09513,-36.55845]]}},{"type":"Feature","properties":{"nombre":"Las Dunas","jerarquia":5},"geometry":{"type":"LineString","coordinates":[[-71.93349,-36.5059],[-71.9329,-36.50587],[-71.92622,-36.50484]]}},{"type":"Feature","properties":{"nombre":"Camino En Manzanar","jerarquia":5},"geometry":{"type":"LineString","coordinates":[[-71.93353,-36.50593],[-71.93349,-36.5059]]}},{"type":"Feature","properties":{"nombre":"Camino Quilelto","jerarquia":5},"geometry":{"type":"LineString","coordinates":[[-71.94244,-36.50211],[-71.94265,-36.50747]]}},{"type":"Feature","properties":{"nombre":"Camino Quilelto","jerarquia":5},"geometry":{"type":"LineString","coordinates":[[-71.9424,-36.50185],[-71.94244,-36.50211]]}},{"type":"Feature","properties":{"nombre":"","jerarquia":5},"geometry":{"type":"LineString","coordinates":[[-72.05049,-36.51461],[-72.0481,-36.51337],[-72.04575,-36.5115],[-72.04501,-36.51079]]}},{"type":"Feature","properties":{"nombre":"","jerarquia":5},"geometry":{"type":"LineString","coordinates":[[-72.04501,-36.51079],[-72.04493,-36.51072]]}},{"type":"Feature","properties":{"nombre":"Camino Santa Isabel","jerarquia":5},"geometry":{"type":"LineString","coordinates":[[-72.03151,-36.50119],[-72.03203,-36.50348]]}},{"type":"Feature","properties":{"nombre":"Camino Santa Isabel","jerarquia":5},"geometry":{"type":"LineString","coordinates":[[-72.03149,-36.50097],[-72.03151,-36.50119]]}},{"type":"Feature","properties":{"nombre":"Ruta 5 Sur","jerarquia":1},"geometry":{"type":"LineString","coordinates":[[-72.02725,-36.49228],[-72.02179,-36.48576]]}},{"type":"Feature","properties":{"nombre":"Ruta 5 Sur","jerarquia":1},"geometry":{"type":"LineString","coordinates":[[-72.03679,-36.50367],[-72.03662,-36.50348]]}},{"type":"Feature","properties":{"nombre":"Ruta 5 Sur","jerarquia":1},"geometry":{"type":"LineString","coordinates":[[-72.02857,-36.49367],[-72.03366,-36.49975]]}},{"type":"Feature","properties":{"nombre":"Ruta 5 Sur","jerarquia":1},"geometry":{"type":"LineString","coordinates":[[-72.03366,-36.49975],[-72.03646,-36.50305]]}},{"type":"Feature","properties":{"nombre":"Ruta 5 Sur","jerarquia":1},"geometry":{"type":"LineString","coordinates":[[-72.03646,-36.50305],[-72.03679,-36.50345]]}},{"type":"Feature","properties":{"nombre":"Ruta 5 Sur","jerarquia":1},"geometry":{"type":"LineString","coordinates":[[-72.03679,-36.50345],[-72.03694,-36.50363]]}},{"type":"Feature","properties":{"nombre":"Ruta N-338","jerarquia":5},"geometry":{"type":"LineString","coordinates":[[-72.08918,-36.4876],[-72.08915,-36.48738]]}},{"type":"Feature","properties":{"nombre":"Ruta N-676","jerarquia":5},"geometry":{"type":"LineString","coordinates":[[-72.24259,-36.66494],[-72.2449,-36.66349],[-72.24514,-36.66337],[-72.24569,-36.66321]]}},{"type":"Feature","properties":{"nombre":"Barros Arana","jerarquia":4},"geometry":{"type":"LineString","coordinates":[[-72.0993,-36.62598],[-72.09942,-36.6262]]}},{"type":"Feature","properties":{"nombre":"Barros Arana","jerarquia":4},"geometry":{"type":"LineString","coordinates":[[-72.09942,-36.6262],[-72.09959,-36.62654]]}},{"type":"Feature","properties":{"nombre":"Barros Arana","jerarquia":4},"geometry":{"type":"LineString","coordinates":[[-72.09873,-36.62499],[-72.09895,-36.62537]]}},{"type":"Feature","properties":{"nombre":"Barros Arana","jerarquia":4},"geometry":{"type":"LineString","coordinates":[[-72.09895,-36.62537],[-72.09905,-36.62555]]}},{"type":"Feature","properties":{"nombre":"Barros Arana","jerarquia":4},"geometry":{"type":"LineString","coordinates":[[-72.09905,-36.62555],[-72.09919,-36.62578]]}},{"type":"Feature","properties":{"nombre":"Barros Arana","jerarquia":4},"geometry":{"type":"LineString","coordinates":[[-72.09919,-36.62578],[-72.0993,-36.62598]]}},{"type":"Feature","properties":{"nombre":"Barros Arana","jerarquia":4},"geometry":{"type":"LineString","coordinates":[[-72.0979,-36.6237],[-72.09802,-36.62386]]}},{"type":"Feature","properties":{"nombre":"Avenida Alonso de Ercilla","jerarquia":4},"geometry":{"type":"LineString","coordinates":[[-72.1012,-36.62312],[-72.10004,-36.62331]]}},{"type":"Feature","properties":{"nombre":"Avenida Alonso de Ercilla","jerarquia":4},"geometry":{"type":"LineString","coordinates":[[-72.10004,-36.62331],[-72.0997,-36.62337]]}},{"type":"Feature","properties":{"nombre":"Avenida Alonso de Ercilla","jerarquia":4},"geometry":{"type":"LineString","coordinates":[[-72.0997,-36.62337],[-72.09891,-36.62352]]}},{"type":"Feature","properties":{"nombre":"Avenida Alonso de Ercilla","jerarquia":4},"geometry":{"type":"LineString","coordinates":[[-72.09891,-36.62352],[-72.0979,-36.6237]]}},{"type":"Feature","properties":{"nombre":"Los Espinos","jerarquia":5},"geometry":{"type":"LineString","coordinates":[[-72.10325,-36.62769],[-72.1032,-36.62745]]}},{"type":"Feature","properties":{"nombre":"Avenida Reino de Chile","jerarquia":5},"geometry":{"type":"LineString","coordinates":[[-72.10509,-36.63015],[-72.10545,-36.63022]]}},{"type":"Feature","properties":{"nombre":"Avenida Reino de Chile","jerarquia":5},"geometry":{"type":"LineString","coordinates":[[-72.10545,-36.63022],[-72.10728,-36.63057]]}},{"type":"Feature","properties":{"nombre":"Avenida Reino de Chile","jerarquia":5},"geometry":{"type":"LineString","coordinates":[[-72.10731,-36.63072],[-72.10693,-36.63065]]}},{"type":"Feature","properties":{"nombre":"Avenida Reino de Chile","jerarquia":5},"geometry":{"type":"LineString","coordinates":[[-72.10693,-36.63065],[-72.1063,-36.63053]]}},{"type":"Feature","properties":{"nombre":"Avenida Reino de Chile","jerarquia":5},"geometry":{"type":"LineString","coordinates":[[-72.1063,-36.63053],[-72.10594,-36.63046]]}},{"type":"Feature","properties":{"nombre":"Avenida Reino de Chile","jerarquia":5},"geometry":{"type":"LineString","coordinates":[[-72.10594,-36.63046],[-72.10549,-36.63038]]}},{"type":"Feature","properties":{"nombre":"Avenida Reino de Chile","jerarquia":5},"geometry":{"type":"LineString","coordinates":[[-72.10549,-36.63038],[-72.10512,-36.63031]]}},{"type":"Feature","properties":{"nombre":"Avenida Libertador Bernardo O'Higgins","jerarquia":3},"geometry":{"type":"LineString","coordinates":[[-72.10206,-36.58224],[-72.10141,-36.58021]]}},{"type":"Feature","properties":{"nombre":"Avenida Libertador Bernardo O'Higgins","jerarquia":3},"geometry":{"type":"LineString","coordinates":[[-72.10207,-36.58165],[-72.10224,-36.58226]]}},{"type":"Feature","properties":{"nombre":"Ruta N-350","jerarquia":5},"geometry":{"type":"LineString","coordinates":[[-72.09603,-36.51971],[-72.09608,-36.51598]]}},{"type":"Feature","properties":{"nombre":"Ruta N-350","jerarquia":5},"geometry":{"type":"LineString","coordinates":[[-72.09608,-36.51598],[-72.09616,-36.51481],[-72.09625,-36.51431]]}},{"type":"Feature","properties":{"nombre":"Ruta N-350","jerarquia":5},"geometry":{"type":"LineString","coordinates":[[-72.09625,-36.51431],[-72.09629,-36.51411]]}},{"type":"Feature","properties":{"nombre":"Ruta N-350","jerarquia":5},"geometry":{"type":"LineString","coordinates":[[-72.09629,-36.51411],[-72.09634,-36.51388]]}},{"type":"Feature","properties":{"nombre":"Ruta N-50","jerarquia":3},"geometry":{"type":"LineString","coordinates":[[-72.07817,-36.52147],[-72.07903,-36.52129],[-72.08005,-36.52113],[-72.083,-36.52102]]}},{"type":"Feature","properties":{"nombre":"Ruta N-50","jerarquia":3},"geometry":{"type":"LineString","coordinates":[[-72.083,-36.52102],[-72.09215,-36.52066],[-72.09324,-36.52053],[-72.09368,-36.52043],[-72.09603,-36.51971]]}},{"type":"Feature","properties":{"nombre":"Ruta N-50","jerarquia":3},"geometry":{"type":"LineString","coordinates":[[-72.09603,-36.51971],[-72.09935,-36.5186]]}},{"type":"Feature","properties":{"nombre":"Ruta N-50","jerarquia":3},"geometry":{"type":"LineString","coordinates":[[-72.09935,-36.5186],[-72.10472,-36.51679]]}},{"type":"Feature","properties":{"nombre":"Ruta N-50","jerarquia":3},"geometry":{"type":"LineString","coordinates":[[-72.10472,-36.51679],[-72.10706,-36.51602]]}},{"type":"Feature","properties":{"nombre":"Ruta N-50","jerarquia":3},"geometry":{"type":"LineString","coordinates":[[-72.10706,-36.51602],[-72.10735,-36.51593]]}},{"type":"Feature","properties":{"nombre":"","jerarquia":1},"geometry":{"type":"LineString","coordinates":[[-72.09507,-36.56035],[-72.09495,-36.55886]]}},{"type":"Feature","properties":{"nombre":"Avenida Libertador Bernardo O'Higgins","jerarquia":3},"geometry":{"type":"LineString","coordinates":[[-72.10091,-36.57814],[-72.10189,-36.58113]]}},{"type":"Feature","properties":{"nombre":"Avenida Libertador Bernardo O'Higgins","jerarquia":3},"geometry":{"type":"LineString","coordinates":[[-72.09539,-36.56138],[-72.09545,-36.56164]]}},{"type":"Feature","properties":{"nombre":"Avenida Libertador Bernardo O'Higgins","jerarquia":3},"geometry":{"type":"LineString","coordinates":[[-72.0952,-36.56137],[-72.09515,-36.56118]]}},{"type":"Feature","properties":{"nombre":"Huambalí","jerarquia":5},"geometry":{"type":"LineString","coordinates":[[-72.10654,-36.62699],[-72.10651,-36.62694]]}},{"type":"Feature","properties":{"nombre":"Huambalí","jerarquia":5},"geometry":{"type":"LineString","coordinates":[[-72.10651,-36.62694],[-72.10631,-36.62655]]}},{"type":"Feature","properties":{"nombre":"Huambalí","jerarquia":5},"geometry":{"type":"LineString","coordinates":[[-72.10631,-36.62655],[-72.10611,-36.62613]]}},{"type":"Feature","properties":{"nombre":"Huambalí","jerarquia":5},"geometry":{"type":"LineString","coordinates":[[-72.10611,-36.62613],[-72.1059,-36.6257]]}},{"type":"Feature","properties":{"nombre":"Huambalí","jerarquia":5},"geometry":{"type":"LineString","coordinates":[[-72.1059,-36.6257],[-72.10571,-36.6253]]}},{"type":"Feature","properties":{"nombre":"Avenida Alonso de Ercilla","jerarquia":5},"geometry":{"type":"LineString","coordinates":[[-72.11154,-36.62312],[-72.11051,-36.62308]]}},{"type":"Feature","properties":{"nombre":"Avenida Alonso de Ercilla","jerarquia":5},"geometry":{"type":"LineString","coordinates":[[-72.11051,-36.62308],[-72.11034,-36.62307]]}},{"type":"Feature","properties":{"nombre":"Avenida Alonso de Ercilla","jerarquia":5},"geometry":{"type":"LineString","coordinates":[[-72.11564,-36.62305],[-72.11548,-36.62305]]}},{"type":"Feature","properties":{"nombre":"Avenida Alonso de Ercilla","jerarquia":5},"geometry":{"type":"LineString","coordinates":[[-72.11548,-36.62305],[-72.11503,-36.62306]]}},{"type":"Feature","properties":{"nombre":"Avenida Alonso de Ercilla","jerarquia":5},"geometry":{"type":"LineString","coordinates":[[-72.11503,-36.62306],[-72.11446,-36.62307]]}},{"type":"Feature","properties":{"nombre":"Avenida Alonso de Ercilla","jerarquia":5},"geometry":{"type":"LineString","coordinates":[[-72.11446,-36.62307],[-72.11412,-36.62307]]}},{"type":"Feature","properties":{"nombre":"Avenida Alonso de Ercilla","jerarquia":5},"geometry":{"type":"LineString","coordinates":[[-72.11412,-36.62307],[-72.11289,-36.6231]]}},{"type":"Feature","properties":{"nombre":"Avenida Alonso de Ercilla","jerarquia":5},"geometry":{"type":"LineString","coordinates":[[-72.11289,-36.6231],[-72.1123,-36.62311]]}},{"type":"Feature","properties":{"nombre":"Avenida Alonso de Ercilla","jerarquia":5},"geometry":{"type":"LineString","coordinates":[[-72.1123,-36.62311],[-72.11154,-36.62312]]}},{"type":"Feature","properties":{"nombre":"Avenida Alonso de Ercilla","jerarquia":5},"geometry":{"type":"LineString","coordinates":[[-72.10625,-36.62294],[-72.10596,-36.62294]]}},{"type":"Feature","properties":{"nombre":"Avenida Alonso de Ercilla","jerarquia":5},"geometry":{"type":"LineString","coordinates":[[-72.10596,-36.62294],[-72.10539,-36.62292]]}},{"type":"Feature","properties":{"nombre":"Avenida Alonso de Ercilla","jerarquia":5},"geometry":{"type":"LineString","coordinates":[[-72.10539,-36.62292],[-72.10507,-36.62291]]}},{"type":"Feature","properties":{"nombre":"Avenida Alonso de Ercilla","jerarquia":5},"geometry":{"type":"LineString","coordinates":[[-72.10507,-36.62291],[-72.10472,-36.62281]]}},{"type":"Feature","properties":{"nombre":"Las Canoas","jerarquia":5},"geometry":{"type":"LineString","coordinates":[[-72.11564,-36.62305],[-72.11547,-36.62245]]}},{"type":"Feature","properties":{"nombre":"Las Canoas","jerarquia":5},"geometry":{"type":"LineString","coordinates":[[-72.11547,-36.62245],[-72.11534,-36.62196]]}},{"type":"Feature","properties":{"nombre":"Las Canoas","jerarquia":5},"geometry":{"type":"LineString","coordinates":[[-72.11534,-36.62196],[-72.11531,-36.62186]]}},{"type":"Feature","properties":{"nombre":"Las Canoas","jerarquia":5},"geometry":{"type":"LineString","coordinates":[[-72.11531,-36.62186],[-72.11521,-36.6215]]}},{"type":"Feature","properties":{"nombre":"Las Canoas","jerarquia":5},"geometry":{"type":"LineString","coordinates":[[-72.11521,-36.6215],[-72.1151,-36.62108]]}},{"type":"Feature","properties":{"nombre":"Avenida Libertador Bernardo O'Higgins","jerarquia":3},"geometry":{"type":"LineString","coordinates":[[-72.1334,-36.62211],[-72.13387,-36.62204]]}},{"type":"Feature","properties":{"nombre":"Avenida Libertador Bernardo O'Higgins","jerarquia":3},"geometry":{"type":"LineString","coordinates":[[-72.13387,-36.62204],[-72.13541,-36.62183]]}},{"type":"Feature","properties":{"nombre":"Avenida Libertador Bernardo O'Higgins","jerarquia":3},"geometry":{"type":"LineString","coordinates":[[-72.13541,-36.62183],[-72.1356,-36.6218]]}},{"type":"Feature","properties":{"nombre":"Avenida Libertador Bernardo O'Higgins","jerarquia":3},"geometry":{"type":"LineString","coordinates":[[-72.12785,-36.62288],[-72.12922,-36.6227]]}},{"type":"Feature","properties":{"nombre":"Avenida Libertador Bernardo O'Higgins","jerarquia":3},"geometry":{"type":"LineString","coordinates":[[-72.12922,-36.6227],[-72.12937,-36.62268]]}},{"type":"Feature","properties":{"nombre":"Avenida Libertador Bernardo O'Higgins","jerarquia":3},"geometry":{"type":"LineString","coordinates":[[-72.12937,-36.62268],[-72.12949,-36.62266]]}},{"type":"Feature","properties":{"nombre":"Avenida Libertador Bernardo O'Higgins","jerarquia":3},"geometry":{"type":"LineString","coordinates":[[-72.12949,-36.62266],[-72.1295,-36.62266]]}},{"type":"Feature","properties":{"nombre":"Avenida Libertador Bernardo O'Higgins","jerarquia":3},"geometry":{"type":"LineString","coordinates":[[-72.10623,-36.59838],[-72.10628,-36.59851]]}},{"type":"Feature","properties":{"nombre":"Avenida Ecuador","jerarquia":3},"geometry":{"type":"LineString","coordinates":[[-72.10608,-36.59842],[-72.10623,-36.59838]]}},{"type":"Feature","properties":{"nombre":"Avenida Ecuador","jerarquia":3},"geometry":{"type":"LineString","coordinates":[[-72.10628,-36.59851],[-72.10615,-36.59854]]}},{"type":"Feature","properties":{"nombre":"Real Audiencia","jerarquia":5},"geometry":{"type":"LineString","coordinates":[[-72.12699,-36.61673],[-72.12755,-36.61643]]}},{"type":"Feature","properties":{"nombre":"Avenida Mariscal Ruiz de Gamboa","jerarquia":3},"geometry":{"type":"LineString","coordinates":[[-72.11767,-36.60118],[-72.11836,-36.60206]]}},{"type":"Feature","properties":{"nombre":"Avenida Mariscal Ruiz de Gamboa","jerarquia":3},"geometry":{"type":"LineString","coordinates":[[-72.11836,-36.60206],[-72.11878,-36.60271]]}},{"type":"Feature","properties":{"nombre":"Avenida Mariscal Ruiz de Gamboa","jerarquia":3},"geometry":{"type":"LineString","coordinates":[[-72.11878,-36.60271],[-72.11892,-36.6029]]}},{"type":"Feature","properties":{"nombre":"Avenida Mariscal Ruiz de Gamboa","jerarquia":3},"geometry":{"type":"LineString","coordinates":[[-72.11892,-36.6029],[-72.11934,-36.60338]]}},{"type":"Feature","properties":{"nombre":"Avenida Mariscal Ruiz de Gamboa","jerarquia":3},"geometry":{"type":"LineString","coordinates":[[-72.11375,-36.59627],[-72.1141,-36.59669]]}},{"type":"Feature","properties":{"nombre":"Avenida Mariscal Ruiz de Gamboa","jerarquia":3},"geometry":{"type":"LineString","coordinates":[[-72.1141,-36.59669],[-72.11433,-36.59698]]}},{"type":"Feature","properties":{"nombre":"Avenida Mariscal Ruiz de Gamboa","jerarquia":3},"geometry":{"type":"LineString","coordinates":[[-72.11433,-36.59698],[-72.11466,-36.59738]]}},{"type":"Feature","properties":{"nombre":"Manuel Rodríguez","jerarquia":5},"geometry":{"type":"LineString","coordinates":[[-72.09361,-36.59376],[-72.09356,-36.59378]]}},{"type":"Feature","properties":{"nombre":"Manuel Rodríguez","jerarquia":5},"geometry":{"type":"LineString","coordinates":[[-72.09356,-36.59378],[-72.09317,-36.59396]]}},{"type":"Feature","properties":{"nombre":"Manuel Rodríguez","jerarquia":5},"geometry":{"type":"LineString","coordinates":[[-72.09317,-36.59396],[-72.09279,-36.59413]]}},{"type":"Feature","properties":{"nombre":"Manuel Rodríguez","jerarquia":5},"geometry":{"type":"LineString","coordinates":[[-72.09279,-36.59413],[-72.0925,-36.59426]]}},{"type":"Feature","properties":{"nombre":"Manuel Rodríguez","jerarquia":5},"geometry":{"type":"LineString","coordinates":[[-72.0925,-36.59426],[-72.09241,-36.5943]]}},{"type":"Feature","properties":{"nombre":"Manuel Rodríguez","jerarquia":5},"geometry":{"type":"LineString","coordinates":[[-72.09241,-36.5943],[-72.09203,-36.59448]]}},{"type":"Feature","properties":{"nombre":"Manuel Rodríguez","jerarquia":5},"geometry":{"type":"LineString","coordinates":[[-72.09203,-36.59448],[-72.09164,-36.59465]]}},{"type":"Feature","properties":{"nombre":"Manuel Rodríguez","jerarquia":5},"geometry":{"type":"LineString","coordinates":[[-72.09164,-36.59465],[-72.0914,-36.59476]]}},{"type":"Feature","properties":{"nombre":"Manuel Rodríguez","jerarquia":5},"geometry":{"type":"LineString","coordinates":[[-72.0914,-36.59476],[-72.09119,-36.59486]]}},{"type":"Feature","properties":{"nombre":"Avenida Padre Alberto Hurtado","jerarquia":5},"geometry":{"type":"LineString","coordinates":[[-72.0969,-36.59228],[-72.0972,-36.59262]]}},{"type":"Feature","properties":{"nombre":"Avenida Padre Alberto Hurtado","jerarquia":5},"geometry":{"type":"LineString","coordinates":[[-72.0972,-36.59262],[-72.09743,-36.59288]]}},{"type":"Feature","properties":{"nombre":"Avenida Padre Alberto Hurtado","jerarquia":5},"geometry":{"type":"LineString","coordinates":[[-72.09743,-36.59288],[-72.09758,-36.59304]]}},{"type":"Feature","properties":{"nombre":"Avenida Padre Alberto Hurtado","jerarquia":5},"geometry":{"type":"LineString","coordinates":[[-72.09758,-36.59304],[-72.09767,-36.59314]]}},{"type":"Feature","properties":{"nombre":"Ángel Parra","jerarquia":5},"geometry":{"type":"LineString","coordinates":[[-72.13275,-36.62967],[-72.13267,-36.62937]]}},{"type":"Feature","properties":{"nombre":"Ángel Parra","jerarquia":5},"geometry":{"type":"LineString","coordinates":[[-72.13267,-36.62937],[-72.13244,-36.6285]]}},{"type":"Feature","properties":{"nombre":"Ángel Parra","jerarquia":5},"geometry":{"type":"LineString","coordinates":[[-72.13244,-36.6285],[-72.13212,-36.62727]]}},{"type":"Feature","properties":{"nombre":"Ángel Parra","jerarquia":5},"geometry":{"type":"LineString","coordinates":[[-72.13309,-36.63089],[-72.13293,-36.63033]]}},{"type":"Feature","properties":{"nombre":"Ángel Parra","jerarquia":5},"geometry":{"type":"LineString","coordinates":[[-72.13293,-36.63033],[-72.13275,-36.62967]]}},{"type":"Feature","properties":{"nombre":"Serrano","jerarquia":5},"geometry":{"type":"LineString","coordinates":[[-72.13512,-36.62685],[-72.1348,-36.62564]]}},{"type":"Feature","properties":{"nombre":"Serrano","jerarquia":5},"geometry":{"type":"LineString","coordinates":[[-72.1348,-36.62564],[-72.13464,-36.62503]]}},{"type":"Feature","properties":{"nombre":"Serrano","jerarquia":5},"geometry":{"type":"LineString","coordinates":[[-72.13464,-36.62503],[-72.13448,-36.62444]]}},{"type":"Feature","properties":{"nombre":"20 de Agosto","jerarquia":5},"geometry":{"type":"LineString","coordinates":[[-72.13268,-36.62346],[-72.13294,-36.62445]]}},{"type":"Feature","properties":{"nombre":"20 de Agosto","jerarquia":5},"geometry":{"type":"LineString","coordinates":[[-72.13294,-36.62445],[-72.133,-36.62466]]}},{"type":"Feature","properties":{"nombre":"20 de Agosto","jerarquia":5},"geometry":{"type":"LineString","coordinates":[[-72.133,-36.62466],[-72.13331,-36.62586]]}},{"type":"Feature","properties":{"nombre":"20 de Agosto","jerarquia":5},"geometry":{"type":"LineString","coordinates":[[-72.13331,-36.62586],[-72.13361,-36.62706]]}},{"type":"Feature","properties":{"nombre":"Mariano Egaña","jerarquia":5},"geometry":{"type":"LineString","coordinates":[[-72.13157,-36.6311],[-72.13124,-36.62989]]}},{"type":"Feature","properties":{"nombre":"Mariano Egaña","jerarquia":5},"geometry":{"type":"LineString","coordinates":[[-72.13124,-36.62989],[-72.13093,-36.62872]]}},{"type":"Feature","properties":{"nombre":"Mariano Egaña","jerarquia":5},"geometry":{"type":"LineString","coordinates":[[-72.13093,-36.62872],[-72.13059,-36.62747]]}},{"type":"Feature","properties":{"nombre":"Mariano Egaña","jerarquia":5},"geometry":{"type":"LineString","coordinates":[[-72.13284,-36.63623],[-72.13272,-36.63578]]}},{"type":"Feature","properties":{"nombre":"Mariano Egaña","jerarquia":5},"geometry":{"type":"LineString","coordinates":[[-72.13272,-36.63578],[-72.13246,-36.63473]]}},{"type":"Feature","properties":{"nombre":"Mariano Egaña","jerarquia":5},"geometry":{"type":"LineString","coordinates":[[-72.13246,-36.63473],[-72.13216,-36.63353]]}},{"type":"Feature","properties":{"nombre":"Mariano Egaña","jerarquia":5},"geometry":{"type":"LineString","coordinates":[[-72.13216,-36.63353],[-72.13186,-36.63232]]}},{"type":"Feature","properties":{"nombre":"Ruta 5 Sur","jerarquia":1},"geometry":{"type":"LineString","coordinates":[[-72.03662,-36.50348],[-72.03339,-36.49963]]}},{"type":"Feature","properties":{"nombre":"Ruta 5 Sur","jerarquia":1},"geometry":{"type":"LineString","coordinates":[[-72.03339,-36.49963],[-72.03197,-36.49794]]}},{"type":"Feature","properties":{"nombre":"Ruta 5 Sur","jerarquia":1},"geometry":{"type":"LineString","coordinates":[[-72.03197,-36.49794],[-72.02846,-36.49375]]}},{"type":"Feature","properties":{"nombre":"Ruta 5 Sur","jerarquia":1},"geometry":{"type":"LineString","coordinates":[[-72.02846,-36.49375],[-72.0284,-36.49368]]}},{"type":"Feature","properties":{"nombre":"Ruta 5 Sur","jerarquia":1},"geometry":{"type":"LineString","coordinates":[[-72.02779,-36.49274],[-72.02811,-36.49311]]}},{"type":"Feature","properties":{"nombre":"Ruta 5 Sur","jerarquia":1},"geometry":{"type":"LineString","coordinates":[[-72.02852,-36.4936],[-72.02857,-36.49367]]}},{"type":"Feature","properties":{"nombre":"Ruta N-366","jerarquia":5},"geometry":{"type":"LineString","coordinates":[[-72.02781,-36.49233],[-72.03243,-36.49228]]}},{"type":"Feature","properties":{"nombre":"Ruta N-366","jerarquia":5},"geometry":{"type":"LineString","coordinates":[[-72.03243,-36.49228],[-72.03359,-36.49227]]}},{"type":"Feature","properties":{"nombre":"Ruta N-366","jerarquia":5},"geometry":{"type":"LineString","coordinates":[[-72.03359,-36.49227],[-72.0352,-36.49224]]}},{"type":"Feature","properties":{"nombre":"Ruta N-366","jerarquia":5},"geometry":{"type":"LineString","coordinates":[[-72.0352,-36.49224],[-72.036,-36.49224]]}},{"type":"Feature","properties":{"nombre":"Ruta N-366","jerarquia":5},"geometry":{"type":"LineString","coordinates":[[-72.036,-36.49224],[-72.03749,-36.49225]]}},{"type":"Feature","properties":{"nombre":"Ruta N-366","jerarquia":5},"geometry":{"type":"LineString","coordinates":[[-72.03749,-36.49225],[-72.03762,-36.49388]]}},{"type":"Feature","properties":{"nombre":"Ruta N-366","jerarquia":5},"geometry":{"type":"LineString","coordinates":[[-72.03762,-36.49388],[-72.03764,-36.49403]]}},{"type":"Feature","properties":{"nombre":"Camino Santa Isabel","jerarquia":5},"geometry":{"type":"LineString","coordinates":[[-72.02028,-36.48472],[-72.02055,-36.48537]]}},{"type":"Feature","properties":{"nombre":"Camino Santa Isabel","jerarquia":5},"geometry":{"type":"LineString","coordinates":[[-72.02055,-36.48537],[-72.02118,-36.48696]]}},{"type":"Feature","properties":{"nombre":"Camino Santa Isabel","jerarquia":5},"geometry":{"type":"LineString","coordinates":[[-72.02118,-36.48696],[-72.02141,-36.48757]]}},{"type":"Feature","properties":{"nombre":"Camino Santa Isabel","jerarquia":5},"geometry":{"type":"LineString","coordinates":[[-72.02141,-36.48757],[-72.02264,-36.49084]]}},{"type":"Feature","properties":{"nombre":"Camino Santa Isabel","jerarquia":5},"geometry":{"type":"LineString","coordinates":[[-72.02264,-36.49084],[-72.02267,-36.49092]]}},{"type":"Feature","properties":{"nombre":"Avenida Alonso de Ercilla","jerarquia":4},"geometry":{"type":"LineString","coordinates":[[-72.09691,-36.62387],[-72.09662,-36.62393]]}},{"type":"Feature","properties":{"nombre":"Juan Martínez de Rozas","jerarquia":5},"geometry":{"type":"LineString","coordinates":[[-72.1357,-36.62304],[-72.13418,-36.62325]]}},{"type":"Feature","properties":{"nombre":"Juan Martínez de Rozas","jerarquia":5},"geometry":{"type":"LineString","coordinates":[[-72.13418,-36.62325],[-72.13274,-36.62345]]}},{"type":"Feature","properties":{"nombre":"Juan Martínez de Rozas","jerarquia":5},"geometry":{"type":"LineString","coordinates":[[-72.13274,-36.62345],[-72.13268,-36.62346]]}},{"type":"Feature","properties":{"nombre":"Antonio Varas","jerarquia":5},"geometry":{"type":"LineString","coordinates":[[-72.1348,-36.62564],[-72.13331,-36.62586]]}},{"type":"Feature","properties":{"nombre":"Antonio Varas","jerarquia":5},"geometry":{"type":"LineString","coordinates":[[-72.13331,-36.62586],[-72.1319,-36.62604]]}},{"type":"Feature","properties":{"nombre":"Antonio Varas","jerarquia":5},"geometry":{"type":"LineString","coordinates":[[-72.1319,-36.62604],[-72.1318,-36.62606]]}},{"type":"Feature","properties":{"nombre":"Antonio Varas","jerarquia":5},"geometry":{"type":"LineString","coordinates":[[-72.1318,-36.62606],[-72.13104,-36.62617]]}},{"type":"Feature","properties":{"nombre":"Antonio Varas","jerarquia":5},"geometry":{"type":"LineString","coordinates":[[-72.13104,-36.62617],[-72.13028,-36.62628]]}},{"type":"Feature","properties":{"nombre":"20 de Agosto","jerarquia":5},"geometry":{"type":"LineString","coordinates":[[-72.13117,-36.61745],[-72.13146,-36.61865]]}},{"type":"Feature","properties":{"nombre":"20 de Agosto","jerarquia":5},"geometry":{"type":"LineString","coordinates":[[-72.13146,-36.61865],[-72.13155,-36.61902]]}},{"type":"Feature","properties":{"nombre":"20 de Agosto","jerarquia":5},"geometry":{"type":"LineString","coordinates":[[-72.13155,-36.61902],[-72.13174,-36.61984]]}},{"type":"Feature","properties":{"nombre":"Avenida Libertador Bernardo O'Higgins","jerarquia":3},"geometry":{"type":"LineString","coordinates":[[-72.12274,-36.62128],[-72.12252,-36.6212],[-72.1223,-36.62106]]}},{"type":"Feature","properties":{"nombre":"Avenida Libertador Bernardo O'Higgins","jerarquia":3},"geometry":{"type":"LineString","coordinates":[[-72.12304,-36.62139],[-72.12409,-36.62209]]}},{"type":"Feature","properties":{"nombre":"Avenida Libertador Bernardo O'Higgins","jerarquia":3},"geometry":{"type":"LineString","coordinates":[[-72.13237,-36.62226],[-72.1334,-36.62211]]}},{"type":"Feature","properties":{"nombre":"Avenida Libertador Bernardo O'Higgins","jerarquia":3},"geometry":{"type":"LineString","coordinates":[[-72.1304,-36.62253],[-72.13079,-36.62248]]}},{"type":"Feature","properties":{"nombre":"Avenida Libertador Bernardo O'Higgins","jerarquia":3},"geometry":{"type":"LineString","coordinates":[[-72.127,-36.62299],[-72.12785,-36.62288]]}},{"type":"Feature","properties":{"nombre":"Cerro Aracar","jerarquia":5},"geometry":{"type":"LineString","coordinates":[[-72.07253,-36.61657],[-72.07289,-36.61782]]}},{"type":"Feature","properties":{"nombre":"Avenida Cerro Aracar","jerarquia":5},"geometry":{"type":"LineString","coordinates":[[-72.07391,-36.62159],[-72.07386,-36.62148]]}},{"type":"Feature","properties":{"nombre":"Avenida Cerro Aracar","jerarquia":5},"geometry":{"type":"LineString","coordinates":[[-72.07386,-36.62148],[-72.07361,-36.6206]]}},{"type":"Feature","properties":{"nombre":"Avenida Cerro Aracar","jerarquia":5},"geometry":{"type":"LineString","coordinates":[[-72.07361,-36.6206],[-72.07339,-36.61987]]}},{"type":"Feature","properties":{"nombre":"Avenida Cerro Aracar","jerarquia":5},"geometry":{"type":"LineString","coordinates":[[-72.07339,-36.61987],[-72.07323,-36.61931]]}},{"type":"Feature","properties":{"nombre":"Avenida Cerro Aracar","jerarquia":5},"geometry":{"type":"LineString","coordinates":[[-72.07323,-36.61931],[-72.07297,-36.61838]]}},{"type":"Feature","properties":{"nombre":"","jerarquia":5},"geometry":{"type":"LineString","coordinates":[[-72.07301,-36.618],[-72.07304,-36.61801]]}},{"type":"Feature","properties":{"nombre":"","jerarquia":5},"geometry":{"type":"LineString","coordinates":[[-72.07304,-36.61801],[-72.07315,-36.61805],[-72.07322,-36.61817],[-72.07313,-36.61834]]}},{"type":"Feature","properties":{"nombre":"","jerarquia":5},"geometry":{"type":"LineString","coordinates":[[-72.07313,-36.61834],[-72.07297,-36.61838]]}},{"type":"Feature","properties":{"nombre":"","jerarquia":5},"geometry":{"type":"LineString","coordinates":[[-72.07297,-36.61838],[-72.0728,-36.6183]]}},{"type":"Feature","properties":{"nombre":"","jerarquia":5},"geometry":{"type":"LineString","coordinates":[[-72.0728,-36.6183],[-72.07275,-36.61819]]}},{"type":"Feature","properties":{"nombre":"","jerarquia":5},"geometry":{"type":"LineString","coordinates":[[-72.07275,-36.61819],[-72.07283,-36.61805]]}},{"type":"Feature","properties":{"nombre":"","jerarquia":5},"geometry":{"type":"LineString","coordinates":[[-72.07283,-36.61805],[-72.07301,-36.618]]}},{"type":"Feature","properties":{"nombre":"Cerro Aracar","jerarquia":5},"geometry":{"type":"LineString","coordinates":[[-72.07283,-36.61805],[-72.07289,-36.61782]]}},{"type":"Feature","properties":{"nombre":"Cerro Aracar","jerarquia":5},"geometry":{"type":"LineString","coordinates":[[-72.07289,-36.61782],[-72.07304,-36.61801]]}},{"type":"Feature","properties":{"nombre":"Ruta N-338","jerarquia":5},"geometry":{"type":"LineString","coordinates":[[-72.09884,-36.50464],[-72.09452,-36.5039]]}},{"type":"Feature","properties":{"nombre":"Ruta N-338","jerarquia":5},"geometry":{"type":"LineString","coordinates":[[-72.09452,-36.5039],[-72.09293,-36.50367]]}},{"type":"Feature","properties":{"nombre":"Ruta N-338","jerarquia":5},"geometry":{"type":"LineString","coordinates":[[-72.09293,-36.50367],[-72.09135,-36.50341],[-72.09125,-36.50336]]}},{"type":"Feature","properties":{"nombre":"Ruta N-349","jerarquia":5},"geometry":{"type":"LineString","coordinates":[[-72.03817,-36.50666],[-72.03562,-36.50562],[-72.0347,-36.50507],[-72.03251,-36.50445],[-72.03233,-36.50434],[-72.03221,-36.50417],[-72.03203,-36.50348]]}},{"type":"Feature","properties":{"nombre":"Ruta N-349","jerarquia":5},"geometry":{"type":"LineString","coordinates":[[-72.03203,-36.50348],[-72.03186,-36.50343],[-72.02714,-36.50318],[-72.02624,-36.50325],[-72.02514,-36.50324],[-72.02434,-36.50349]]}},{"type":"Feature","properties":{"nombre":"Ruta N-349","jerarquia":5},"geometry":{"type":"LineString","coordinates":[[-72.02434,-36.50349],[-72.02267,-36.50383],[-72.02233,-36.50395],[-72.01984,-36.50517],[-72.01802,-36.50647],[-72.01772,-36.50662],[-72.01717,-36.50673],[-72.01495,-36.50664]]}},{"type":"Feature","properties":{"nombre":"Ruta N-349","jerarquia":5},"geometry":{"type":"LineString","coordinates":[[-72.01495,-36.50664],[-72.0131,-36.50655],[-72.01128,-36.50619],[-72.00796,-36.5058],[-72.00193,-36.5046],[-71.99971,-36.50404],[-71.99799,-36.50386],[-71.9976,-36.50377],[-71.99709,-36.5035],[-71.99667,-36.50336],[-71.99562,-36.50321],[-71.99509,-36.50299],[-71.99335,-36.50272],[-71.99293,-36.50254],[-71.99222,-36.50214],[-71.99172,-36.50194]]}},{"type":"Feature","properties":{"nombre":"Ruta N-349","jerarquia":5},"geometry":{"type":"LineString","coordinates":[[-71.99172,-36.50194],[-71.99009,-36.50109],[-71.98972,-36.50094],[-71.98639,-36.50103],[-71.98523,-36.50088]]}},{"type":"Feature","properties":{"nombre":"Ruta N-349","jerarquia":5},"geometry":{"type":"LineString","coordinates":[[-71.98523,-36.50088],[-71.98475,-36.50081],[-71.98447,-36.50083],[-71.98294,-36.50135]]}},{"type":"Feature","properties":{"nombre":"Ruta N-349","jerarquia":5},"geometry":{"type":"LineString","coordinates":[[-71.98294,-36.50135],[-71.98275,-36.50133],[-71.97873,-36.50016]]}},{"type":"Feature","properties":{"nombre":"Ruta N-349","jerarquia":5},"geometry":{"type":"LineString","coordinates":[[-71.97873,-36.50016],[-71.97729,-36.5003],[-71.97679,-36.50038]]}},{"type":"Feature","properties":{"nombre":"Ruta N-349","jerarquia":5},"geometry":{"type":"LineString","coordinates":[[-71.97679,-36.50038],[-71.97616,-36.50055],[-71.97523,-36.50068]]}},{"type":"Feature","properties":{"nombre":"Ruta N-349","jerarquia":5},"geometry":{"type":"LineString","coordinates":[[-71.97523,-36.50068],[-71.97462,-36.5008]]}},{"type":"Feature","properties":{"nombre":"Ruta N-349","jerarquia":5},"geometry":{"type":"LineString","coordinates":[[-71.97462,-36.5008],[-71.9732,-36.50128],[-71.97306,-36.50129]]}},{"type":"Feature","properties":{"nombre":"Ruta N-349","jerarquia":5},"geometry":{"type":"LineString","coordinates":[[-71.97306,-36.50129],[-71.97278,-36.50115],[-71.97144,-36.49984]]}},{"type":"Feature","properties":{"nombre":"Ruta N-349","jerarquia":5},"geometry":{"type":"LineString","coordinates":[[-71.93816,-36.48831],[-71.93785,-36.48676],[-71.9377,-36.48575],[-71.93697,-36.4801],[-71.93677,-36.4782]]}},{"type":"Feature","properties":{"nombre":"Ruta N-349","jerarquia":5},"geometry":{"type":"LineString","coordinates":[[-71.93677,-36.4782],[-71.93416,-36.47415]]}},{"type":"Feature","properties":{"nombre":"Ruta N-349","jerarquia":5},"geometry":{"type":"LineString","coordinates":[[-71.93416,-36.47415],[-71.93204,-36.46948],[-71.93197,-36.46912],[-71.93219,-36.46815]]}},{"type":"Feature","properties":{"nombre":"Ruta N-349","jerarquia":5},"geometry":{"type":"LineString","coordinates":[[-71.93818,-36.48839],[-71.93816,-36.48831]]}},{"type":"Feature","properties":{"nombre":"","jerarquia":1},"geometry":{"type":"LineString","coordinates":[[-72.06171,-36.52194],[-72.06177,-36.52175]]}},{"type":"Feature","properties":{"nombre":"","jerarquia":1},"geometry":{"type":"LineString","coordinates":[[-72.02058,-36.48459],[-72.02028,-36.48472]]}},{"type":"Feature","properties":{"nombre":"La Maravilla","jerarquia":5},"geometry":{"type":"LineString","coordinates":[[-72.21859,-36.49719],[-72.21751,-36.49139]]}},{"type":"Feature","properties":{"nombre":"La Maravilla","jerarquia":5},"geometry":{"type":"LineString","coordinates":[[-72.21751,-36.49139],[-72.21747,-36.4911]]}},{"type":"Feature","properties":{"nombre":"La Maravilla","jerarquia":5},"geometry":{"type":"LineString","coordinates":[[-72.21747,-36.4911],[-72.21749,-36.49074],[-72.21771,-36.49038]]}},{"type":"Feature","properties":{"nombre":"La Maravilla","jerarquia":5},"geometry":{"type":"LineString","coordinates":[[-72.21771,-36.49038],[-72.21823,-36.49004]]}},{"type":"Feature","properties":{"nombre":"La Maravilla","jerarquia":5},"geometry":{"type":"LineString","coordinates":[[-72.21823,-36.49004],[-72.21916,-36.48939]]}},{"type":"Feature","properties":{"nombre":"Ruta N-350","jerarquia":5},"geometry":{"type":"LineString","coordinates":[[-72.09912,-36.50359],[-72.09931,-36.50312],[-72.09956,-36.50274]]}},{"type":"Feature","properties":{"nombre":"Ruta N-350","jerarquia":5},"geometry":{"type":"LineString","coordinates":[[-72.09956,-36.50274],[-72.10185,-36.49947]]}},{"type":"Feature","properties":{"nombre":"Ruta N-350","jerarquia":5},"geometry":{"type":"LineString","coordinates":[[-72.09908,-36.50374],[-72.09912,-36.50359]]}},{"type":"Feature","properties":{"nombre":"Ruta N-338","jerarquia":5},"geometry":{"type":"LineString","coordinates":[[-72.09125,-36.50336],[-72.09121,-36.50327]]}},{"type":"Feature","properties":{"nombre":"Ruta N-338","jerarquia":5},"geometry":{"type":"LineString","coordinates":[[-72.09121,-36.50327],[-72.09105,-36.50191]]}},{"type":"Feature","properties":{"nombre":"Ruta N-338","jerarquia":5},"geometry":{"type":"LineString","coordinates":[[-72.09105,-36.50191],[-72.09104,-36.50182]]}},{"type":"Feature","properties":{"nombre":"Avenida Reino de Chile","jerarquia":5},"geometry":{"type":"LineString","coordinates":[[-72.10728,-36.63057],[-72.10739,-36.63059]]}},{"type":"Feature","properties":{"nombre":"Avenida Reino de Chile","jerarquia":5},"geometry":{"type":"LineString","coordinates":[[-72.10739,-36.63059],[-72.10788,-36.63072],[-72.10856,-36.63101]]}},{"type":"Feature","properties":{"nombre":"Diagonal Las Termas","jerarquia":4},"geometry":{"type":"LineString","coordinates":[[-72.08752,-36.62508],[-72.08751,-36.62516]]}},{"type":"Feature","properties":{"nombre":"Diagonal Las Termas","jerarquia":4},"geometry":{"type":"LineString","coordinates":[[-72.08751,-36.62516],[-72.0874,-36.62535]]}},{"type":"Feature","properties":{"nombre":"Avenida Los Puelches","jerarquia":4},"geometry":{"type":"LineString","coordinates":[[-72.08745,-36.62475],[-72.08752,-36.62504]]}},{"type":"Feature","properties":{"nombre":"Avenida Los Puelches","jerarquia":4},"geometry":{"type":"LineString","coordinates":[[-72.08752,-36.62504],[-72.08752,-36.62508]]}},{"type":"Feature","properties":{"nombre":"Avenida Alonso de Ercilla","jerarquia":4},"geometry":{"type":"LineString","coordinates":[[-72.08752,-36.62508],[-72.08767,-36.62508]]}},{"type":"Feature","properties":{"nombre":"Avenida Alonso de Ercilla","jerarquia":4},"geometry":{"type":"LineString","coordinates":[[-72.08767,-36.62508],[-72.08797,-36.62506]]}},{"type":"Feature","properties":{"nombre":"Avenida Alonso de Ercilla","jerarquia":4},"geometry":{"type":"LineString","coordinates":[[-72.08649,-36.62514],[-72.08743,-36.62509]]}},{"type":"Feature","properties":{"nombre":"Avenida Alonso de Ercilla","jerarquia":4},"geometry":{"type":"LineString","coordinates":[[-72.08743,-36.62509],[-72.08752,-36.62508]]}},{"type":"Feature","properties":{"nombre":"Avenida Los Puelches","jerarquia":4},"geometry":{"type":"LineString","coordinates":[[-72.08512,-36.61687],[-72.08526,-36.61739]]}},{"type":"Feature","properties":{"nombre":"Avenida Los Puelches","jerarquia":4},"geometry":{"type":"LineString","coordinates":[[-72.08526,-36.61739],[-72.0855,-36.61822]]}},{"type":"Feature","properties":{"nombre":"Avenida Los Puelches","jerarquia":4},"geometry":{"type":"LineString","coordinates":[[-72.0855,-36.61822],[-72.08576,-36.61913]]}},{"type":"Feature","properties":{"nombre":"Avenida Los Puelches","jerarquia":4},"geometry":{"type":"LineString","coordinates":[[-72.08576,-36.61913],[-72.08582,-36.61934]]}},{"type":"Feature","properties":{"nombre":"Ruta N-62","jerarquia":4},"geometry":{"type":"LineString","coordinates":[[-72.16205,-36.61005],[-72.16442,-36.61044]]}},{"type":"Feature","properties":{"nombre":"Ruta N-62","jerarquia":4},"geometry":{"type":"LineString","coordinates":[[-72.16442,-36.61044],[-72.17059,-36.61144]]}},{"type":"Feature","properties":{"nombre":"Ruta N-62","jerarquia":4},"geometry":{"type":"LineString","coordinates":[[-72.17059,-36.61144],[-72.17127,-36.61155]]}},{"type":"Feature","properties":{"nombre":"Ruta N-62","jerarquia":4},"geometry":{"type":"LineString","coordinates":[[-72.17127,-36.61155],[-72.17176,-36.61163]]}},{"type":"Feature","properties":{"nombre":"Ruta N-62","jerarquia":4},"geometry":{"type":"LineString","coordinates":[[-72.17176,-36.61163],[-72.17237,-36.61172]]}},{"type":"Feature","properties":{"nombre":"Ruta N-62","jerarquia":4},"geometry":{"type":"LineString","coordinates":[[-72.17237,-36.61172],[-72.17298,-36.61182]]}},{"type":"Feature","properties":{"nombre":"Ruta N-62","jerarquia":4},"geometry":{"type":"LineString","coordinates":[[-72.17298,-36.61182],[-72.18076,-36.61309]]}},{"type":"Feature","properties":{"nombre":"Ruta N-62","jerarquia":4},"geometry":{"type":"LineString","coordinates":[[-72.18076,-36.61309],[-72.18482,-36.61376]]}},{"type":"Feature","properties":{"nombre":"Ruta N-62","jerarquia":4},"geometry":{"type":"LineString","coordinates":[[-72.27259,-36.60876],[-72.27492,-36.60888]]}},{"type":"Feature","properties":{"nombre":"Ruta N-62","jerarquia":4},"geometry":{"type":"LineString","coordinates":[[-72.26999,-36.60864],[-72.27259,-36.60876]]}},{"type":"Feature","properties":{"nombre":"Ruta N-62","jerarquia":4},"geometry":{"type":"LineString","coordinates":[[-72.27492,-36.60888],[-72.27726,-36.60902]]}},{"type":"Feature","properties":{"nombre":"","jerarquia":1},"geometry":{"type":"LineString","coordinates":[[-72.16177,-36.62618],[-72.16154,-36.62617]]}},{"type":"Feature","properties":{"nombre":"Ruta N-595","jerarquia":5},"geometry":{"type":"LineString","coordinates":[[-72.2067,-36.64753],[-72.20731,-36.64716]]}},{"type":"Feature","properties":{"nombre":"Ruta N-595","jerarquia":5},"geometry":{"type":"LineString","coordinates":[[-72.20731,-36.64716],[-72.20768,-36.64696]]}},{"type":"Feature","properties":{"nombre":"Ruta N-595","jerarquia":5},"geometry":{"type":"LineString","coordinates":[[-72.20768,-36.64696],[-72.20789,-36.64681]]}},{"type":"Feature","properties":{"nombre":"Ruta N-595","jerarquia":5},"geometry":{"type":"LineString","coordinates":[[-72.20789,-36.64681],[-72.20842,-36.64634],[-72.20912,-36.64549],[-72.20927,-36.64544],[-72.20998,-36.64545]]}},{"type":"Feature","properties":{"nombre":"Ruta N-595","jerarquia":5},"geometry":{"type":"LineString","coordinates":[[-72.20998,-36.64545],[-72.21042,-36.64547]]}},{"type":"Feature","properties":{"nombre":"Ruta N-595","jerarquia":5},"geometry":{"type":"LineString","coordinates":[[-72.21042,-36.64547],[-72.2114,-36.64552]]}},{"type":"Feature","properties":{"nombre":"Ruta N-595","jerarquia":5},"geometry":{"type":"LineString","coordinates":[[-72.2114,-36.64552],[-72.21204,-36.64556]]}},{"type":"Feature","properties":{"nombre":"Ruta N-595","jerarquia":5},"geometry":{"type":"LineString","coordinates":[[-72.21204,-36.64556],[-72.21425,-36.64564],[-72.21452,-36.6457],[-72.21501,-36.64592],[-72.21639,-36.64638]]}},{"type":"Feature","properties":{"nombre":"Ruta N-595","jerarquia":5},"geometry":{"type":"LineString","coordinates":[[-72.21639,-36.64638],[-72.21744,-36.64673]]}},{"type":"Feature","properties":{"nombre":"Ruta N-62","jerarquia":4},"geometry":{"type":"LineString","coordinates":[[-72.14845,-36.60793],[-72.14924,-36.60805]]}},{"type":"Feature","properties":{"nombre":"Ruta 5 Sur","jerarquia":1},"geometry":{"type":"LineString","coordinates":[[-72.25148,-36.68205],[-72.25129,-36.68141]]}},{"type":"Feature","properties":{"nombre":"Ruta 5 Sur","jerarquia":1},"geometry":{"type":"LineString","coordinates":[[-72.25165,-36.68268],[-72.25148,-36.68205]]}},{"type":"Feature","properties":{"nombre":"Ruta 5 Sur","jerarquia":1},"geometry":{"type":"LineString","coordinates":[[-72.25338,-36.68644],[-72.25257,-36.6853],[-72.25236,-36.68491],[-72.25212,-36.68433],[-72.25165,-36.68268]]}},{"type":"Feature","properties":{"nombre":"Ruta 5 Sur","jerarquia":1},"geometry":{"type":"LineString","coordinates":[[-72.25566,-36.68935],[-72.25791,-36.69248]]}},{"type":"Feature","properties":{"nombre":"Ruta 5 Sur","jerarquia":1},"geometry":{"type":"LineString","coordinates":[[-72.25546,-36.68907],[-72.25566,-36.68935]]}},{"type":"Feature","properties":{"nombre":"Ruta 5 Sur","jerarquia":1},"geometry":{"type":"LineString","coordinates":[[-72.25525,-36.68878],[-72.25546,-36.68907]]}},{"type":"Feature","properties":{"nombre":"Ruta 5 Sur","jerarquia":1},"geometry":{"type":"LineString","coordinates":[[-72.25508,-36.6888],[-72.25338,-36.68644]]}},{"type":"Feature","properties":{"nombre":"Ruta 5 Sur","jerarquia":1},"geometry":{"type":"LineString","coordinates":[[-72.25545,-36.68931],[-72.25508,-36.6888]]}},{"type":"Feature","properties":{"nombre":"Ruta 5 Sur","jerarquia":1},"geometry":{"type":"LineString","coordinates":[[-72.25604,-36.69014],[-72.25545,-36.68931]]}},{"type":"Feature","properties":{"nombre":"Ruta 5 Sur","jerarquia":1},"geometry":{"type":"LineString","coordinates":[[-72.25776,-36.69251],[-72.25604,-36.69014]]}},{"type":"Feature","properties":{"nombre":"Ruta 5 Sur","jerarquia":1},"geometry":{"type":"LineString","coordinates":[[-72.23213,-36.656],[-72.22976,-36.65439]]}},{"type":"Feature","properties":{"nombre":"Ruta 5 Sur","jerarquia":1},"geometry":{"type":"LineString","coordinates":[[-72.23597,-36.65846],[-72.23879,-36.66039]]}},{"type":"Feature","properties":{"nombre":"Ruta 5 Sur","jerarquia":1},"geometry":{"type":"LineString","coordinates":[[-72.24147,-36.66385],[-72.24207,-36.66483]]}},{"type":"Feature","properties":{"nombre":"Ruta 5 Sur","jerarquia":1},"geometry":{"type":"LineString","coordinates":[[-72.24207,-36.66483],[-72.24234,-36.66526]]}},{"type":"Feature","properties":{"nombre":"Ruta 5 Sur","jerarquia":1},"geometry":{"type":"LineString","coordinates":[[-72.24234,-36.66526],[-72.24259,-36.66565]]}},{"type":"Feature","properties":{"nombre":"Ruta 5 Sur","jerarquia":1},"geometry":{"type":"LineString","coordinates":[[-72.24044,-36.66222],[-72.24147,-36.66385]]}},{"type":"Feature","properties":{"nombre":"Ruta 5 Sur","jerarquia":1},"geometry":{"type":"LineString","coordinates":[[-72.22386,-36.65037],[-72.22325,-36.64996]]}},{"type":"Feature","properties":{"nombre":"Ruta 5 Sur","jerarquia":1},"geometry":{"type":"LineString","coordinates":[[-72.22391,-36.65041],[-72.22386,-36.65037]]}},{"type":"Feature","properties":{"nombre":"Ruta 5 Sur","jerarquia":1},"geometry":{"type":"LineString","coordinates":[[-72.22848,-36.65336],[-72.22901,-36.65373]]}},{"type":"Feature","properties":{"nombre":"Ruta 5 Sur","jerarquia":1},"geometry":{"type":"LineString","coordinates":[[-72.2186,-36.64663],[-72.21913,-36.64699]]}},{"type":"Feature","properties":{"nombre":"Ruta 5 Sur","jerarquia":1},"geometry":{"type":"LineString","coordinates":[[-72.22298,-36.64962],[-72.22423,-36.65047]]}},{"type":"Feature","properties":{"nombre":"Autopista del Itata","jerarquia":1},"geometry":{"type":"LineString","coordinates":[[-72.23472,-36.65382],[-72.23392,-36.65399]]}},{"type":"Feature","properties":{"nombre":"Autopista del Itata","jerarquia":1},"geometry":{"type":"LineString","coordinates":[[-72.23296,-36.6542],[-72.23416,-36.65383],[-72.2353,-36.65363]]}},{"type":"Feature","properties":{"nombre":"Ruta 5 Sur","jerarquia":1},"geometry":{"type":"LineString","coordinates":[[-72.22158,-36.64881],[-72.21908,-36.64712]]}},{"type":"Feature","properties":{"nombre":"Autopista del Itata","jerarquia":1},"geometry":{"type":"LineString","coordinates":[[-72.24271,-36.65537],[-72.23923,-36.65412],[-72.2384,-36.65389]]}},{"type":"Feature","properties":{"nombre":"Autopista del Itata","jerarquia":1},"geometry":{"type":"LineString","coordinates":[[-72.2384,-36.65389],[-72.23735,-36.65373],[-72.23655,-36.65368],[-72.23563,-36.6537],[-72.23472,-36.65382]]}},{"type":"Feature","properties":{"nombre":"Autopista del Itata","jerarquia":1},"geometry":{"type":"LineString","coordinates":[[-72.2323,-36.6546],[-72.23131,-36.65514]]}},{"type":"Feature","properties":{"nombre":"","jerarquia":1},"geometry":{"type":"LineString","coordinates":[[-72.22901,-36.65373],[-72.23033,-36.65439]]}},{"type":"Feature","properties":{"nombre":"Ruta 5 Sur","jerarquia":1},"geometry":{"type":"LineString","coordinates":[[-72.18716,-36.63234],[-72.18875,-36.63285]]}},{"type":"Feature","properties":{"nombre":"Ruta 5 Sur","jerarquia":1},"geometry":{"type":"LineString","coordinates":[[-72.1812,-36.63049],[-72.18241,-36.63082]]}},{"type":"Feature","properties":{"nombre":"Ruta 5 Sur","jerarquia":1},"geometry":{"type":"LineString","coordinates":[[-72.18241,-36.63082],[-72.18716,-36.63234]]}},{"type":"Feature","properties":{"nombre":"Ruta 5 Sur","jerarquia":1},"geometry":{"type":"LineString","coordinates":[[-72.17923,-36.63004],[-72.1812,-36.63049]]}},{"type":"Feature","properties":{"nombre":"Ruta 5 Sur","jerarquia":1},"geometry":{"type":"LineString","coordinates":[[-72.1876,-36.63261],[-72.18522,-36.63185]]}},{"type":"Feature","properties":{"nombre":"Ruta 5 Sur","jerarquia":1},"geometry":{"type":"LineString","coordinates":[[-72.19272,-36.63425],[-72.1876,-36.63261]]}},{"type":"Feature","properties":{"nombre":"Ruta 5 Sur","jerarquia":1},"geometry":{"type":"LineString","coordinates":[[-72.18522,-36.63185],[-72.18141,-36.63066],[-72.16822,-36.62762]]}},{"type":"Feature","properties":{"nombre":"Ruta 5 Sur","jerarquia":1},"geometry":{"type":"LineString","coordinates":[[-72.19342,-36.63447],[-72.19272,-36.63425]]}},{"type":"Feature","properties":{"nombre":"Ruta 5 Sur","jerarquia":1},"geometry":{"type":"LineString","coordinates":[[-72.18875,-36.63285],[-72.19134,-36.63368]]}},{"type":"Feature","properties":{"nombre":"Ruta 5 Sur","jerarquia":1},"geometry":{"type":"LineString","coordinates":[[-72.19264,-36.63409],[-72.19494,-36.63483]]}},{"type":"Feature","properties":{"nombre":"Ruta 5 Sur","jerarquia":1},"geometry":{"type":"LineString","coordinates":[[-72.19179,-36.63382],[-72.19264,-36.63409]]}},{"type":"Feature","properties":{"nombre":"Ruta 5 Sur","jerarquia":1},"geometry":{"type":"LineString","coordinates":[[-72.19134,-36.63368],[-72.19179,-36.63382]]}},{"type":"Feature","properties":{"nombre":"Ruta 5 Sur","jerarquia":1},"geometry":{"type":"LineString","coordinates":[[-72.1979,-36.63578],[-72.19807,-36.63584]]}},{"type":"Feature","properties":{"nombre":"Ruta 5 Sur","jerarquia":1},"geometry":{"type":"LineString","coordinates":[[-72.19494,-36.63483],[-72.1979,-36.63578]]}},{"type":"Feature","properties":{"nombre":"Ruta 5 Sur","jerarquia":1},"geometry":{"type":"LineString","coordinates":[[-72.20575,-36.63829],[-72.20652,-36.63857],[-72.20727,-36.63893]]}},{"type":"Feature","properties":{"nombre":"Ruta 5 Sur","jerarquia":1},"geometry":{"type":"LineString","coordinates":[[-72.19807,-36.63584],[-72.19958,-36.63632]]}},{"type":"Feature","properties":{"nombre":"Ruta 5 Sur","jerarquia":1},"geometry":{"type":"LineString","coordinates":[[-72.20971,-36.64057],[-72.21118,-36.64157]]}},{"type":"Feature","properties":{"nombre":"Ruta 5 Sur","jerarquia":1},"geometry":{"type":"LineString","coordinates":[[-72.20727,-36.63893],[-72.20971,-36.64057]]}},{"type":"Feature","properties":{"nombre":"Ruta 5 Sur","jerarquia":1},"geometry":{"type":"LineString","coordinates":[[-72.21764,-36.64613],[-72.21234,-36.64252]]}},{"type":"Feature","properties":{"nombre":"Ruta 5 Sur","jerarquia":1},"geometry":{"type":"LineString","coordinates":[[-72.1678,-36.6274],[-72.16891,-36.62765]]}},{"type":"Feature","properties":{"nombre":"Ruta 5 Sur","jerarquia":1},"geometry":{"type":"LineString","coordinates":[[-72.16694,-36.6272],[-72.16739,-36.6273]]}},{"type":"Feature","properties":{"nombre":"Ruta 5 Sur","jerarquia":1},"geometry":{"type":"LineString","coordinates":[[-72.16739,-36.6273],[-72.1678,-36.6274]]}},{"type":"Feature","properties":{"nombre":"","jerarquia":1},"geometry":{"type":"LineString","coordinates":[[-72.16765,-36.62718],[-72.16768,-36.6271]]}},{"type":"Feature","properties":{"nombre":"Ruta 5 Sur","jerarquia":1},"geometry":{"type":"LineString","coordinates":[[-72.16891,-36.62765],[-72.17923,-36.63004]]}},{"type":"Feature","properties":{"nombre":"Ruta 5 Sur","jerarquia":1},"geometry":{"type":"LineString","coordinates":[[-72.16822,-36.62762],[-72.1668,-36.62729]]}},{"type":"Feature","properties":{"nombre":"Ruta 5 Sur","jerarquia":1},"geometry":{"type":"LineString","coordinates":[[-72.16134,-36.62426],[-72.15918,-36.62223]]}},{"type":"Feature","properties":{"nombre":"Ruta 5 Sur","jerarquia":1},"geometry":{"type":"LineString","coordinates":[[-72.16413,-36.62642],[-72.16332,-36.62596],[-72.16277,-36.62555]]}},{"type":"Feature","properties":{"nombre":"Ruta 5 Sur","jerarquia":1},"geometry":{"type":"LineString","coordinates":[[-72.16236,-36.62502],[-72.16289,-36.62548]]}},{"type":"Feature","properties":{"nombre":"Ruta 5 Sur","jerarquia":1},"geometry":{"type":"LineString","coordinates":[[-72.16289,-36.62548],[-72.16338,-36.62584]]}},{"type":"Feature","properties":{"nombre":"Ruta 5 Sur","jerarquia":1},"geometry":{"type":"LineString","coordinates":[[-72.22267,-36.64956],[-72.22158,-36.64881]]}},{"type":"Feature","properties":{"nombre":"Ruta 5 Sur","jerarquia":1},"geometry":{"type":"LineString","coordinates":[[-72.22277,-36.64947],[-72.22298,-36.64962]]}},{"type":"Feature","properties":{"nombre":"Ruta N-605","jerarquia":5},"geometry":{"type":"LineString","coordinates":[[-72.07493,-36.67962],[-72.0742,-36.68274],[-72.07379,-36.68384],[-72.06903,-36.69235],[-72.0689,-36.69265],[-72.06886,-36.69322]]}},{"type":"Feature","properties":{"nombre":"Avenida Collín","jerarquia":3},"geometry":{"type":"LineString","coordinates":[[-72.10744,-36.61447],[-72.10796,-36.61451],[-72.10825,-36.61448]]}},{"type":"Feature","properties":{"nombre":"Avenida Collín","jerarquia":3},"geometry":{"type":"LineString","coordinates":[[-72.10774,-36.61461],[-72.10726,-36.61472]]}},{"type":"Feature","properties":{"nombre":"Avenida Collín","jerarquia":3},"geometry":{"type":"LineString","coordinates":[[-72.10825,-36.61448],[-72.10774,-36.61461]]}},{"type":"Feature","properties":{"nombre":"Independencia","jerarquia":5},"geometry":{"type":"LineString","coordinates":[[-72.09386,-36.60144],[-72.09391,-36.60156]]}},{"type":"Feature","properties":{"nombre":"Veintiuno de Mayo","jerarquia":5},"geometry":{"type":"LineString","coordinates":[[-72.11705,-36.60534],[-72.11713,-36.60559]]}},{"type":"Feature","properties":{"nombre":"Veintiuno de Mayo","jerarquia":5},"geometry":{"type":"LineString","coordinates":[[-72.11713,-36.60559],[-72.11716,-36.60566]]}},{"type":"Feature","properties":{"nombre":"Veintiuno de Mayo","jerarquia":4},"geometry":{"type":"LineString","coordinates":[[-72.11752,-36.60661],[-72.11726,-36.60594]]}},{"type":"Feature","properties":{"nombre":"Arica","jerarquia":5},"geometry":{"type":"LineString","coordinates":[[-72.12283,-36.60728],[-72.12301,-36.60654]]}},{"type":"Feature","properties":{"nombre":"Avenida Paul Harris","jerarquia":4},"geometry":{"type":"LineString","coordinates":[[-72.10248,-36.58525],[-72.10228,-36.58526]]}},{"type":"Feature","properties":{"nombre":"Avenida Paul Harris","jerarquia":4},"geometry":{"type":"LineString","coordinates":[[-72.10063,-36.58573],[-72.0996,-36.58604]]}},{"type":"Feature","properties":{"nombre":"Avenida Paul Harris","jerarquia":4},"geometry":{"type":"LineString","coordinates":[[-72.0996,-36.58604],[-72.09791,-36.58654]]}},{"type":"Feature","properties":{"nombre":"Avenida Paul Harris","jerarquia":4},"geometry":{"type":"LineString","coordinates":[[-72.09791,-36.58654],[-72.09709,-36.58678]]}},{"type":"Feature","properties":{"nombre":"Avenida Paul Harris","jerarquia":4},"geometry":{"type":"LineString","coordinates":[[-72.09709,-36.58678],[-72.09299,-36.588]]}},{"type":"Feature","properties":{"nombre":"Avenida Padre Alberto Hurtado","jerarquia":5},"geometry":{"type":"LineString","coordinates":[[-72.09855,-36.59417],[-72.09888,-36.59454]]}},{"type":"Feature","properties":{"nombre":"Chacabuco","jerarquia":5},"geometry":{"type":"LineString","coordinates":[[-72.08552,-36.60285],[-72.08542,-36.6029]]}},{"type":"Feature","properties":{"nombre":"Chacabuco","jerarquia":5},"geometry":{"type":"LineString","coordinates":[[-72.08542,-36.6029],[-72.08496,-36.6031]]}},{"type":"Feature","properties":{"nombre":"Chacabuco","jerarquia":5},"geometry":{"type":"LineString","coordinates":[[-72.08496,-36.6031],[-72.08453,-36.60329]]}},{"type":"Feature","properties":{"nombre":"Chacabuco","jerarquia":5},"geometry":{"type":"LineString","coordinates":[[-72.08453,-36.60329],[-72.08431,-36.60339]]}},{"type":"Feature","properties":{"nombre":"Chacabuco","jerarquia":5},"geometry":{"type":"LineString","coordinates":[[-72.08813,-36.60176],[-72.08703,-36.60222]]}},{"type":"Feature","properties":{"nombre":"Chacabuco","jerarquia":5},"geometry":{"type":"LineString","coordinates":[[-72.08703,-36.60222],[-72.08657,-36.60241]]}},{"type":"Feature","properties":{"nombre":"Chacabuco","jerarquia":5},"geometry":{"type":"LineString","coordinates":[[-72.08657,-36.60241],[-72.08608,-36.60262]]}},{"type":"Feature","properties":{"nombre":"Chacabuco","jerarquia":5},"geometry":{"type":"LineString","coordinates":[[-72.08608,-36.60262],[-72.08601,-36.60264]]}},{"type":"Feature","properties":{"nombre":"Chacabuco","jerarquia":5},"geometry":{"type":"LineString","coordinates":[[-72.08601,-36.60264],[-72.08552,-36.60285]]}},{"type":"Feature","properties":{"nombre":"Gamero","jerarquia":5},"geometry":{"type":"LineString","coordinates":[[-72.10096,-36.60257],[-72.09943,-36.60294]]}},{"type":"Feature","properties":{"nombre":"Gamero","jerarquia":5},"geometry":{"type":"LineString","coordinates":[[-72.09943,-36.60294],[-72.09789,-36.60331]]}},{"type":"Feature","properties":{"nombre":"","jerarquia":3},"geometry":{"type":"LineString","coordinates":[[-72.09981,-36.59997],[-72.09997,-36.6],[-72.10003,-36.60006]]}},{"type":"Feature","properties":{"nombre":"","jerarquia":3},"geometry":{"type":"LineString","coordinates":[[-72.10291,-36.59921],[-72.1031,-36.59931]]}},{"type":"Feature","properties":{"nombre":"Vega de Saldías","jerarquia":5},"geometry":{"type":"LineString","coordinates":[[-72.10751,-36.60232],[-72.10602,-36.60268]]}},{"type":"Feature","properties":{"nombre":"Vega de Saldías","jerarquia":5},"geometry":{"type":"LineString","coordinates":[[-72.10602,-36.60268],[-72.10557,-36.60279]]}},{"type":"Feature","properties":{"nombre":"Vega de Saldías","jerarquia":5},"geometry":{"type":"LineString","coordinates":[[-72.10557,-36.60279],[-72.10521,-36.60288]]}},{"type":"Feature","properties":{"nombre":"Vega de Saldías","jerarquia":5},"geometry":{"type":"LineString","coordinates":[[-72.10521,-36.60288],[-72.1049,-36.60296]]}},{"type":"Feature","properties":{"nombre":"Vega de Saldías","jerarquia":5},"geometry":{"type":"LineString","coordinates":[[-72.1049,-36.60296],[-72.10464,-36.60302]]}},{"type":"Feature","properties":{"nombre":"Vega de Saldías","jerarquia":5},"geometry":{"type":"LineString","coordinates":[[-72.10464,-36.60302],[-72.10451,-36.60306]]}},{"type":"Feature","properties":{"nombre":"Ruta 5 Sur","jerarquia":1},"geometry":{"type":"LineString","coordinates":[[-72.11325,-36.586],[-72.11108,-36.58556],[-72.10985,-36.58524],[-72.10872,-36.58477],[-72.10815,-36.58443],[-72.1076,-36.58404],[-72.10677,-36.58326],[-72.1064,-36.58278],[-72.10606,-36.58222],[-72.10572,-36.58141],[-72.10522,-36.57969]]}},{"type":"Feature","properties":{"nombre":"Ruta 5 Sur","jerarquia":1},"geometry":{"type":"LineString","coordinates":[[-72.09949,-36.55994],[-72.09991,-36.56034],[-72.10034,-36.5609],[-72.10062,-36.5614],[-72.10083,-36.56194],[-72.10099,-36.56274],[-72.10107,-36.56429],[-72.10127,-36.5653],[-72.10552,-36.58034]]}},{"type":"Feature","properties":{"nombre":"Ruta 5 Sur","jerarquia":1},"geometry":{"type":"LineString","coordinates":[[-72.11501,-36.58623],[-72.11605,-36.58646]]}},{"type":"Feature","properties":{"nombre":"Ruta 5 Sur","jerarquia":1},"geometry":{"type":"LineString","coordinates":[[-72.1227,-36.58912],[-72.12445,-36.59027]]}},{"type":"Feature","properties":{"nombre":"Ruta 5 Sur","jerarquia":1},"geometry":{"type":"LineString","coordinates":[[-72.11605,-36.58646],[-72.11784,-36.58697],[-72.11965,-36.58763],[-72.12143,-36.58843],[-72.1227,-36.58912]]}},{"type":"Feature","properties":{"nombre":"Ruta 5 Sur","jerarquia":1},"geometry":{"type":"LineString","coordinates":[[-72.15065,-36.60937],[-72.15262,-36.61077]]}},{"type":"Feature","properties":{"nombre":"Ruta 5 Sur","jerarquia":1},"geometry":{"type":"LineString","coordinates":[[-72.14883,-36.60809],[-72.15065,-36.60937]]}},{"type":"Feature","properties":{"nombre":"Ruta 5 Sur","jerarquia":1},"geometry":{"type":"LineString","coordinates":[[-72.09553,-36.55661],[-72.09471,-36.55507]]}},{"type":"Feature","properties":{"nombre":"Ruta 5 Sur","jerarquia":1},"geometry":{"type":"LineString","coordinates":[[-72.09701,-36.55841],[-72.09663,-36.55808],[-72.09623,-36.55764]]}},{"type":"Feature","properties":{"nombre":"Ruta 5 Sur","jerarquia":1},"geometry":{"type":"LineString","coordinates":[[-72.09623,-36.55764],[-72.09553,-36.55661]]}},{"type":"Feature","properties":{"nombre":"Ruta 5 Sur","jerarquia":1},"geometry":{"type":"LineString","coordinates":[[-72.09422,-36.55385],[-72.09416,-36.55366]]}},{"type":"Feature","properties":{"nombre":"Ruta 5 Sur","jerarquia":1},"geometry":{"type":"LineString","coordinates":[[-72.09426,-36.55354],[-72.09438,-36.55389]]}},{"type":"Feature","properties":{"nombre":"Ruta 5 Sur","jerarquia":1},"geometry":{"type":"LineString","coordinates":[[-72.09172,-36.54687],[-72.09115,-36.54529],[-72.09092,-36.54478]]}},{"type":"Feature","properties":{"nombre":"Ruta 5 Sur","jerarquia":1},"geometry":{"type":"LineString","coordinates":[[-72.08729,-36.54112],[-72.08913,-36.54268]]}},{"type":"Feature","properties":{"nombre":"Ruta 5 Sur","jerarquia":1},"geometry":{"type":"LineString","coordinates":[[-72.08465,-36.53889],[-72.08729,-36.54112]]}},{"type":"Feature","properties":{"nombre":"Ruta 5 Sur","jerarquia":1},"geometry":{"type":"LineString","coordinates":[[-72.08913,-36.54268],[-72.0904,-36.5438]]}},{"type":"Feature","properties":{"nombre":"Ruta 5 Sur","jerarquia":1},"geometry":{"type":"LineString","coordinates":[[-72.0904,-36.5438],[-72.091,-36.54461]]}},{"type":"Feature","properties":{"nombre":"Ruta 5 Sur","jerarquia":1},"geometry":{"type":"LineString","coordinates":[[-72.09168,-36.54627],[-72.09186,-36.54684]]}},{"type":"Feature","properties":{"nombre":"Ruta 5 Sur","jerarquia":1},"geometry":{"type":"LineString","coordinates":[[-72.091,-36.54461],[-72.09119,-36.54499]]}},{"type":"Feature","properties":{"nombre":"Ruta 5 Sur","jerarquia":1},"geometry":{"type":"LineString","coordinates":[[-72.08522,-36.53956],[-72.08493,-36.53931]]}},{"type":"Feature","properties":{"nombre":"Ruta 5 Sur","jerarquia":1},"geometry":{"type":"LineString","coordinates":[[-72.08421,-36.53871],[-72.08171,-36.53659]]}},{"type":"Feature","properties":{"nombre":"Ruta 5 Sur","jerarquia":1},"geometry":{"type":"LineString","coordinates":[[-72.07783,-36.53313],[-72.08038,-36.53528]]}},{"type":"Feature","properties":{"nombre":"Ruta 5 Sur","jerarquia":1},"geometry":{"type":"LineString","coordinates":[[-72.08163,-36.53634],[-72.08465,-36.53889]]}},{"type":"Feature","properties":{"nombre":"Ruta 5 Sur","jerarquia":1},"geometry":{"type":"LineString","coordinates":[[-72.08171,-36.53659],[-72.07862,-36.53398]]}},{"type":"Feature","properties":{"nombre":"Ruta 5 Sur","jerarquia":1},"geometry":{"type":"LineString","coordinates":[[-72.07817,-36.5336],[-72.07555,-36.53139]]}},{"type":"Feature","properties":{"nombre":"Ruta 5 Sur","jerarquia":1},"geometry":{"type":"LineString","coordinates":[[-72.07069,-36.52786],[-72.07117,-36.52813]]}},{"type":"Feature","properties":{"nombre":"Ruta 5 Sur","jerarquia":1},"geometry":{"type":"LineString","coordinates":[[-72.06782,-36.52641],[-72.06681,-36.52584]]}},{"type":"Feature","properties":{"nombre":"Ruta 5 Sur","jerarquia":1},"geometry":{"type":"LineString","coordinates":[[-72.06838,-36.52672],[-72.06782,-36.52641]]}},{"type":"Feature","properties":{"nombre":"Ruta 5 Sur","jerarquia":1},"geometry":{"type":"LineString","coordinates":[[-72.06779,-36.52625],[-72.06879,-36.52679]]}},{"type":"Feature","properties":{"nombre":"","jerarquia":1},"geometry":{"type":"LineString","coordinates":[[-72.0698,-36.52754],[-72.06951,-36.52742]]}},{"type":"Feature","properties":{"nombre":"Ruta 5 Sur","jerarquia":1},"geometry":{"type":"LineString","coordinates":[[-72.07117,-36.52813],[-72.07344,-36.52948]]}},{"type":"Feature","properties":{"nombre":"Ruta 5 Sur","jerarquia":1},"geometry":{"type":"LineString","coordinates":[[-72.07094,-36.52818],[-72.0698,-36.52754]]}},{"type":"Feature","properties":{"nombre":"Ruta 5 Sur","jerarquia":1},"geometry":{"type":"LineString","coordinates":[[-72.0698,-36.52754],[-72.06838,-36.52672]]}},{"type":"Feature","properties":{"nombre":"Ruta 5 Sur","jerarquia":1},"geometry":{"type":"LineString","coordinates":[[-72.06177,-36.52225],[-72.06293,-36.52308]]}},{"type":"Feature","properties":{"nombre":"Ruta 5 Sur","jerarquia":1},"geometry":{"type":"LineString","coordinates":[[-72.06353,-36.52367],[-72.06239,-36.52285]]}},{"type":"Feature","properties":{"nombre":"Ruta 5 Sur","jerarquia":1},"geometry":{"type":"LineString","coordinates":[[-72.01985,-36.48321],[-72.02044,-36.48393]]}},{"type":"Feature","properties":{"nombre":"Ruta 5 Sur","jerarquia":1},"geometry":{"type":"LineString","coordinates":[[-72.01848,-36.48155],[-72.01887,-36.48202]]}},{"type":"Feature","properties":{"nombre":"Ruta 5 Sur","jerarquia":1},"geometry":{"type":"LineString","coordinates":[[-72.02279,-36.48673],[-72.02325,-36.48729]]}},{"type":"Feature","properties":{"nombre":"Ruta 5 Sur","jerarquia":1},"geometry":{"type":"LineString","coordinates":[[-72.01888,-36.48224],[-72.01836,-36.48161]]}},{"type":"Feature","properties":{"nombre":"Ruta 5 Sur","jerarquia":1},"geometry":{"type":"LineString","coordinates":[[-72.02057,-36.48429],[-72.01888,-36.48224]]}},{"type":"Feature","properties":{"nombre":"Ruta 5 Sur","jerarquia":1},"geometry":{"type":"LineString","coordinates":[[-72.02179,-36.48576],[-72.02086,-36.48465]]}},{"type":"Feature","properties":{"nombre":"Ruta 5 Sur","jerarquia":1},"geometry":{"type":"LineString","coordinates":[[-72.02086,-36.48465],[-72.02057,-36.48429]]}},{"type":"Feature","properties":{"nombre":"Ruta 5 Sur","jerarquia":1},"geometry":{"type":"LineString","coordinates":[[-72.02325,-36.48729],[-72.02489,-36.48926]]}},{"type":"Feature","properties":{"nombre":"Ruta 5 Sur","jerarquia":1},"geometry":{"type":"LineString","coordinates":[[-72.02489,-36.48926],[-72.02625,-36.49087]]}},{"type":"Feature","properties":{"nombre":"Ruta 5 Sur","jerarquia":1},"geometry":{"type":"LineString","coordinates":[[-72.02826,-36.4933],[-72.02852,-36.4936]]}},{"type":"Feature","properties":{"nombre":"Ruta 5 Sur","jerarquia":1},"geometry":{"type":"LineString","coordinates":[[-72.03713,-36.50406],[-72.03679,-36.50367]]}},{"type":"Feature","properties":{"nombre":"Ruta 5 Sur","jerarquia":1},"geometry":{"type":"LineString","coordinates":[[-72.03783,-36.5047],[-72.03845,-36.50542],[-72.0392,-36.5061],[-72.0422,-36.50825]]}},{"type":"Feature","properties":{"nombre":"Ruta 5 Sur","jerarquia":1},"geometry":{"type":"LineString","coordinates":[[-72.0386,-36.50576],[-72.03713,-36.50406]]}},{"type":"Feature","properties":{"nombre":"Ruta 5 Sur","jerarquia":1},"geometry":{"type":"LineString","coordinates":[[-72.03694,-36.50363],[-72.03783,-36.5047]]}},{"type":"Feature","properties":{"nombre":"Ruta 5 Sur","jerarquia":1},"geometry":{"type":"LineString","coordinates":[[-72.04115,-36.50766],[-72.039,-36.5061]]}},{"type":"Feature","properties":{"nombre":"Ruta 5 Sur","jerarquia":1},"geometry":{"type":"LineString","coordinates":[[-72.04794,-36.51252],[-72.04115,-36.50766]]}},{"type":"Feature","properties":{"nombre":"Ruta 5 Sur","jerarquia":1},"geometry":{"type":"LineString","coordinates":[[-72.05693,-36.51896],[-72.05658,-36.51871]]}},{"type":"Feature","properties":{"nombre":"Ruta 5 Sur","jerarquia":1},"geometry":{"type":"LineString","coordinates":[[-72.05658,-36.51871],[-72.05532,-36.5178]]}},{"type":"Feature","properties":{"nombre":"Ruta 5 Sur","jerarquia":1},"geometry":{"type":"LineString","coordinates":[[-72.05532,-36.5178],[-72.05508,-36.51763]]}},{"type":"Feature","properties":{"nombre":"Ruta 5 Sur","jerarquia":1},"geometry":{"type":"LineString","coordinates":[[-72.06081,-36.52174],[-72.05693,-36.51896]]}},{"type":"Feature","properties":{"nombre":"","jerarquia":1},"geometry":{"type":"LineString","coordinates":[[-72.05669,-36.5189],[-72.05658,-36.51871]]}},{"type":"Feature","properties":{"nombre":"","jerarquia":1},"geometry":{"type":"LineString","coordinates":[[-72.05693,-36.51896],[-72.05669,-36.5189]]}},{"type":"Feature","properties":{"nombre":"Ruta 5 Sur","jerarquia":1},"geometry":{"type":"LineString","coordinates":[[-72.06145,-36.52219],[-72.06097,-36.52185]]}},{"type":"Feature","properties":{"nombre":"Ruta 5 Sur","jerarquia":1},"geometry":{"type":"LineString","coordinates":[[-72.01382,-36.47697],[-72.01345,-36.47663]]}},{"type":"Feature","properties":{"nombre":"Ruta 5 Sur","jerarquia":1},"geometry":{"type":"LineString","coordinates":[[-72.01669,-36.47961],[-72.01576,-36.47868],[-72.01382,-36.47697]]}},{"type":"Feature","properties":{"nombre":"Ruta 5 Sur","jerarquia":1},"geometry":{"type":"LineString","coordinates":[[-72.01704,-36.48002],[-72.01669,-36.47961]]}},{"type":"Feature","properties":{"nombre":"Ruta 5 Sur","jerarquia":1},"geometry":{"type":"LineString","coordinates":[[-72.01815,-36.48136],[-72.01704,-36.48002]]}},{"type":"Feature","properties":{"nombre":"","jerarquia":1},"geometry":{"type":"LineString","coordinates":[[-72.016,-36.47844],[-72.01597,-36.47861]]}},{"type":"Feature","properties":{"nombre":"","jerarquia":1},"geometry":{"type":"LineString","coordinates":[[-72.01597,-36.47861],[-72.016,-36.47872]]}},{"type":"Feature","properties":{"nombre":"Ruta 5 Sur","jerarquia":1},"geometry":{"type":"LineString","coordinates":[[-72.01431,-36.47723],[-72.01569,-36.47844]]}},{"type":"Feature","properties":{"nombre":"Ruta 5 Sur","jerarquia":1},"geometry":{"type":"LineString","coordinates":[[-72.01569,-36.47844],[-72.016,-36.47872]]}},{"type":"Feature","properties":{"nombre":"Ruta 5 Sur","jerarquia":1},"geometry":{"type":"LineString","coordinates":[[-72.016,-36.47872],[-72.01679,-36.47952],[-72.0183,-36.48132]]}},{"type":"Feature","properties":{"nombre":"Ruta 5 Sur","jerarquia":1},"geometry":{"type":"LineString","coordinates":[[-72.01109,-36.47438],[-72.01357,-36.47657]]}},{"type":"Feature","properties":{"nombre":"Ruta 5 Sur","jerarquia":1},"geometry":{"type":"LineString","coordinates":[[-72.00516,-36.46932],[-72.00377,-36.4681]]}},{"type":"Feature","properties":{"nombre":"Ruta 5 Sur","jerarquia":1},"geometry":{"type":"LineString","coordinates":[[-72.00728,-36.47119],[-72.00516,-36.46932]]}},{"type":"Feature","properties":{"nombre":"Ruta 5 Sur","jerarquia":1},"geometry":{"type":"LineString","coordinates":[[-72.0107,-36.47421],[-72.00873,-36.47247]]}},{"type":"Feature","properties":{"nombre":"Ruta 5 Sur","jerarquia":1},"geometry":{"type":"LineString","coordinates":[[-72.01117,-36.47463],[-72.01097,-36.47445]]}},{"type":"Feature","properties":{"nombre":"Ruta 5 Sur","jerarquia":1},"geometry":{"type":"LineString","coordinates":[[-72.01153,-36.47495],[-72.01117,-36.47463]]}},{"type":"Feature","properties":{"nombre":"Ruta 5 Sur","jerarquia":1},"geometry":{"type":"LineString","coordinates":[[-72.00873,-36.47247],[-72.00728,-36.47119]]}},{"type":"Feature","properties":{"nombre":"Ruta 5 Sur","jerarquia":1},"geometry":{"type":"LineString","coordinates":[[-72.01345,-36.47663],[-72.01153,-36.47495]]}},{"type":"Feature","properties":{"nombre":"Ruta N-605","jerarquia":5},"geometry":{"type":"LineString","coordinates":[[-72.09166,-36.63503],[-72.0928,-36.63729]]}},{"type":"Feature","properties":{"nombre":"Ruta N-605","jerarquia":5},"geometry":{"type":"LineString","coordinates":[[-72.0928,-36.63729],[-72.09399,-36.63943],[-72.09468,-36.64052]]}},{"type":"Feature","properties":{"nombre":"Ruta N-605","jerarquia":5},"geometry":{"type":"LineString","coordinates":[[-72.09468,-36.64052],[-72.09528,-36.6415],[-72.0954,-36.64221]]}},{"type":"Feature","properties":{"nombre":"Ruta N-605","jerarquia":5},"geometry":{"type":"LineString","coordinates":[[-72.0954,-36.64221],[-72.09523,-36.64291],[-72.09482,-36.64373],[-72.09399,-36.64507]]}},{"type":"Feature","properties":{"nombre":"Avenida Libertador Bernardo O'Higgins","jerarquia":3},"geometry":{"type":"LineString","coordinates":[[-72.15247,-36.6241],[-72.15294,-36.62413]]}},{"type":"Feature","properties":{"nombre":"Avenida Libertador Bernardo O'Higgins","jerarquia":3},"geometry":{"type":"LineString","coordinates":[[-72.15294,-36.62413],[-72.15307,-36.62414]]}},{"type":"Feature","properties":{"nombre":"Avenida Libertador Bernardo O'Higgins","jerarquia":3},"geometry":{"type":"LineString","coordinates":[[-72.15187,-36.62407],[-72.15247,-36.6241]]}},{"type":"Feature","properties":{"nombre":"Avenida Libertador Bernardo O'Higgins","jerarquia":3},"geometry":{"type":"LineString","coordinates":[[-72.1532,-36.62438],[-72.15299,-36.62437]]}},{"type":"Feature","properties":{"nombre":"Gacitúa","jerarquia":5},"geometry":{"type":"LineString","coordinates":[[-72.12336,-36.62353],[-72.1233,-36.62354]]}},{"type":"Feature","properties":{"nombre":"Gacitúa","jerarquia":5},"geometry":{"type":"LineString","coordinates":[[-72.1233,-36.62354],[-72.12284,-36.62362],[-72.12262,-36.62376]]}},{"type":"Feature","properties":{"nombre":"Variante Nahueltoro","jerarquia":4},"geometry":{"type":"LineString","coordinates":[[-72.09134,-36.5618],[-72.09039,-36.56195]]}},{"type":"Feature","properties":{"nombre":"Variante Nahueltoro","jerarquia":4},"geometry":{"type":"LineString","coordinates":[[-72.09284,-36.56157],[-72.09134,-36.5618]]}},{"type":"Feature","properties":{"nombre":"Variante Nahueltoro","jerarquia":4},"geometry":{"type":"LineString","coordinates":[[-72.09324,-36.5615],[-72.09284,-36.56157]]}},{"type":"Feature","properties":{"nombre":"Variante Nahueltoro","jerarquia":4},"geometry":{"type":"LineString","coordinates":[[-72.09439,-36.56132],[-72.09324,-36.5615]]}},{"type":"Feature","properties":{"nombre":"Variante Nahueltoro","jerarquia":4},"geometry":{"type":"LineString","coordinates":[[-72.09473,-36.56126],[-72.09439,-36.56132]]}},{"type":"Feature","properties":{"nombre":"Avenida Libertador Bernardo O'Higgins","jerarquia":3},"geometry":{"type":"LineString","coordinates":[[-72.09529,-36.56172],[-72.0952,-36.56137]]}},{"type":"Feature","properties":{"nombre":"Variante Nahueltoro","jerarquia":4},"geometry":{"type":"LineString","coordinates":[[-72.09039,-36.56195],[-72.08402,-36.56299]]}},{"type":"Feature","properties":{"nombre":"Avenida Ecuador","jerarquia":3},"geometry":{"type":"LineString","coordinates":[[-72.10715,-36.59829],[-72.10642,-36.59848]]}},{"type":"Feature","properties":{"nombre":"Avenida Ecuador","jerarquia":3},"geometry":{"type":"LineString","coordinates":[[-72.10642,-36.59848],[-72.10628,-36.59851]]}},{"type":"Feature","properties":{"nombre":"Avenida Libertador Bernardo O'Higgins","jerarquia":3},"geometry":{"type":"LineString","coordinates":[[-72.10597,-36.59769],[-72.10619,-36.59827]]}},{"type":"Feature","properties":{"nombre":"Avenida Libertador Bernardo O'Higgins","jerarquia":3},"geometry":{"type":"LineString","coordinates":[[-72.10619,-36.59827],[-72.10623,-36.59838]]}},{"type":"Feature","properties":{"nombre":"Avenida Libertador Bernardo O'Higgins","jerarquia":3},"geometry":{"type":"LineString","coordinates":[[-72.10584,-36.59789],[-72.10573,-36.59754]]}},{"type":"Feature","properties":{"nombre":"Avenida Libertador Bernardo O'Higgins","jerarquia":3},"geometry":{"type":"LineString","coordinates":[[-72.10608,-36.59842],[-72.10584,-36.59789]]}},{"type":"Feature","properties":{"nombre":"Avenida Libertador Bernardo O'Higgins","jerarquia":3},"geometry":{"type":"LineString","coordinates":[[-72.10669,-36.59982],[-72.1066,-36.59974],[-72.10631,-36.59894]]}},{"type":"Feature","properties":{"nombre":"Avenida Libertador Bernardo O'Higgins","jerarquia":3},"geometry":{"type":"LineString","coordinates":[[-72.09518,-36.55928],[-72.0952,-36.55967]]}},{"type":"Feature","properties":{"nombre":"","jerarquia":1},"geometry":{"type":"LineString","coordinates":[[-72.09516,-36.55899],[-72.09518,-36.55928]]}},{"type":"Feature","properties":{"nombre":"","jerarquia":1},"geometry":{"type":"LineString","coordinates":[[-72.0949,-36.55786],[-72.09481,-36.55682]]}},{"type":"Feature","properties":{"nombre":"","jerarquia":1},"geometry":{"type":"LineString","coordinates":[[-72.09495,-36.55886],[-72.0949,-36.55786]]}},{"type":"Feature","properties":{"nombre":"El Volcán","jerarquia":5},"geometry":{"type":"LineString","coordinates":[[-72.08442,-36.61948],[-72.08414,-36.61954]]}},{"type":"Feature","properties":{"nombre":"El Volcán","jerarquia":5},"geometry":{"type":"LineString","coordinates":[[-72.08414,-36.61954],[-72.08404,-36.61956]]}},{"type":"Feature","properties":{"nombre":"El Volcán","jerarquia":5},"geometry":{"type":"LineString","coordinates":[[-72.08404,-36.61956],[-72.08328,-36.61972]]}},{"type":"Feature","properties":{"nombre":"El Volcán","jerarquia":5},"geometry":{"type":"LineString","coordinates":[[-72.08328,-36.61972],[-72.08282,-36.61981]]}},{"type":"Feature","properties":{"nombre":"El Volcán","jerarquia":5},"geometry":{"type":"LineString","coordinates":[[-72.08282,-36.61981],[-72.08227,-36.61993]]}},{"type":"Feature","properties":{"nombre":"El Volcán","jerarquia":5},"geometry":{"type":"LineString","coordinates":[[-72.08227,-36.61993],[-72.08188,-36.62001]]}},{"type":"Feature","properties":{"nombre":"El Volcán","jerarquia":5},"geometry":{"type":"LineString","coordinates":[[-72.08188,-36.62001],[-72.08171,-36.62005]]}},{"type":"Feature","properties":{"nombre":"Avenida Argentina","jerarquia":3},"geometry":{"type":"LineString","coordinates":[[-72.09085,-36.60296],[-72.09066,-36.60245]]}},{"type":"Feature","properties":{"nombre":"Avenida Argentina","jerarquia":3},"geometry":{"type":"LineString","coordinates":[[-72.09066,-36.60245],[-72.09063,-36.60237]]}},{"type":"Feature","properties":{"nombre":"Avenida Libertador Bernardo O'Higgins","jerarquia":3},"geometry":{"type":"LineString","coordinates":[[-72.09545,-36.56164],[-72.09567,-36.56232]]}},{"type":"Feature","properties":{"nombre":"Avenida Libertador Bernardo O'Higgins","jerarquia":3},"geometry":{"type":"LineString","coordinates":[[-72.09984,-36.57492],[-72.10091,-36.57814]]}},{"type":"Feature","properties":{"nombre":"Avenida Libertador Bernardo O'Higgins","jerarquia":3},"geometry":{"type":"LineString","coordinates":[[-72.09955,-36.57405],[-72.09984,-36.57492]]}},{"type":"Feature","properties":{"nombre":"Avenida Libertador Bernardo O'Higgins","jerarquia":3},"geometry":{"type":"LineString","coordinates":[[-72.09686,-36.56595],[-72.09727,-36.5672]]}},{"type":"Feature","properties":{"nombre":"Avenida Libertador Bernardo O'Higgins","jerarquia":3},"geometry":{"type":"LineString","coordinates":[[-72.09727,-36.5672],[-72.09774,-36.56859]]}},{"type":"Feature","properties":{"nombre":"Avenida Libertador Bernardo O'Higgins","jerarquia":3},"geometry":{"type":"LineString","coordinates":[[-72.09774,-36.56859],[-72.09791,-36.5691]]}},{"type":"Feature","properties":{"nombre":"Avenida Libertador Bernardo O'Higgins","jerarquia":3},"geometry":{"type":"LineString","coordinates":[[-72.0962,-36.56391],[-72.0965,-36.56485]]}},{"type":"Feature","properties":{"nombre":"Avenida Libertador Bernardo O'Higgins","jerarquia":3},"geometry":{"type":"LineString","coordinates":[[-72.0965,-36.56485],[-72.09686,-36.56595]]}},{"type":"Feature","properties":{"nombre":"Ruta N-62","jerarquia":4},"geometry":{"type":"LineString","coordinates":[[-72.14924,-36.60805],[-72.14992,-36.60815]]}},{"type":"Feature","properties":{"nombre":"Ruta N-62","jerarquia":4},"geometry":{"type":"LineString","coordinates":[[-72.15067,-36.60827],[-72.15132,-36.60837]]}},{"type":"Feature","properties":{"nombre":"Ruta N-62","jerarquia":4},"geometry":{"type":"LineString","coordinates":[[-72.14992,-36.60815],[-72.15067,-36.60827]]}},{"type":"Feature","properties":{"nombre":"Ruta 5 Sur","jerarquia":1},"geometry":{"type":"LineString","coordinates":[[-72.22423,-36.65047],[-72.22848,-36.65336]]}},{"type":"Feature","properties":{"nombre":"Ruta 5 Sur","jerarquia":1},"geometry":{"type":"LineString","coordinates":[[-72.22053,-36.64795],[-72.22277,-36.64947]]}},{"type":"Feature","properties":{"nombre":"Camino a Coihueco","jerarquia":4},"geometry":{"type":"LineString","coordinates":[[-72.0582,-36.58881],[-72.05849,-36.58885]]}},{"type":"Feature","properties":{"nombre":"","jerarquia":4},"geometry":{"type":"LineString","coordinates":[[-72.05808,-36.58856],[-72.05825,-36.58872],[-72.05849,-36.58885]]}},{"type":"Feature","properties":{"nombre":"Camino a Nahueltoro","jerarquia":4},"geometry":{"type":"LineString","coordinates":[[-72.05808,-36.58856],[-72.0582,-36.58881]]}},{"type":"Feature","properties":{"nombre":"Camino a Nahueltoro","jerarquia":4},"geometry":{"type":"LineString","coordinates":[[-72.0579,-36.58818],[-72.05808,-36.58856]]}},{"type":"Feature","properties":{"nombre":"Camino a Coihueco","jerarquia":4},"geometry":{"type":"LineString","coordinates":[[-72.05897,-36.58898],[-72.05822,-36.58887]]}},{"type":"Feature","properties":{"nombre":"Camino a Coihueco","jerarquia":4},"geometry":{"type":"LineString","coordinates":[[-72.05849,-36.58885],[-72.0588,-36.5889]]}},{"type":"Feature","properties":{"nombre":"Camino a Coihueco","jerarquia":4},"geometry":{"type":"LineString","coordinates":[[-72.0588,-36.5889],[-72.05898,-36.58893]]}},{"type":"Feature","properties":{"nombre":"Camino a Coihueco","jerarquia":4},"geometry":{"type":"LineString","coordinates":[[-72.05753,-36.58872],[-72.0578,-36.58875]]}},{"type":"Feature","properties":{"nombre":"Camino a Nahueltoro","jerarquia":4},"geometry":{"type":"LineString","coordinates":[[-72.0582,-36.58881],[-72.05822,-36.58887]]}},{"type":"Feature","properties":{"nombre":"Camino a Coihueco","jerarquia":4},"geometry":{"type":"LineString","coordinates":[[-72.05753,-36.58879],[-72.05637,-36.58867]]}},{"type":"Feature","properties":{"nombre":"Camino a Coihueco","jerarquia":4},"geometry":{"type":"LineString","coordinates":[[-72.05822,-36.58887],[-72.05753,-36.58879]]}},{"type":"Feature","properties":{"nombre":"Camino a Coihueco","jerarquia":4},"geometry":{"type":"LineString","coordinates":[[-72.05954,-36.58904],[-72.05897,-36.58898]]}},{"type":"Feature","properties":{"nombre":"Camino a Coihueco","jerarquia":4},"geometry":{"type":"LineString","coordinates":[[-72.05898,-36.58893],[-72.05954,-36.58904]]}},{"type":"Feature","properties":{"nombre":"Camino a Coihueco","jerarquia":4},"geometry":{"type":"LineString","coordinates":[[-72.05637,-36.58867],[-72.05753,-36.58872]]}},{"type":"Feature","properties":{"nombre":"Camino a Coihueco","jerarquia":4},"geometry":{"type":"LineString","coordinates":[[-72.0578,-36.58875],[-72.0582,-36.58881]]}},{"type":"Feature","properties":{"nombre":"Avenida Andrés Bello","jerarquia":4},"geometry":{"type":"LineString","coordinates":[[-72.06915,-36.59044],[-72.06923,-36.59054]]}},{"type":"Feature","properties":{"nombre":"Avenida Andrés Bello","jerarquia":4},"geometry":{"type":"LineString","coordinates":[[-72.06911,-36.59039],[-72.06915,-36.59044]]}},{"type":"Feature","properties":{"nombre":"","jerarquia":4},"geometry":{"type":"LineString","coordinates":[[-72.06902,-36.59028],[-72.06921,-36.59036]]}},{"type":"Feature","properties":{"nombre":"","jerarquia":4},"geometry":{"type":"LineString","coordinates":[[-72.06921,-36.59036],[-72.06927,-36.59038]]}},{"type":"Feature","properties":{"nombre":"","jerarquia":4},"geometry":{"type":"LineString","coordinates":[[-72.06893,-36.59037],[-72.06902,-36.59028]]}},{"type":"Feature","properties":{"nombre":"Avenida Vicente Méndez","jerarquia":4},"geometry":{"type":"LineString","coordinates":[[-72.06927,-36.59038],[-72.06965,-36.59035]]}},{"type":"Feature","properties":{"nombre":"Camino a Coihueco","jerarquia":4},"geometry":{"type":"LineString","coordinates":[[-72.06875,-36.59036],[-72.06893,-36.59037]]}},{"type":"Feature","properties":{"nombre":"Camino a Coihueco","jerarquia":4},"geometry":{"type":"LineString","coordinates":[[-72.06915,-36.59044],[-72.06894,-36.59043]]}},{"type":"Feature","properties":{"nombre":"Camino a Coihueco","jerarquia":4},"geometry":{"type":"LineString","coordinates":[[-72.06893,-36.59037],[-72.06911,-36.59039]]}},{"type":"Feature","properties":{"nombre":"Camino a Coihueco","jerarquia":4},"geometry":{"type":"LineString","coordinates":[[-72.0688,-36.59042],[-72.06822,-36.59033]]}},{"type":"Feature","properties":{"nombre":"Camino a Coihueco","jerarquia":4},"geometry":{"type":"LineString","coordinates":[[-72.06822,-36.59033],[-72.06875,-36.59036]]}},{"type":"Feature","properties":{"nombre":"Avenida Vicente Méndez","jerarquia":4},"geometry":{"type":"LineString","coordinates":[[-72.06965,-36.59035],[-72.07086,-36.5902]]}},{"type":"Feature","properties":{"nombre":"Avenida Vicente Méndez","jerarquia":4},"geometry":{"type":"LineString","coordinates":[[-72.06911,-36.59039],[-72.06927,-36.59038]]}},{"type":"Feature","properties":{"nombre":"Avenida Vicente Méndez","jerarquia":4},"geometry":{"type":"LineString","coordinates":[[-72.07363,-36.58975],[-72.07562,-36.58944]]}},{"type":"Feature","properties":{"nombre":"Avenida Vicente Méndez","jerarquia":4},"geometry":{"type":"LineString","coordinates":[[-72.07562,-36.58944],[-72.07573,-36.58943]]}},{"type":"Feature","properties":{"nombre":"Avenida Vicente Méndez","jerarquia":4},"geometry":{"type":"LineString","coordinates":[[-72.06975,-36.5904],[-72.06938,-36.59044]]}},{"type":"Feature","properties":{"nombre":"Avenida Andrés Bello","jerarquia":4},"geometry":{"type":"LineString","coordinates":[[-72.06935,-36.5907],[-72.06959,-36.59101]]}},{"type":"Feature","properties":{"nombre":"Avenida Vicente Méndez","jerarquia":4},"geometry":{"type":"LineString","coordinates":[[-72.08441,-36.59162],[-72.08436,-36.59154]]}},{"type":"Feature","properties":{"nombre":"Avenida Vicente Méndez","jerarquia":4},"geometry":{"type":"LineString","coordinates":[[-72.08491,-36.59231],[-72.08446,-36.59169]]}},{"type":"Feature","properties":{"nombre":"Avenida Vicente Méndez","jerarquia":4},"geometry":{"type":"LineString","coordinates":[[-72.08446,-36.59169],[-72.08441,-36.59162]]}},{"type":"Feature","properties":{"nombre":"Avenida Vicente Méndez","jerarquia":4},"geometry":{"type":"LineString","coordinates":[[-72.08446,-36.5915],[-72.0845,-36.59158]]}},{"type":"Feature","properties":{"nombre":"Avenida Vicente Méndez","jerarquia":4},"geometry":{"type":"LineString","coordinates":[[-72.0845,-36.59158],[-72.08491,-36.59231]]}},{"type":"Feature","properties":{"nombre":"Avenida Paul Harris","jerarquia":4},"geometry":{"type":"LineString","coordinates":[[-72.08491,-36.59142],[-72.08464,-36.59152]]}},{"type":"Feature","properties":{"nombre":"Avenida Paul Harris","jerarquia":4},"geometry":{"type":"LineString","coordinates":[[-72.08464,-36.59152],[-72.0845,-36.59158]]}},{"type":"Feature","properties":{"nombre":"Avenida Paul Harris","jerarquia":4},"geometry":{"type":"LineString","coordinates":[[-72.08546,-36.59111],[-72.08515,-36.59133]]}},{"type":"Feature","properties":{"nombre":"Avenida Paul Harris","jerarquia":4},"geometry":{"type":"LineString","coordinates":[[-72.0849,-36.59133],[-72.08546,-36.59111]]}},{"type":"Feature","properties":{"nombre":"Avenida Andrés Bello","jerarquia":4},"geometry":{"type":"LineString","coordinates":[[-72.07041,-36.59203],[-72.07079,-36.59252]]}},{"type":"Feature","properties":{"nombre":"Avenida Andrés Bello","jerarquia":4},"geometry":{"type":"LineString","coordinates":[[-72.07079,-36.59252],[-72.07082,-36.59257]]}},{"type":"Feature","properties":{"nombre":"Avenida Andrés Bello","jerarquia":4},"geometry":{"type":"LineString","coordinates":[[-72.071,-36.59278],[-72.07112,-36.59294]]}},{"type":"Feature","properties":{"nombre":"Avenida Andrés Bello","jerarquia":4},"geometry":{"type":"LineString","coordinates":[[-72.07082,-36.59257],[-72.071,-36.59278]]}},{"type":"Feature","properties":{"nombre":"Avenida Andrés Bello","jerarquia":4},"geometry":{"type":"LineString","coordinates":[[-72.06989,-36.59139],[-72.07009,-36.59164]]}},{"type":"Feature","properties":{"nombre":"Avenida Andrés Bello","jerarquia":4},"geometry":{"type":"LineString","coordinates":[[-72.07009,-36.59164],[-72.07015,-36.5917]]}},{"type":"Feature","properties":{"nombre":"Avenida Andrés Bello","jerarquia":4},"geometry":{"type":"LineString","coordinates":[[-72.07015,-36.5917],[-72.07041,-36.59203]]}},{"type":"Feature","properties":{"nombre":"Avenida Ecuador","jerarquia":3},"geometry":{"type":"LineString","coordinates":[[-72.10915,-36.59771],[-72.10945,-36.59764]]}},{"type":"Feature","properties":{"nombre":"Camino Parque Lantaño","jerarquia":3},"geometry":{"type":"LineString","coordinates":[[-72.10945,-36.59764],[-72.10996,-36.59752]]}},{"type":"Feature","properties":{"nombre":"Camino Parque Lantaño","jerarquia":3},"geometry":{"type":"LineString","coordinates":[[-72.11274,-36.59682],[-72.11235,-36.59701],[-72.11188,-36.59715]]}},{"type":"Feature","properties":{"nombre":"Camino Parque Lantaño","jerarquia":4},"geometry":{"type":"LineString","coordinates":[[-72.11391,-36.59619],[-72.11375,-36.59627]]}},{"type":"Feature","properties":{"nombre":"Las Rosas","jerarquia":3},"geometry":{"type":"LineString","coordinates":[[-72.11372,-36.59623],[-72.11375,-36.59627]]}},{"type":"Feature","properties":{"nombre":"Camino Parque Lantaño","jerarquia":3},"geometry":{"type":"LineString","coordinates":[[-72.11375,-36.59627],[-72.11358,-36.59636]]}},{"type":"Feature","properties":{"nombre":"Camino Parque Lantaño","jerarquia":4},"geometry":{"type":"LineString","coordinates":[[-72.11372,-36.59623],[-72.11416,-36.59604]]}},{"type":"Feature","properties":{"nombre":"Camino Parque Lantaño","jerarquia":3},"geometry":{"type":"LineString","coordinates":[[-72.11358,-36.59636],[-72.11327,-36.59653]]}},{"type":"Feature","properties":{"nombre":"Camino Parque Lantaño","jerarquia":3},"geometry":{"type":"LineString","coordinates":[[-72.11327,-36.59653],[-72.11274,-36.59682]]}},{"type":"Feature","properties":{"nombre":"Camino Parque Lantaño","jerarquia":3},"geometry":{"type":"LineString","coordinates":[[-72.11354,-36.5963],[-72.11372,-36.59623]]}},{"type":"Feature","properties":{"nombre":"Camino Parque Lantaño","jerarquia":3},"geometry":{"type":"LineString","coordinates":[[-72.11269,-36.59676],[-72.11354,-36.5963]]}},{"type":"Feature","properties":{"nombre":"Camino Parque Lantaño","jerarquia":4},"geometry":{"type":"LineString","coordinates":[[-72.11416,-36.59604],[-72.11391,-36.59619]]}},{"type":"Feature","properties":{"nombre":"Los Peumos","jerarquia":5},"geometry":{"type":"LineString","coordinates":[[-72.09758,-36.59195],[-72.0969,-36.59228]]}},{"type":"Feature","properties":{"nombre":"Avenida Ecuador","jerarquia":3},"geometry":{"type":"LineString","coordinates":[[-72.09917,-36.60013],[-72.09981,-36.59997]]}},{"type":"Feature","properties":{"nombre":"Avenida Ecuador","jerarquia":3},"geometry":{"type":"LineString","coordinates":[[-72.09981,-36.59997],[-72.09999,-36.59993]]}},{"type":"Feature","properties":{"nombre":"Avenida Ecuador","jerarquia":3},"geometry":{"type":"LineString","coordinates":[[-72.10081,-36.59987],[-72.10056,-36.59993]]}},{"type":"Feature","properties":{"nombre":"Avenida Ecuador","jerarquia":3},"geometry":{"type":"LineString","coordinates":[[-72.10157,-36.59968],[-72.10081,-36.59987]]}},{"type":"Feature","properties":{"nombre":"Avenida Ecuador","jerarquia":3},"geometry":{"type":"LineString","coordinates":[[-72.09999,-36.59993],[-72.10139,-36.59958]]}},{"type":"Feature","properties":{"nombre":"Avenida Ecuador","jerarquia":3},"geometry":{"type":"LineString","coordinates":[[-72.10139,-36.59958],[-72.10154,-36.59955]]}},{"type":"Feature","properties":{"nombre":"Avenida Ecuador","jerarquia":3},"geometry":{"type":"LineString","coordinates":[[-72.10154,-36.59955],[-72.10229,-36.59936]]}},{"type":"Feature","properties":{"nombre":"Avenida Ecuador","jerarquia":3},"geometry":{"type":"LineString","coordinates":[[-72.10255,-36.59944],[-72.1017,-36.59965]]}},{"type":"Feature","properties":{"nombre":"Avenida Ecuador","jerarquia":3},"geometry":{"type":"LineString","coordinates":[[-72.1017,-36.59965],[-72.10157,-36.59968]]}},{"type":"Feature","properties":{"nombre":"Avenida Ecuador","jerarquia":3},"geometry":{"type":"LineString","coordinates":[[-72.1031,-36.59931],[-72.10255,-36.59944]]}},{"type":"Feature","properties":{"nombre":"Avenida Ecuador","jerarquia":3},"geometry":{"type":"LineString","coordinates":[[-72.10615,-36.59854],[-72.10462,-36.59893]]}},{"type":"Feature","properties":{"nombre":"Avenida Ecuador","jerarquia":3},"geometry":{"type":"LineString","coordinates":[[-72.10462,-36.59893],[-72.1031,-36.59931]]}},{"type":"Feature","properties":{"nombre":"18 de Septiembre","jerarquia":5},"geometry":{"type":"LineString","coordinates":[[-72.10157,-36.59968],[-72.10154,-36.59955]]}},{"type":"Feature","properties":{"nombre":"Avenida Ecuador","jerarquia":3},"geometry":{"type":"LineString","coordinates":[[-72.10291,-36.59921],[-72.10378,-36.59899]]}},{"type":"Feature","properties":{"nombre":"Avenida Ecuador","jerarquia":3},"geometry":{"type":"LineString","coordinates":[[-72.10378,-36.59899],[-72.10459,-36.59879]]}},{"type":"Feature","properties":{"nombre":"Avenida Ecuador","jerarquia":3},"geometry":{"type":"LineString","coordinates":[[-72.10459,-36.59879],[-72.10516,-36.59865]]}},{"type":"Feature","properties":{"nombre":"Avenida Ecuador","jerarquia":3},"geometry":{"type":"LineString","coordinates":[[-72.10229,-36.59936],[-72.10244,-36.59932]]}},{"type":"Feature","properties":{"nombre":"Avenida Ecuador","jerarquia":3},"geometry":{"type":"LineString","coordinates":[[-72.10244,-36.59932],[-72.10291,-36.59921]]}},{"type":"Feature","properties":{"nombre":"Avenida Ecuador","jerarquia":3},"geometry":{"type":"LineString","coordinates":[[-72.10516,-36.59865],[-72.10588,-36.59847]]}},{"type":"Feature","properties":{"nombre":"Avenida Ecuador","jerarquia":3},"geometry":{"type":"LineString","coordinates":[[-72.10588,-36.59847],[-72.10608,-36.59842]]}},{"type":"Feature","properties":{"nombre":"Avenida Argentina","jerarquia":3},"geometry":{"type":"LineString","coordinates":[[-72.09298,-36.60855],[-72.09252,-36.60734]]}},{"type":"Feature","properties":{"nombre":"Avenida Libertador Bernardo O'Higgins","jerarquia":3},"geometry":{"type":"LineString","coordinates":[[-72.11026,-36.60962],[-72.10984,-36.60859]]}},{"type":"Feature","properties":{"nombre":"Avenida Libertador Bernardo O'Higgins","jerarquia":3},"geometry":{"type":"LineString","coordinates":[[-72.10984,-36.60859],[-72.1098,-36.60849]]}},{"type":"Feature","properties":{"nombre":"Avenida Libertador Bernardo O'Higgins","jerarquia":3},"geometry":{"type":"LineString","coordinates":[[-72.11033,-36.6096],[-72.11034,-36.6097]]}},{"type":"Feature","properties":{"nombre":"Gamero","jerarquia":5},"geometry":{"type":"LineString","coordinates":[[-72.10716,-36.60105],[-72.10706,-36.60108]]}},{"type":"Feature","properties":{"nombre":"Avenida Libertador Bernardo O'Higgins","jerarquia":3},"geometry":{"type":"LineString","coordinates":[[-72.11852,-36.61826],[-72.11886,-36.61848]]}},{"type":"Feature","properties":{"nombre":"Avenida Libertador Bernardo O'Higgins","jerarquia":3},"geometry":{"type":"LineString","coordinates":[[-72.11998,-36.61939],[-72.11931,-36.61893]]}},{"type":"Feature","properties":{"nombre":"Avenida Libertador Bernardo O'Higgins","jerarquia":3},"geometry":{"type":"LineString","coordinates":[[-72.11273,-36.61428],[-72.11342,-36.61476]]}},{"type":"Feature","properties":{"nombre":"Avenida Libertador Bernardo O'Higgins","jerarquia":3},"geometry":{"type":"LineString","coordinates":[[-72.11194,-36.61372],[-72.11273,-36.61428]]}},{"type":"Feature","properties":{"nombre":"Avenida Libertador Bernardo O'Higgins","jerarquia":3},"geometry":{"type":"LineString","coordinates":[[-72.11338,-36.61485],[-72.11218,-36.614]]}},{"type":"Feature","properties":{"nombre":"Avenida Libertador Bernardo O'Higgins","jerarquia":3},"geometry":{"type":"LineString","coordinates":[[-72.11183,-36.6136],[-72.11194,-36.61372]]}},{"type":"Feature","properties":{"nombre":"Avenida Collín","jerarquia":3},"geometry":{"type":"LineString","coordinates":[[-72.1103,-36.61398],[-72.11137,-36.61372]]}},{"type":"Feature","properties":{"nombre":"Avenida Collín","jerarquia":3},"geometry":{"type":"LineString","coordinates":[[-72.10931,-36.61422],[-72.1103,-36.61398]]}},{"type":"Feature","properties":{"nombre":"Avenida Collín","jerarquia":3},"geometry":{"type":"LineString","coordinates":[[-72.11174,-36.61362],[-72.11183,-36.6136]]}},{"type":"Feature","properties":{"nombre":"Avenida Collín","jerarquia":4},"geometry":{"type":"LineString","coordinates":[[-72.11183,-36.6136],[-72.11191,-36.61358]]}},{"type":"Feature","properties":{"nombre":"Avenida Collín","jerarquia":4},"geometry":{"type":"LineString","coordinates":[[-72.11191,-36.61358],[-72.1123,-36.61346]]}},{"type":"Feature","properties":{"nombre":"Avenida Libertador Bernardo O'Higgins","jerarquia":3},"geometry":{"type":"LineString","coordinates":[[-72.12264,-36.62101],[-72.12277,-36.62112]]}},{"type":"Feature","properties":{"nombre":"Avenida Libertador Bernardo O'Higgins","jerarquia":3},"geometry":{"type":"LineString","coordinates":[[-72.12277,-36.62112],[-72.12304,-36.62139]]}},{"type":"Feature","properties":{"nombre":"Avenida Libertador Bernardo O'Higgins","jerarquia":3},"geometry":{"type":"LineString","coordinates":[[-72.1201,-36.61934],[-72.12034,-36.61951]]}},{"type":"Feature","properties":{"nombre":"Avenida Libertador Bernardo O'Higgins","jerarquia":3},"geometry":{"type":"LineString","coordinates":[[-72.12034,-36.61951],[-72.12115,-36.62006]]}},{"type":"Feature","properties":{"nombre":"Avenida Libertador Bernardo O'Higgins","jerarquia":3},"geometry":{"type":"LineString","coordinates":[[-72.12115,-36.62006],[-72.12151,-36.62032]]}},{"type":"Feature","properties":{"nombre":"Avenida Libertador Bernardo O'Higgins","jerarquia":3},"geometry":{"type":"LineString","coordinates":[[-72.12409,-36.62209],[-72.1242,-36.62217]]}},{"type":"Feature","properties":{"nombre":"Avenida Libertador Bernardo O'Higgins","jerarquia":3},"geometry":{"type":"LineString","coordinates":[[-72.1242,-36.62217],[-72.12465,-36.62245]]}},{"type":"Feature","properties":{"nombre":"Avenida Libertador Bernardo O'Higgins","jerarquia":3},"geometry":{"type":"LineString","coordinates":[[-72.12635,-36.62306],[-72.127,-36.62299]]}},{"type":"Feature","properties":{"nombre":"Tomás Yávar","jerarquia":5},"geometry":{"type":"LineString","coordinates":[[-72.12998,-36.62508],[-72.13073,-36.62498]]}},{"type":"Feature","properties":{"nombre":"Tomás Yávar","jerarquia":5},"geometry":{"type":"LineString","coordinates":[[-72.13073,-36.62498],[-72.13149,-36.62487]]}},{"type":"Feature","properties":{"nombre":"Tomás Yávar","jerarquia":5},"geometry":{"type":"LineString","coordinates":[[-72.13149,-36.62487],[-72.13295,-36.62467]]}},{"type":"Feature","properties":{"nombre":"Tomás Yávar","jerarquia":5},"geometry":{"type":"LineString","coordinates":[[-72.13295,-36.62467],[-72.133,-36.62466]]}},{"type":"Feature","properties":{"nombre":"Tomás Yávar","jerarquia":5},"geometry":{"type":"LineString","coordinates":[[-72.133,-36.62466],[-72.13441,-36.62445]]}},{"type":"Feature","properties":{"nombre":"Tomás Yávar","jerarquia":5},"geometry":{"type":"LineString","coordinates":[[-72.13441,-36.62445],[-72.13448,-36.62444]]}},{"type":"Feature","properties":{"nombre":"Tomás Yávar","jerarquia":5},"geometry":{"type":"LineString","coordinates":[[-72.13448,-36.62444],[-72.13592,-36.62424]]}},{"type":"Feature","properties":{"nombre":"Tomás Yávar","jerarquia":5},"geometry":{"type":"LineString","coordinates":[[-72.13592,-36.62424],[-72.136,-36.62423]]}},{"type":"Feature","properties":{"nombre":"Tomás Yávar","jerarquia":5},"geometry":{"type":"LineString","coordinates":[[-72.14084,-36.62376],[-72.141,-36.62379]]}},{"type":"Feature","properties":{"nombre":"Tomás Yávar","jerarquia":5},"geometry":{"type":"LineString","coordinates":[[-72.141,-36.62379],[-72.14278,-36.62393],[-72.14339,-36.62383]]}},{"type":"Feature","properties":{"nombre":"","jerarquia":3},"geometry":{"type":"LineString","coordinates":[[-72.13697,-36.6217],[-72.13685,-36.62177],[-72.13679,-36.62188]]}},{"type":"Feature","properties":{"nombre":"Avenida Libertador Bernardo O'Higgins","jerarquia":3},"geometry":{"type":"LineString","coordinates":[[-72.14096,-36.62287],[-72.13826,-36.62197]]}},{"type":"Feature","properties":{"nombre":"Avenida Libertador Bernardo O'Higgins","jerarquia":3},"geometry":{"type":"LineString","coordinates":[[-72.14015,-36.6225],[-72.14098,-36.62277]]}},{"type":"Feature","properties":{"nombre":"Avenida Libertador Bernardo O'Higgins","jerarquia":3},"geometry":{"type":"LineString","coordinates":[[-72.14256,-36.62344],[-72.14096,-36.62287]]}},{"type":"Feature","properties":{"nombre":"Avenida Libertador Bernardo O'Higgins","jerarquia":3},"geometry":{"type":"LineString","coordinates":[[-72.14403,-36.62373],[-72.14346,-36.62366]]}},{"type":"Feature","properties":{"nombre":"Avenida Libertador Bernardo O'Higgins","jerarquia":3},"geometry":{"type":"LineString","coordinates":[[-72.14346,-36.62366],[-72.14256,-36.62344]]}},{"type":"Feature","properties":{"nombre":"Avenida Libertador Bernardo O'Higgins","jerarquia":3},"geometry":{"type":"LineString","coordinates":[[-72.1511,-36.62408],[-72.15187,-36.62407]]}},{"type":"Feature","properties":{"nombre":"Avenida Libertador Bernardo O'Higgins","jerarquia":3},"geometry":{"type":"LineString","coordinates":[[-72.15299,-36.62437],[-72.15246,-36.62434]]}},{"type":"Feature","properties":{"nombre":"Avenida Libertador Bernardo O'Higgins","jerarquia":3},"geometry":{"type":"LineString","coordinates":[[-72.15246,-36.62434],[-72.15109,-36.62418]]}},{"type":"Feature","properties":{"nombre":"Avenida Libertador Bernardo O'Higgins","jerarquia":3},"geometry":{"type":"LineString","coordinates":[[-72.14098,-36.62277],[-72.14281,-36.62344],[-72.14403,-36.62366]]}},{"type":"Feature","properties":{"nombre":"Avenida Libertador Bernardo O'Higgins","jerarquia":3},"geometry":{"type":"LineString","coordinates":[[-72.15854,-36.62532],[-72.15944,-36.62554]]}},{"type":"Feature","properties":{"nombre":"","jerarquia":1},"geometry":{"type":"LineString","coordinates":[[-72.15944,-36.62554],[-72.15997,-36.62567]]}},{"type":"Feature","properties":{"nombre":"","jerarquia":1},"geometry":{"type":"LineString","coordinates":[[-72.16108,-36.62606],[-72.16064,-36.62596]]}},{"type":"Feature","properties":{"nombre":"","jerarquia":1},"geometry":{"type":"LineString","coordinates":[[-72.16045,-36.62591],[-72.16012,-36.62583]]}},{"type":"Feature","properties":{"nombre":"Avenida Libertador Bernardo O'Higgins","jerarquia":3},"geometry":{"type":"LineString","coordinates":[[-72.13079,-36.62248],[-72.1308,-36.62248]]}},{"type":"Feature","properties":{"nombre":"Avenida Libertador Bernardo O'Higgins","jerarquia":3},"geometry":{"type":"LineString","coordinates":[[-72.1308,-36.62248],[-72.13087,-36.62247]]}},{"type":"Feature","properties":{"nombre":"Avenida Libertador Bernardo O'Higgins","jerarquia":3},"geometry":{"type":"LineString","coordinates":[[-72.1295,-36.62266],[-72.1304,-36.62253]]}},{"type":"Feature","properties":{"nombre":"Avenida Libertador Bernardo O'Higgins","jerarquia":3},"geometry":{"type":"LineString","coordinates":[[-72.13129,-36.62241],[-72.13148,-36.62239]]}},{"type":"Feature","properties":{"nombre":"Avenida Libertador Bernardo O'Higgins","jerarquia":3},"geometry":{"type":"LineString","coordinates":[[-72.13148,-36.62239],[-72.13237,-36.62226]]}},{"type":"Feature","properties":{"nombre":"Avenida Libertador Bernardo O'Higgins","jerarquia":3},"geometry":{"type":"LineString","coordinates":[[-72.13087,-36.62247],[-72.13096,-36.62246]]}},{"type":"Feature","properties":{"nombre":"Avenida Libertador Bernardo O'Higgins","jerarquia":3},"geometry":{"type":"LineString","coordinates":[[-72.13096,-36.62246],[-72.13129,-36.62241]]}},{"type":"Feature","properties":{"nombre":"Serrano","jerarquia":5},"geometry":{"type":"LineString","coordinates":[[-72.13448,-36.62444],[-72.1342,-36.62331]]}},{"type":"Feature","properties":{"nombre":"Serrano","jerarquia":5},"geometry":{"type":"LineString","coordinates":[[-72.1342,-36.62331],[-72.13418,-36.62325]]}},{"type":"Feature","properties":{"nombre":"Río Viejo","jerarquia":4},"geometry":{"type":"LineString","coordinates":[[-72.08394,-36.63111],[-72.08327,-36.63143]]}},{"type":"Feature","properties":{"nombre":"Río Viejo","jerarquia":4},"geometry":{"type":"LineString","coordinates":[[-72.08327,-36.63143],[-72.08307,-36.63152]]}},{"type":"Feature","properties":{"nombre":"Río Viejo","jerarquia":4},"geometry":{"type":"LineString","coordinates":[[-72.08438,-36.6309],[-72.08394,-36.63111]]}},{"type":"Feature","properties":{"nombre":"Diagonal Las Termas","jerarquia":4},"geometry":{"type":"LineString","coordinates":[[-72.08375,-36.63051],[-72.08394,-36.63111]]}},{"type":"Feature","properties":{"nombre":"Diagonal Las Termas","jerarquia":4},"geometry":{"type":"LineString","coordinates":[[-72.08442,-36.62942],[-72.08418,-36.62974]]}},{"type":"Feature","properties":{"nombre":"Diagonal Las Termas","jerarquia":4},"geometry":{"type":"LineString","coordinates":[[-72.08506,-36.62856],[-72.08442,-36.62942]]}},{"type":"Feature","properties":{"nombre":"Barros Arana","jerarquia":4},"geometry":{"type":"LineString","coordinates":[[-72.0979,-36.6237],[-72.09756,-36.62326]]}},{"type":"Feature","properties":{"nombre":"Barros Arana","jerarquia":4},"geometry":{"type":"LineString","coordinates":[[-72.09816,-36.62406],[-72.09821,-36.62415]]}},{"type":"Feature","properties":{"nombre":"Barros Arana","jerarquia":4},"geometry":{"type":"LineString","coordinates":[[-72.09802,-36.62386],[-72.09816,-36.62406]]}},{"type":"Feature","properties":{"nombre":"Barros Arana","jerarquia":4},"geometry":{"type":"LineString","coordinates":[[-72.09828,-36.62425],[-72.09842,-36.62448]]}},{"type":"Feature","properties":{"nombre":"Barros Arana","jerarquia":4},"geometry":{"type":"LineString","coordinates":[[-72.09821,-36.62415],[-72.09828,-36.62425]]}},{"type":"Feature","properties":{"nombre":"Avenida Collín","jerarquia":3},"geometry":{"type":"LineString","coordinates":[[-72.10405,-36.61525],[-72.10557,-36.61488]]}},{"type":"Feature","properties":{"nombre":"18 de Septiembre","jerarquia":5},"geometry":{"type":"LineString","coordinates":[[-72.1071,-36.61451],[-72.10703,-36.61434]]}},{"type":"Feature","properties":{"nombre":"Avenida Collín","jerarquia":3},"geometry":{"type":"LineString","coordinates":[[-72.1071,-36.61451],[-72.10744,-36.61447]]}},{"type":"Feature","properties":{"nombre":"Avenida Alonso de Ercilla","jerarquia":4},"geometry":{"type":"LineString","coordinates":[[-72.07259,-36.62568],[-72.07197,-36.62568]]}},{"type":"Feature","properties":{"nombre":"Avenida Alonso de Ercilla","jerarquia":4},"geometry":{"type":"LineString","coordinates":[[-72.07197,-36.62568],[-72.07122,-36.62566]]}},{"type":"Feature","properties":{"nombre":"Avenida Alonso de Ercilla","jerarquia":4},"geometry":{"type":"LineString","coordinates":[[-72.07091,-36.62566],[-72.06952,-36.62563]]}},{"type":"Feature","properties":{"nombre":"Avenida Alonso de Ercilla","jerarquia":4},"geometry":{"type":"LineString","coordinates":[[-72.07566,-36.6257],[-72.07456,-36.62569]]}},{"type":"Feature","properties":{"nombre":"Avenida Alonso de Ercilla","jerarquia":4},"geometry":{"type":"LineString","coordinates":[[-72.07456,-36.62569],[-72.07319,-36.62568]]}},{"type":"Feature","properties":{"nombre":"Avenida Alonso de Ercilla","jerarquia":4},"geometry":{"type":"LineString","coordinates":[[-72.05164,-36.62939],[-72.05094,-36.62953]]}},{"type":"Feature","properties":{"nombre":"Avenida Alonso de Ercilla","jerarquia":4},"geometry":{"type":"LineString","coordinates":[[-72.05094,-36.62953],[-72.05084,-36.62954]]}},{"type":"Feature","properties":{"nombre":"Avenida Alonso de Ercilla","jerarquia":4},"geometry":{"type":"LineString","coordinates":[[-72.05084,-36.62954],[-72.04953,-36.62975]]}},{"type":"Feature","properties":{"nombre":"Avenida Alonso de Ercilla","jerarquia":4},"geometry":{"type":"LineString","coordinates":[[-72.04373,-36.63058],[-72.04317,-36.63066]]}},{"type":"Feature","properties":{"nombre":"Avenida Alonso de Ercilla","jerarquia":4},"geometry":{"type":"LineString","coordinates":[[-72.04953,-36.62975],[-72.04757,-36.63003]]}},{"type":"Feature","properties":{"nombre":"Avenida Alonso de Ercilla","jerarquia":4},"geometry":{"type":"LineString","coordinates":[[-72.04757,-36.63003],[-72.04746,-36.63005]]}},{"type":"Feature","properties":{"nombre":"Avenida Alonso de Ercilla","jerarquia":4},"geometry":{"type":"LineString","coordinates":[[-72.04746,-36.63005],[-72.0464,-36.6302]]}},{"type":"Feature","properties":{"nombre":"Avenida Alonso de Ercilla","jerarquia":4},"geometry":{"type":"LineString","coordinates":[[-72.0464,-36.6302],[-72.0448,-36.63042]]}},{"type":"Feature","properties":{"nombre":"San Ignacio","jerarquia":5},"geometry":{"type":"LineString","coordinates":[[-72.08906,-36.6322],[-72.08957,-36.63284]]}},{"type":"Feature","properties":{"nombre":"San Ignacio","jerarquia":5},"geometry":{"type":"LineString","coordinates":[[-72.08957,-36.63284],[-72.08981,-36.63311]]}},{"type":"Feature","properties":{"nombre":"San Ignacio","jerarquia":5},"geometry":{"type":"LineString","coordinates":[[-72.08981,-36.63311],[-72.09005,-36.63339]]}},{"type":"Feature","properties":{"nombre":"San Ignacio","jerarquia":5},"geometry":{"type":"LineString","coordinates":[[-72.09005,-36.63339],[-72.09018,-36.63352]]}},{"type":"Feature","properties":{"nombre":"San Ignacio","jerarquia":5},"geometry":{"type":"LineString","coordinates":[[-72.09122,-36.63435],[-72.09142,-36.63462]]}},{"type":"Feature","properties":{"nombre":"San Ignacio","jerarquia":5},"geometry":{"type":"LineString","coordinates":[[-72.09142,-36.63462],[-72.09161,-36.63493]]}},{"type":"Feature","properties":{"nombre":"San Ignacio","jerarquia":5},"geometry":{"type":"LineString","coordinates":[[-72.09161,-36.63493],[-72.09166,-36.63503]]}},{"type":"Feature","properties":{"nombre":"San Ignacio","jerarquia":5},"geometry":{"type":"LineString","coordinates":[[-72.09018,-36.63352],[-72.09054,-36.63382]]}},{"type":"Feature","properties":{"nombre":"San Ignacio","jerarquia":5},"geometry":{"type":"LineString","coordinates":[[-72.09054,-36.63382],[-72.0909,-36.63409]]}},{"type":"Feature","properties":{"nombre":"San Ignacio","jerarquia":5},"geometry":{"type":"LineString","coordinates":[[-72.0909,-36.63409],[-72.09122,-36.63435]]}},{"type":"Feature","properties":{"nombre":"Avenida Mariscal Ruiz de Gamboa","jerarquia":3},"geometry":{"type":"LineString","coordinates":[[-72.12982,-36.61571],[-72.13022,-36.61603]]}},{"type":"Feature","properties":{"nombre":"Real Audiencia","jerarquia":5},"geometry":{"type":"LineString","coordinates":[[-72.12961,-36.61552],[-72.12955,-36.61554]]}},{"type":"Feature","properties":{"nombre":"Avenida Mariscal Ruiz de Gamboa","jerarquia":3},"geometry":{"type":"LineString","coordinates":[[-72.12927,-36.6152],[-72.12961,-36.61552]]}},{"type":"Feature","properties":{"nombre":"Avenida Mariscal Ruiz de Gamboa","jerarquia":3},"geometry":{"type":"LineString","coordinates":[[-72.12961,-36.61552],[-72.12967,-36.61559]]}},{"type":"Feature","properties":{"nombre":"Avenida Mariscal Ruiz de Gamboa","jerarquia":3},"geometry":{"type":"LineString","coordinates":[[-72.12967,-36.61559],[-72.12955,-36.61554]]}},{"type":"Feature","properties":{"nombre":"Avenida Mariscal Ruiz de Gamboa","jerarquia":3},"geometry":{"type":"LineString","coordinates":[[-72.12967,-36.61559],[-72.12982,-36.61571]]}},{"type":"Feature","properties":{"nombre":"Avenida Mariscal Ruiz de Gamboa","jerarquia":3},"geometry":{"type":"LineString","coordinates":[[-72.13129,-36.61625],[-72.131,-36.61629]]}},{"type":"Feature","properties":{"nombre":"Avenida Mariscal Ruiz de Gamboa","jerarquia":3},"geometry":{"type":"LineString","coordinates":[[-72.131,-36.61629],[-72.13084,-36.61627]]}},{"type":"Feature","properties":{"nombre":"General Velásquez","jerarquia":5},"geometry":{"type":"LineString","coordinates":[[-72.12841,-36.61906],[-72.12992,-36.61887]]}},{"type":"Feature","properties":{"nombre":"General Velásquez","jerarquia":5},"geometry":{"type":"LineString","coordinates":[[-72.12992,-36.61887],[-72.13041,-36.6188]]}},{"type":"Feature","properties":{"nombre":"General Velásquez","jerarquia":5},"geometry":{"type":"LineString","coordinates":[[-72.13041,-36.6188],[-72.1314,-36.61867]]}},{"type":"Feature","properties":{"nombre":"General Velásquez","jerarquia":5},"geometry":{"type":"LineString","coordinates":[[-72.1314,-36.61867],[-72.13146,-36.61865]]}},{"type":"Feature","properties":{"nombre":"General Velásquez","jerarquia":5},"geometry":{"type":"LineString","coordinates":[[-72.12537,-36.61949],[-72.12689,-36.61924]]}},{"type":"Feature","properties":{"nombre":"General Velásquez","jerarquia":5},"geometry":{"type":"LineString","coordinates":[[-72.12689,-36.61924],[-72.12841,-36.61906]]}},{"type":"Feature","properties":{"nombre":"Avenida Mariscal Ruiz de Gamboa","jerarquia":3},"geometry":{"type":"LineString","coordinates":[[-72.13022,-36.61603],[-72.1305,-36.61619],[-72.13084,-36.61627]]}},{"type":"Feature","properties":{"nombre":"Avenida Mariscal Ruiz de Gamboa","jerarquia":3},"geometry":{"type":"LineString","coordinates":[[-72.12808,-36.61401],[-72.12868,-36.61471]]}},{"type":"Feature","properties":{"nombre":"Avenida Mariscal Ruiz de Gamboa","jerarquia":3},"geometry":{"type":"LineString","coordinates":[[-72.12859,-36.61474],[-72.12839,-36.6145]]}},{"type":"Feature","properties":{"nombre":"Avenida Mariscal Ruiz de Gamboa","jerarquia":3},"geometry":{"type":"LineString","coordinates":[[-72.1294,-36.61541],[-72.1288,-36.61493]]}},{"type":"Feature","properties":{"nombre":"Avenida Mariscal Ruiz de Gamboa","jerarquia":3},"geometry":{"type":"LineString","coordinates":[[-72.1288,-36.61493],[-72.12859,-36.61474]]}},{"type":"Feature","properties":{"nombre":"Avenida Mariscal Ruiz de Gamboa","jerarquia":3},"geometry":{"type":"LineString","coordinates":[[-72.12483,-36.60999],[-72.12466,-36.60971]]}},{"type":"Feature","properties":{"nombre":"Real Audiencia","jerarquia":5},"geometry":{"type":"LineString","coordinates":[[-72.13163,-36.61482],[-72.13056,-36.6152]]}},{"type":"Feature","properties":{"nombre":"Real Audiencia","jerarquia":5},"geometry":{"type":"LineString","coordinates":[[-72.13056,-36.6152],[-72.12961,-36.61552]]}},{"type":"Feature","properties":{"nombre":"Real Audiencia","jerarquia":5},"geometry":{"type":"LineString","coordinates":[[-72.132,-36.61465],[-72.13163,-36.61482]]}},{"type":"Feature","properties":{"nombre":"Avenida Mariscal Ruiz de Gamboa","jerarquia":3},"geometry":{"type":"LineString","coordinates":[[-72.12839,-36.6145],[-72.12798,-36.61404]]}},{"type":"Feature","properties":{"nombre":"Avenida Mariscal Ruiz de Gamboa","jerarquia":3},"geometry":{"type":"LineString","coordinates":[[-72.12798,-36.61404],[-72.1276,-36.61359]]}},{"type":"Feature","properties":{"nombre":"Avenida Mariscal Ruiz de Gamboa","jerarquia":3},"geometry":{"type":"LineString","coordinates":[[-72.1276,-36.61359],[-72.12723,-36.61314]]}},{"type":"Feature","properties":{"nombre":"Avenida Mariscal Ruiz de Gamboa","jerarquia":3},"geometry":{"type":"LineString","coordinates":[[-72.12723,-36.61314],[-72.12684,-36.61267]]}},{"type":"Feature","properties":{"nombre":"Maipón","jerarquia":5},"geometry":{"type":"LineString","coordinates":[[-72.11139,-36.6081],[-72.11266,-36.60779]]}},{"type":"Feature","properties":{"nombre":"Mario Vergara","jerarquia":5},"geometry":{"type":"LineString","coordinates":[[-72.08737,-36.61096],[-72.08625,-36.60909]]}},{"type":"Feature","properties":{"nombre":"Mario Vergara","jerarquia":5},"geometry":{"type":"LineString","coordinates":[[-72.08625,-36.60909],[-72.0863,-36.60895]]}},{"type":"Feature","properties":{"nombre":"Mario Vergara","jerarquia":5},"geometry":{"type":"LineString","coordinates":[[-72.0863,-36.60895],[-72.08638,-36.60882]]}},{"type":"Feature","properties":{"nombre":"Avenida Inglaterra","jerarquia":5},"geometry":{"type":"LineString","coordinates":[[-72.08528,-36.6161],[-72.08489,-36.61602]]}},{"type":"Feature","properties":{"nombre":"Avenida Los Puelches","jerarquia":4},"geometry":{"type":"LineString","coordinates":[[-72.08497,-36.61623],[-72.08501,-36.61638]]}},{"type":"Feature","properties":{"nombre":"Avenida Los Puelches","jerarquia":4},"geometry":{"type":"LineString","coordinates":[[-72.08501,-36.61638],[-72.08503,-36.61645]]}},{"type":"Feature","properties":{"nombre":"Reloncaví","jerarquia":5},"geometry":{"type":"LineString","coordinates":[[-72.08497,-36.61646],[-72.08487,-36.61648]]}},{"type":"Feature","properties":{"nombre":"Reloncaví","jerarquia":5},"geometry":{"type":"LineString","coordinates":[[-72.08487,-36.61648],[-72.0841,-36.61666]]}},{"type":"Feature","properties":{"nombre":"Reloncaví","jerarquia":5},"geometry":{"type":"LineString","coordinates":[[-72.0841,-36.61666],[-72.08359,-36.61678]]}},{"type":"Feature","properties":{"nombre":"Cerro Aracar","jerarquia":5},"geometry":{"type":"LineString","coordinates":[[-72.07148,-36.61306],[-72.07129,-36.61244],[-72.07124,-36.61204]]}},{"type":"Feature","properties":{"nombre":"Cerro Aracar","jerarquia":5},"geometry":{"type":"LineString","coordinates":[[-72.07124,-36.61204],[-72.07115,-36.61176]]}},{"type":"Feature","properties":{"nombre":"Camino a San Bernardo","jerarquia":5},"geometry":{"type":"LineString","coordinates":[[-72.06712,-36.60886],[-72.06561,-36.60931]]}},{"type":"Feature","properties":{"nombre":"Camino a San Bernardo","jerarquia":5},"geometry":{"type":"LineString","coordinates":[[-72.06561,-36.60931],[-72.06467,-36.60958]]}},{"type":"Feature","properties":{"nombre":"Camino a San Bernardo","jerarquia":5},"geometry":{"type":"LineString","coordinates":[[-72.06467,-36.60958],[-72.06388,-36.60982]]}},{"type":"Feature","properties":{"nombre":"Camino a San Bernardo","jerarquia":5},"geometry":{"type":"LineString","coordinates":[[-72.06388,-36.60982],[-72.06367,-36.60988]]}},{"type":"Feature","properties":{"nombre":"Cerro Aracar","jerarquia":5},"geometry":{"type":"LineString","coordinates":[[-72.07115,-36.61176],[-72.07107,-36.61148]]}},{"type":"Feature","properties":{"nombre":"Cerro Aracar","jerarquia":5},"geometry":{"type":"LineString","coordinates":[[-72.07107,-36.61148],[-72.07099,-36.61123]]}},{"type":"Feature","properties":{"nombre":"Cerro Aracar","jerarquia":5},"geometry":{"type":"LineString","coordinates":[[-72.07099,-36.61123],[-72.07091,-36.61094]]}},{"type":"Feature","properties":{"nombre":"Cerro Aracar","jerarquia":5},"geometry":{"type":"LineString","coordinates":[[-72.07091,-36.61094],[-72.07081,-36.61062]]}},{"type":"Feature","properties":{"nombre":"Cerro Aracar","jerarquia":5},"geometry":{"type":"LineString","coordinates":[[-72.07081,-36.61062],[-72.07053,-36.60968]]}},{"type":"Feature","properties":{"nombre":"Cerro Aracar","jerarquia":5},"geometry":{"type":"LineString","coordinates":[[-72.07053,-36.60968],[-72.07045,-36.60941]]}},{"type":"Feature","properties":{"nombre":"Cerro Aracar","jerarquia":5},"geometry":{"type":"LineString","coordinates":[[-72.07045,-36.60941],[-72.07035,-36.6091]]}},{"type":"Feature","properties":{"nombre":"Ruta 5 Sur","jerarquia":1},"geometry":{"type":"LineString","coordinates":[[-72.0501,-36.51407],[-72.04794,-36.51252]]}},{"type":"Feature","properties":{"nombre":"Ruta 5 Sur","jerarquia":1},"geometry":{"type":"LineString","coordinates":[[-72.04652,-36.51133],[-72.04791,-36.51233]]}},{"type":"Feature","properties":{"nombre":"Ruta 5 Sur","jerarquia":1},"geometry":{"type":"LineString","coordinates":[[-72.04864,-36.51286],[-72.05005,-36.51387]]}},{"type":"Feature","properties":{"nombre":"Ruta 5 Sur","jerarquia":1},"geometry":{"type":"LineString","coordinates":[[-72.05005,-36.51387],[-72.05079,-36.5144]]}},{"type":"Feature","properties":{"nombre":"Ruta 5 Sur","jerarquia":1},"geometry":{"type":"LineString","coordinates":[[-72.05181,-36.51528],[-72.05072,-36.51451]]}},{"type":"Feature","properties":{"nombre":"Ruta 5 Sur","jerarquia":1},"geometry":{"type":"LineString","coordinates":[[-72.05079,-36.5144],[-72.05346,-36.51631]]}},{"type":"Feature","properties":{"nombre":"Ruta 5 Sur","jerarquia":1},"geometry":{"type":"LineString","coordinates":[[-72.04791,-36.51233],[-72.04864,-36.51286]]}},{"type":"Feature","properties":{"nombre":"Ruta 5 Sur","jerarquia":1},"geometry":{"type":"LineString","coordinates":[[-72.05072,-36.51451],[-72.0501,-36.51407]]}},{"type":"Feature","properties":{"nombre":"Ruta 5 Sur","jerarquia":1},"geometry":{"type":"LineString","coordinates":[[-72.0547,-36.51736],[-72.05181,-36.51528]]}},{"type":"Feature","properties":{"nombre":"Ruta 5 Sur","jerarquia":1},"geometry":{"type":"LineString","coordinates":[[-72.05388,-36.51662],[-72.05595,-36.51811]]}},{"type":"Feature","properties":{"nombre":"Ruta 5 Sur","jerarquia":1},"geometry":{"type":"LineString","coordinates":[[-72.05346,-36.51631],[-72.05388,-36.51662]]}},{"type":"Feature","properties":{"nombre":"Ruta 5 Sur","jerarquia":1},"geometry":{"type":"LineString","coordinates":[[-72.05641,-36.51843],[-72.05925,-36.52046]]}},{"type":"Feature","properties":{"nombre":"Ruta 5 Sur","jerarquia":1},"geometry":{"type":"LineString","coordinates":[[-72.05595,-36.51811],[-72.05641,-36.51843]]}},{"type":"Feature","properties":{"nombre":"Ruta 5 Sur","jerarquia":1},"geometry":{"type":"LineString","coordinates":[[-72.05508,-36.51763],[-72.0547,-36.51736]]}},{"type":"Feature","properties":{"nombre":"Ruta 5 Sur","jerarquia":1},"geometry":{"type":"LineString","coordinates":[[-72.09119,-36.54499],[-72.09168,-36.54627]]}},{"type":"Feature","properties":{"nombre":"Ruta 5 Sur","jerarquia":1},"geometry":{"type":"LineString","coordinates":[[-72.20481,-36.63812],[-72.2041,-36.6379]]}},{"type":"Feature","properties":{"nombre":"","jerarquia":1},"geometry":{"type":"LineString","coordinates":[[-72.21924,-36.64705],[-72.21947,-36.64717]]}},{"type":"Feature","properties":{"nombre":"","jerarquia":1},"geometry":{"type":"LineString","coordinates":[[-72.21913,-36.64699],[-72.21924,-36.64705]]}},{"type":"Feature","properties":{"nombre":"Ruta 5 Sur","jerarquia":1},"geometry":{"type":"LineString","coordinates":[[-72.21803,-36.6464],[-72.21764,-36.64613]]}},{"type":"Feature","properties":{"nombre":"Ruta 5 Sur","jerarquia":1},"geometry":{"type":"LineString","coordinates":[[-72.21908,-36.64712],[-72.21851,-36.64673]]}},{"type":"Feature","properties":{"nombre":"Ruta 5 Sur","jerarquia":1},"geometry":{"type":"LineString","coordinates":[[-72.24183,-36.66467],[-72.2403,-36.66227]]}},{"type":"Feature","properties":{"nombre":"Ruta 5 Sur","jerarquia":1},"geometry":{"type":"LineString","coordinates":[[-72.24201,-36.66496],[-72.24183,-36.66467]]}},{"type":"Feature","properties":{"nombre":"Ruta 5 Sur","jerarquia":1},"geometry":{"type":"LineString","coordinates":[[-72.01063,-36.47398],[-72.01109,-36.47438]]}},{"type":"Feature","properties":{"nombre":"Ruta 5 Sur","jerarquia":1},"geometry":{"type":"LineString","coordinates":[[-72.01097,-36.47445],[-72.0107,-36.47421]]}},{"type":"Feature","properties":{"nombre":"Ruta 5 Sur","jerarquia":1},"geometry":{"type":"LineString","coordinates":[[-72.02811,-36.49311],[-72.02826,-36.4933]]}},{"type":"Feature","properties":{"nombre":"Ruta 5 Sur","jerarquia":1},"geometry":{"type":"LineString","coordinates":[[-72.02747,-36.49234],[-72.02779,-36.49274]]}},{"type":"Feature","properties":{"nombre":"Ruta 5 Sur","jerarquia":1},"geometry":{"type":"LineString","coordinates":[[-72.02762,-36.49274],[-72.02725,-36.49228]]}},{"type":"Feature","properties":{"nombre":"Ruta 5 Sur","jerarquia":1},"geometry":{"type":"LineString","coordinates":[[-72.0284,-36.49368],[-72.02762,-36.49274]]}},{"type":"Feature","properties":{"nombre":"Avenida Las Torres","jerarquia":5},"geometry":{"type":"LineString","coordinates":[[-72.06349,-36.62537],[-72.0634,-36.62498]]}},{"type":"Feature","properties":{"nombre":"Avenida Las Torres","jerarquia":5},"geometry":{"type":"LineString","coordinates":[[-72.0634,-36.62498],[-72.06331,-36.62461]]}},{"type":"Feature","properties":{"nombre":"Avenida Las Torres","jerarquia":5},"geometry":{"type":"LineString","coordinates":[[-72.06331,-36.62461],[-72.06324,-36.62423]]}},{"type":"Feature","properties":{"nombre":"Avenida Las Torres","jerarquia":5},"geometry":{"type":"LineString","coordinates":[[-72.06324,-36.62423],[-72.06316,-36.62384]]}},{"type":"Feature","properties":{"nombre":"Avenida Argentina","jerarquia":3},"geometry":{"type":"LineString","coordinates":[[-72.09607,-36.61687],[-72.09572,-36.61591]]}},{"type":"Feature","properties":{"nombre":"Avenida Argentina","jerarquia":3},"geometry":{"type":"LineString","coordinates":[[-72.09572,-36.61591],[-72.0957,-36.61584]]}},{"type":"Feature","properties":{"nombre":"Avenida Argentina","jerarquia":3},"geometry":{"type":"LineString","coordinates":[[-72.09624,-36.61737],[-72.09622,-36.61727]]}},{"type":"Feature","properties":{"nombre":"Avenida Argentina","jerarquia":3},"geometry":{"type":"LineString","coordinates":[[-72.09622,-36.61727],[-72.09618,-36.61716]]}},{"type":"Feature","properties":{"nombre":"Cerro Torres del Paine","jerarquia":5},"geometry":{"type":"LineString","coordinates":[[-72.07712,-36.62332],[-72.07703,-36.62305]]}},{"type":"Feature","properties":{"nombre":"Cerro Torres del Paine","jerarquia":5},"geometry":{"type":"LineString","coordinates":[[-72.07703,-36.62305],[-72.07695,-36.62279]]}},{"type":"Feature","properties":{"nombre":"Cerro Torres del Paine","jerarquia":5},"geometry":{"type":"LineString","coordinates":[[-72.07695,-36.62279],[-72.07688,-36.62253]]}},{"type":"Feature","properties":{"nombre":"Cerro Torres del Paine","jerarquia":5},"geometry":{"type":"LineString","coordinates":[[-72.07688,-36.62253],[-72.07679,-36.62223]]}},{"type":"Feature","properties":{"nombre":"Huambalí","jerarquia":4},"geometry":{"type":"LineString","coordinates":[[-72.10511,-36.62043],[-72.10518,-36.62032]]}},{"type":"Feature","properties":{"nombre":"Huambalí","jerarquia":4},"geometry":{"type":"LineString","coordinates":[[-72.10518,-36.62032],[-72.10523,-36.62022]]}},{"type":"Feature","properties":{"nombre":"Avenida Los Puelches","jerarquia":4},"geometry":{"type":"LineString","coordinates":[[-72.08737,-36.6245],[-72.08745,-36.62475]]}},{"type":"Feature","properties":{"nombre":"Los Copihues","jerarquia":5},"geometry":{"type":"LineString","coordinates":[[-72.1203,-36.62446],[-72.12025,-36.62448]]}},{"type":"Feature","properties":{"nombre":"Los Copihues","jerarquia":5},"geometry":{"type":"LineString","coordinates":[[-72.12025,-36.62448],[-72.11979,-36.62466]]}},{"type":"Feature","properties":{"nombre":"Los Copihues","jerarquia":5},"geometry":{"type":"LineString","coordinates":[[-72.11979,-36.62466],[-72.11941,-36.62482]]}},{"type":"Feature","properties":{"nombre":"Los Copihues","jerarquia":5},"geometry":{"type":"LineString","coordinates":[[-72.11941,-36.62482],[-72.11929,-36.62486]]}},{"type":"Feature","properties":{"nombre":"Los Copihues","jerarquia":5},"geometry":{"type":"LineString","coordinates":[[-72.11929,-36.62486],[-72.11878,-36.62507]]}},{"type":"Feature","properties":{"nombre":"Los Copihues","jerarquia":5},"geometry":{"type":"LineString","coordinates":[[-72.11878,-36.62507],[-72.11827,-36.62527]]}},{"type":"Feature","properties":{"nombre":"Los Copihues","jerarquia":5},"geometry":{"type":"LineString","coordinates":[[-72.11827,-36.62527],[-72.11779,-36.62546]]}},{"type":"Feature","properties":{"nombre":"Los Alerces","jerarquia":5},"geometry":{"type":"LineString","coordinates":[[-72.1032,-36.62745],[-72.10313,-36.62746]]}},{"type":"Feature","properties":{"nombre":"Los Alerces","jerarquia":5},"geometry":{"type":"LineString","coordinates":[[-72.10313,-36.62746],[-72.10299,-36.62748]]}},{"type":"Feature","properties":{"nombre":"Los Alerces","jerarquia":5},"geometry":{"type":"LineString","coordinates":[[-72.10299,-36.62748],[-72.10246,-36.62755]]}},{"type":"Feature","properties":{"nombre":"Los Alerces","jerarquia":5},"geometry":{"type":"LineString","coordinates":[[-72.10246,-36.62755],[-72.10224,-36.62759]]}},{"type":"Feature","properties":{"nombre":"Avenida Reino de Chile","jerarquia":5},"geometry":{"type":"LineString","coordinates":[[-72.1126,-36.63037],[-72.11218,-36.63068]]}},{"type":"Feature","properties":{"nombre":"Avenida Reino de Chile","jerarquia":5},"geometry":{"type":"LineString","coordinates":[[-72.11218,-36.63068],[-72.1118,-36.63096]]}},{"type":"Feature","properties":{"nombre":"Avenida Reino de Chile","jerarquia":5},"geometry":{"type":"LineString","coordinates":[[-72.1118,-36.63096],[-72.11142,-36.63123]]}},{"type":"Feature","properties":{"nombre":"Avenida Reino de Chile","jerarquia":5},"geometry":{"type":"LineString","coordinates":[[-72.11142,-36.63123],[-72.11122,-36.63136]]}},{"type":"Feature","properties":{"nombre":"Avenida Reino de Chile","jerarquia":5},"geometry":{"type":"LineString","coordinates":[[-72.11388,-36.62982],[-72.11343,-36.62994]]}},{"type":"Feature","properties":{"nombre":"Avenida Reino de Chile","jerarquia":5},"geometry":{"type":"LineString","coordinates":[[-72.11343,-36.62994],[-72.113,-36.63008]]}},{"type":"Feature","properties":{"nombre":"Avenida Reino de Chile","jerarquia":5},"geometry":{"type":"LineString","coordinates":[[-72.113,-36.63008],[-72.1126,-36.63037]]}},{"type":"Feature","properties":{"nombre":"Avenida Reino de Chile","jerarquia":5},"geometry":{"type":"LineString","coordinates":[[-72.10864,-36.63121],[-72.10742,-36.63075]]}},{"type":"Feature","properties":{"nombre":"Avenida Reino de Chile","jerarquia":5},"geometry":{"type":"LineString","coordinates":[[-72.10742,-36.63075],[-72.10731,-36.63072]]}},{"type":"Feature","properties":{"nombre":"Ruta N-682","jerarquia":5},"geometry":{"type":"LineString","coordinates":[[-72.2864,-36.67397],[-72.28644,-36.6741],[-72.28803,-36.67613],[-72.29133,-36.6781],[-72.2927,-36.67901]]}},{"type":"Feature","properties":{"nombre":"Ruta N-682","jerarquia":5},"geometry":{"type":"LineString","coordinates":[[-72.2927,-36.67901],[-72.29612,-36.681]]}},{"type":"Feature","properties":{"nombre":"Ruta N-682","jerarquia":5},"geometry":{"type":"LineString","coordinates":[[-72.29612,-36.681],[-72.29943,-36.68294]]}},{"type":"Feature","properties":{"nombre":"Ruta N-682","jerarquia":5},"geometry":{"type":"LineString","coordinates":[[-72.29943,-36.68294],[-72.29961,-36.68295],[-72.3009,-36.68273]]}},{"type":"Feature","properties":{"nombre":"Ruta N-682","jerarquia":5},"geometry":{"type":"LineString","coordinates":[[-72.3009,-36.68273],[-72.30145,-36.68283],[-72.3047,-36.68364],[-72.30785,-36.68466],[-72.31175,-36.6851]]}},{"type":"Feature","properties":{"nombre":"Ruta N-682","jerarquia":5},"geometry":{"type":"LineString","coordinates":[[-72.31175,-36.6851],[-72.31697,-36.6865]]}},{"type":"Feature","properties":{"nombre":"Ruta N-530","jerarquia":5},"geometry":{"type":"LineString","coordinates":[[-72.30365,-36.52639],[-72.30372,-36.52651],[-72.30654,-36.52919],[-72.30665,-36.52925],[-72.30834,-36.52892],[-72.31053,-36.52836],[-72.31093,-36.52831]]}},{"type":"Feature","properties":{"nombre":"Ruta N-530","jerarquia":5},"geometry":{"type":"LineString","coordinates":[[-72.30362,-36.52625],[-72.30365,-36.52639]]}},{"type":"Feature","properties":{"nombre":"Ruta N-530","jerarquia":5},"geometry":{"type":"LineString","coordinates":[[-72.31093,-36.52831],[-72.31122,-36.53053]]}},{"type":"Feature","properties":{"nombre":"Ruta N-530","jerarquia":5},"geometry":{"type":"LineString","coordinates":[[-72.31122,-36.53053],[-72.31138,-36.53169]]}},{"type":"Feature","properties":{"nombre":"Ruta N-530","jerarquia":5},"geometry":{"type":"LineString","coordinates":[[-72.31138,-36.53169],[-72.31149,-36.53249]]}},{"type":"Feature","properties":{"nombre":"Ruta N-530","jerarquia":5},"geometry":{"type":"LineString","coordinates":[[-72.31149,-36.53249],[-72.31154,-36.53287]]}},{"type":"Feature","properties":{"nombre":"Ruta N-530","jerarquia":5},"geometry":{"type":"LineString","coordinates":[[-72.31154,-36.53287],[-72.31229,-36.53859],[-72.31236,-36.53875],[-72.31264,-36.53903]]}},{"type":"Feature","properties":{"nombre":"Avenida La Castilla","jerarquia":4},"geometry":{"type":"LineString","coordinates":[[-72.11827,-36.61212],[-72.11781,-36.61219]]}},{"type":"Feature","properties":{"nombre":"Avenida La Castilla","jerarquia":4},"geometry":{"type":"LineString","coordinates":[[-72.11771,-36.61217],[-72.11827,-36.61212]]}},{"type":"Feature","properties":{"nombre":"Avenida La Castilla","jerarquia":4},"geometry":{"type":"LineString","coordinates":[[-72.11781,-36.61219],[-72.11771,-36.61217]]}},{"type":"Feature","properties":{"nombre":"Avenida La Castilla","jerarquia":4},"geometry":{"type":"LineString","coordinates":[[-72.11827,-36.61212],[-72.11875,-36.61207]]}},{"type":"Feature","properties":{"nombre":"Avenida La Castilla","jerarquia":4},"geometry":{"type":"LineString","coordinates":[[-72.11875,-36.61207],[-72.1193,-36.612]]}},{"type":"Feature","properties":{"nombre":"Avenida La Castilla","jerarquia":4},"geometry":{"type":"LineString","coordinates":[[-72.1193,-36.612],[-72.11984,-36.61192]]}},{"type":"Feature","properties":{"nombre":"Avenida La Castilla","jerarquia":4},"geometry":{"type":"LineString","coordinates":[[-72.12213,-36.61092],[-72.12203,-36.61094]]}},{"type":"Feature","properties":{"nombre":"Avenida La Castilla","jerarquia":4},"geometry":{"type":"LineString","coordinates":[[-72.12253,-36.61071],[-72.12213,-36.61092]]}},{"type":"Feature","properties":{"nombre":"Avenida La Castilla","jerarquia":4},"geometry":{"type":"LineString","coordinates":[[-72.12203,-36.61094],[-72.12211,-36.61087],[-72.12253,-36.61071]]}},{"type":"Feature","properties":{"nombre":"Avenida La Castilla","jerarquia":4},"geometry":{"type":"LineString","coordinates":[[-72.12253,-36.61071],[-72.12263,-36.61067]]}},{"type":"Feature","properties":{"nombre":"Avenida La Castilla","jerarquia":4},"geometry":{"type":"LineString","coordinates":[[-72.12263,-36.61067],[-72.12275,-36.61061]]}},{"type":"Feature","properties":{"nombre":"Avenida La Castilla","jerarquia":4},"geometry":{"type":"LineString","coordinates":[[-72.12275,-36.61061],[-72.12321,-36.61039]]}},{"type":"Feature","properties":{"nombre":"Avenida La Castilla","jerarquia":4},"geometry":{"type":"LineString","coordinates":[[-72.12321,-36.61039],[-72.12374,-36.61014]]}},{"type":"Feature","properties":{"nombre":"Avenida La Castilla","jerarquia":4},"geometry":{"type":"LineString","coordinates":[[-72.12374,-36.61014],[-72.12466,-36.60971]]}},{"type":"Feature","properties":{"nombre":"Juan Martínez de Rozas","jerarquia":5},"geometry":{"type":"LineString","coordinates":[[-72.13709,-36.62284],[-72.13665,-36.6229]]}},{"type":"Feature","properties":{"nombre":"Juan Martínez de Rozas","jerarquia":5},"geometry":{"type":"LineString","coordinates":[[-72.13665,-36.6229],[-72.13577,-36.62303]]}},{"type":"Feature","properties":{"nombre":"Juan Martínez de Rozas","jerarquia":5},"geometry":{"type":"LineString","coordinates":[[-72.13577,-36.62303],[-72.1357,-36.62304]]}},{"type":"Feature","properties":{"nombre":"Ruta N-560","jerarquia":4},"geometry":{"type":"LineString","coordinates":[[-72.12551,-36.58979],[-72.12569,-36.5897]]}},{"type":"Feature","properties":{"nombre":"Caletera Ruta 5","jerarquia":4},"geometry":{"type":"LineString","coordinates":[[-72.12555,-36.58957],[-72.12569,-36.5897]]}},{"type":"Feature","properties":{"nombre":"","jerarquia":4},"geometry":{"type":"LineString","coordinates":[[-72.12551,-36.58979],[-72.12556,-36.58965]]}},{"type":"Feature","properties":{"nombre":"","jerarquia":4},"geometry":{"type":"LineString","coordinates":[[-72.12556,-36.58965],[-72.12555,-36.58957]]}},{"type":"Feature","properties":{"nombre":"Sotomayor","jerarquia":5},"geometry":{"type":"LineString","coordinates":[[-72.12607,-36.62306],[-72.12592,-36.62316]]}},{"type":"Feature","properties":{"nombre":"Alcalde Flores Millán","jerarquia":5},"geometry":{"type":"LineString","coordinates":[[-72.08727,-36.59036],[-72.08733,-36.59044]]}},{"type":"Feature","properties":{"nombre":"Alcalde Flores Millán","jerarquia":5},"geometry":{"type":"LineString","coordinates":[[-72.08733,-36.59044],[-72.08921,-36.59259]]}},{"type":"Feature","properties":{"nombre":"Alcalde Flores Millán","jerarquia":5},"geometry":{"type":"LineString","coordinates":[[-72.08921,-36.59259],[-72.09011,-36.59362]]}},{"type":"Feature","properties":{"nombre":"Alcalde Flores Millán","jerarquia":5},"geometry":{"type":"LineString","coordinates":[[-72.09011,-36.59362],[-72.09075,-36.59435]]}},{"type":"Feature","properties":{"nombre":"Alcalde Flores Millán","jerarquia":5},"geometry":{"type":"LineString","coordinates":[[-72.09075,-36.59435],[-72.09119,-36.59486]]}},{"type":"Feature","properties":{"nombre":"Lazareto","jerarquia":5},"geometry":{"type":"LineString","coordinates":[[-72.12344,-36.60854],[-72.12307,-36.60846]]}},{"type":"Feature","properties":{"nombre":"Lazareto","jerarquia":5},"geometry":{"type":"LineString","coordinates":[[-72.12307,-36.60846],[-72.12369,-36.60851]]}},{"type":"Feature","properties":{"nombre":"Lazareto","jerarquia":5},"geometry":{"type":"LineString","coordinates":[[-72.12369,-36.60851],[-72.12344,-36.60854]]}},{"type":"Feature","properties":{"nombre":"Lazareto","jerarquia":5},"geometry":{"type":"LineString","coordinates":[[-72.1142,-36.60749],[-72.11375,-36.60764]]}},{"type":"Feature","properties":{"nombre":"Río Viejo","jerarquia":4},"geometry":{"type":"LineString","coordinates":[[-72.08307,-36.63152],[-72.08296,-36.63156]]}},{"type":"Feature","properties":{"nombre":"Río Viejo","jerarquia":4},"geometry":{"type":"LineString","coordinates":[[-72.08461,-36.6308],[-72.08438,-36.6309]]}},{"type":"Feature","properties":{"nombre":"Los Espinos","jerarquia":5},"geometry":{"type":"LineString","coordinates":[[-72.10312,-36.62723],[-72.10302,-36.62703]]}},{"type":"Feature","properties":{"nombre":"Los Espinos","jerarquia":5},"geometry":{"type":"LineString","coordinates":[[-72.10302,-36.62703],[-72.10282,-36.62661]]}},{"type":"Feature","properties":{"nombre":"Los Espinos","jerarquia":5},"geometry":{"type":"LineString","coordinates":[[-72.10282,-36.62661],[-72.10263,-36.6262]]}},{"type":"Feature","properties":{"nombre":"Los Espinos","jerarquia":5},"geometry":{"type":"LineString","coordinates":[[-72.10263,-36.6262],[-72.10243,-36.62576]]}},{"type":"Feature","properties":{"nombre":"Huambalí","jerarquia":5},"geometry":{"type":"LineString","coordinates":[[-72.10465,-36.62304],[-72.10457,-36.62276]]}},{"type":"Feature","properties":{"nombre":"Huambalí","jerarquia":4},"geometry":{"type":"LineString","coordinates":[[-72.1046,-36.62233],[-72.10465,-36.62174]]}},{"type":"Feature","properties":{"nombre":"Rosauro Acuña","jerarquia":4},"geometry":{"type":"LineString","coordinates":[[-72.10635,-36.62024],[-72.10596,-36.62023]]}},{"type":"Feature","properties":{"nombre":"Rosauro Acuña","jerarquia":4},"geometry":{"type":"LineString","coordinates":[[-72.10596,-36.62023],[-72.10547,-36.62023]]}},{"type":"Feature","properties":{"nombre":"Rosauro Acuña","jerarquia":4},"geometry":{"type":"LineString","coordinates":[[-72.10547,-36.62023],[-72.10541,-36.62023]]}},{"type":"Feature","properties":{"nombre":"Rosauro Acuña","jerarquia":4},"geometry":{"type":"LineString","coordinates":[[-72.10787,-36.62026],[-72.10755,-36.62025]]}},{"type":"Feature","properties":{"nombre":"Rosauro Acuña","jerarquia":4},"geometry":{"type":"LineString","coordinates":[[-72.10755,-36.62025],[-72.10716,-36.62025]]}},{"type":"Feature","properties":{"nombre":"Rosauro Acuña","jerarquia":4},"geometry":{"type":"LineString","coordinates":[[-72.10716,-36.62025],[-72.10686,-36.62025]]}},{"type":"Feature","properties":{"nombre":"Rosauro Acuña","jerarquia":4},"geometry":{"type":"LineString","coordinates":[[-72.10686,-36.62025],[-72.10635,-36.62024]]}},{"type":"Feature","properties":{"nombre":"Rosauro Acuña","jerarquia":4},"geometry":{"type":"LineString","coordinates":[[-72.10904,-36.62049],[-72.10854,-36.62036]]}},{"type":"Feature","properties":{"nombre":"Pedro Aguirre Cerda","jerarquia":5},"geometry":{"type":"LineString","coordinates":[[-72.10904,-36.62049],[-72.10922,-36.62006]]}},{"type":"Feature","properties":{"nombre":"Rosauro Acuña","jerarquia":4},"geometry":{"type":"LineString","coordinates":[[-72.10978,-36.62061],[-72.10904,-36.62049]]}},{"type":"Feature","properties":{"nombre":"Rosauro Acuña","jerarquia":4},"geometry":{"type":"LineString","coordinates":[[-72.11158,-36.62085],[-72.11055,-36.62073]]}},{"type":"Feature","properties":{"nombre":"Rosauro Acuña","jerarquia":4},"geometry":{"type":"LineString","coordinates":[[-72.11055,-36.62073],[-72.10978,-36.62061]]}},{"type":"Feature","properties":{"nombre":"Rosauro Acuña","jerarquia":4},"geometry":{"type":"LineString","coordinates":[[-72.11173,-36.62087],[-72.11158,-36.62085]]}},{"type":"Feature","properties":{"nombre":"Rosauro Acuña","jerarquia":4},"geometry":{"type":"LineString","coordinates":[[-72.11339,-36.62098],[-72.11299,-36.62096]]}},{"type":"Feature","properties":{"nombre":"Rosauro Acuña","jerarquia":4},"geometry":{"type":"LineString","coordinates":[[-72.11299,-36.62096],[-72.11173,-36.62087]]}},{"type":"Feature","properties":{"nombre":"Rosauro Acuña","jerarquia":4},"geometry":{"type":"LineString","coordinates":[[-72.11648,-36.62098],[-72.11609,-36.62102]]}},{"type":"Feature","properties":{"nombre":"Rosauro Acuña","jerarquia":4},"geometry":{"type":"LineString","coordinates":[[-72.11609,-36.62102],[-72.11599,-36.62103]]}},{"type":"Feature","properties":{"nombre":"Rosauro Acuña","jerarquia":4},"geometry":{"type":"LineString","coordinates":[[-72.11599,-36.62103],[-72.11561,-36.62106]]}},{"type":"Feature","properties":{"nombre":"Luis Arellano","jerarquia":5},"geometry":{"type":"LineString","coordinates":[[-72.13673,-36.6217],[-72.13676,-36.62179]]}},{"type":"Feature","properties":{"nombre":"Luis Arellano","jerarquia":5},"geometry":{"type":"LineString","coordinates":[[-72.13676,-36.62179],[-72.13679,-36.62188]]}},{"type":"Feature","properties":{"nombre":"Avenida Libertador Bernardo O'Higgins","jerarquia":3},"geometry":{"type":"LineString","coordinates":[[-72.13671,-36.62165],[-72.13714,-36.62164]]}},{"type":"Feature","properties":{"nombre":"Luis Arellano","jerarquia":3},"geometry":{"type":"LineString","coordinates":[[-72.13671,-36.62165],[-72.13669,-36.62158]]}},{"type":"Feature","properties":{"nombre":"Luis Arellano","jerarquia":3},"geometry":{"type":"LineString","coordinates":[[-72.13669,-36.62158],[-72.13663,-36.6214]]}},{"type":"Feature","properties":{"nombre":"Avenida Libertador Bernardo O'Higgins","jerarquia":3},"geometry":{"type":"LineString","coordinates":[[-72.1356,-36.6218],[-72.13651,-36.62166]]}},{"type":"Feature","properties":{"nombre":"Avenida Libertador Bernardo O'Higgins","jerarquia":3},"geometry":{"type":"LineString","coordinates":[[-72.13651,-36.62166],[-72.13671,-36.62165]]}},{"type":"Feature","properties":{"nombre":"Avenida Libertador Bernardo O'Higgins","jerarquia":3},"geometry":{"type":"LineString","coordinates":[[-72.13697,-36.6217],[-72.13683,-36.6217]]}},{"type":"Feature","properties":{"nombre":"Avenida Libertador Bernardo O'Higgins","jerarquia":3},"geometry":{"type":"LineString","coordinates":[[-72.13683,-36.6217],[-72.13673,-36.6217]]}},{"type":"Feature","properties":{"nombre":"Avenida Libertador Bernardo O'Higgins","jerarquia":3},"geometry":{"type":"LineString","coordinates":[[-72.13673,-36.6217],[-72.1356,-36.6218]]}},{"type":"Feature","properties":{"nombre":"Las Canoas","jerarquia":5},"geometry":{"type":"LineString","coordinates":[[-72.11626,-36.62608],[-72.11615,-36.62559]]}},{"type":"Feature","properties":{"nombre":"Las Canoas","jerarquia":5},"geometry":{"type":"LineString","coordinates":[[-72.11615,-36.62559],[-72.11609,-36.62528]]}},{"type":"Feature","properties":{"nombre":"Las Canoas","jerarquia":5},"geometry":{"type":"LineString","coordinates":[[-72.11631,-36.6263],[-72.11626,-36.62608]]}},{"type":"Feature","properties":{"nombre":"Los Espinos","jerarquia":5},"geometry":{"type":"LineString","coordinates":[[-72.1032,-36.62745],[-72.10312,-36.62723]]}},{"type":"Feature","properties":{"nombre":"San Gabriel","jerarquia":5},"geometry":{"type":"LineString","coordinates":[[-72.06247,-36.62557],[-72.06219,-36.62472]]}},{"type":"Feature","properties":{"nombre":"San Gabriel","jerarquia":5},"geometry":{"type":"LineString","coordinates":[[-72.06219,-36.62472],[-72.06197,-36.62408]]}},{"type":"Feature","properties":{"nombre":"San Gabriel","jerarquia":5},"geometry":{"type":"LineString","coordinates":[[-72.06197,-36.62408],[-72.0619,-36.62389]]}},{"type":"Feature","properties":{"nombre":"Avenida Libertador Bernardo O'Higgins","jerarquia":3},"geometry":{"type":"LineString","coordinates":[[-72.1048,-36.59453],[-72.10484,-36.59464]]}},{"type":"Feature","properties":{"nombre":"Avenida Libertador Bernardo O'Higgins","jerarquia":3},"geometry":{"type":"LineString","coordinates":[[-72.10484,-36.59464],[-72.10498,-36.59503]]}},{"type":"Feature","properties":{"nombre":"Avenida Libertador Bernardo O'Higgins","jerarquia":3},"geometry":{"type":"LineString","coordinates":[[-72.10508,-36.59529],[-72.10531,-36.59591]]}},{"type":"Feature","properties":{"nombre":"Avenida Libertador Bernardo O'Higgins","jerarquia":3},"geometry":{"type":"LineString","coordinates":[[-72.10498,-36.59503],[-72.10508,-36.59529]]}},{"type":"Feature","properties":{"nombre":"Avenida Libertador Bernardo O'Higgins","jerarquia":3},"geometry":{"type":"LineString","coordinates":[[-72.10573,-36.59754],[-72.10555,-36.59707]]}},{"type":"Feature","properties":{"nombre":"Avenida Libertador Bernardo O'Higgins","jerarquia":3},"geometry":{"type":"LineString","coordinates":[[-72.1052,-36.59612],[-72.10501,-36.59562]]}},{"type":"Feature","properties":{"nombre":"Avenida Libertador Bernardo O'Higgins","jerarquia":3},"geometry":{"type":"LineString","coordinates":[[-72.10501,-36.59562],[-72.10494,-36.59544]]}},{"type":"Feature","properties":{"nombre":"Avenida Libertador Bernardo O'Higgins","jerarquia":3},"geometry":{"type":"LineString","coordinates":[[-72.10494,-36.59544],[-72.10488,-36.59527]]}},{"type":"Feature","properties":{"nombre":"Avenida Libertador Bernardo O'Higgins","jerarquia":3},"geometry":{"type":"LineString","coordinates":[[-72.10364,-36.59189],[-72.10346,-36.59139]]}},{"type":"Feature","properties":{"nombre":"Avenida Libertador Bernardo O'Higgins","jerarquia":3},"geometry":{"type":"LineString","coordinates":[[-72.10488,-36.59527],[-72.10481,-36.59507]]}},{"type":"Feature","properties":{"nombre":"Avenida Libertador Bernardo O'Higgins","jerarquia":3},"geometry":{"type":"LineString","coordinates":[[-72.10481,-36.59507],[-72.10477,-36.59498]]}},{"type":"Feature","properties":{"nombre":"Avenida Libertador Bernardo O'Higgins","jerarquia":3},"geometry":{"type":"LineString","coordinates":[[-72.10477,-36.59498],[-72.10411,-36.59317]]}},{"type":"Feature","properties":{"nombre":"Avenida Libertador Bernardo O'Higgins","jerarquia":3},"geometry":{"type":"LineString","coordinates":[[-72.10411,-36.59317],[-72.10394,-36.59269]]}},{"type":"Feature","properties":{"nombre":"Avenida Libertador Bernardo O'Higgins","jerarquia":3},"geometry":{"type":"LineString","coordinates":[[-72.10394,-36.59269],[-72.10384,-36.59243]]}},{"type":"Feature","properties":{"nombre":"Avenida Libertador Bernardo O'Higgins","jerarquia":3},"geometry":{"type":"LineString","coordinates":[[-72.10384,-36.59243],[-72.10364,-36.59189]]}},{"type":"Feature","properties":{"nombre":"Avenida Libertador Bernardo O'Higgins","jerarquia":3},"geometry":{"type":"LineString","coordinates":[[-72.10286,-36.58921],[-72.10303,-36.58971]]}},{"type":"Feature","properties":{"nombre":"Avenida Libertador Bernardo O'Higgins","jerarquia":3},"geometry":{"type":"LineString","coordinates":[[-72.10303,-36.58971],[-72.10363,-36.59133]]}},{"type":"Feature","properties":{"nombre":"Avenida Libertador Bernardo O'Higgins","jerarquia":3},"geometry":{"type":"LineString","coordinates":[[-72.10363,-36.59133],[-72.10418,-36.59285]]}},{"type":"Feature","properties":{"nombre":"Avenida Vicente Méndez","jerarquia":4},"geometry":{"type":"LineString","coordinates":[[-72.08879,-36.59916],[-72.08918,-36.59981]]}},{"type":"Feature","properties":{"nombre":"Avenida Vicente Méndez","jerarquia":4},"geometry":{"type":"LineString","coordinates":[[-72.0884,-36.5985],[-72.08879,-36.59916]]}},{"type":"Feature","properties":{"nombre":"Avenida Vicente Méndez","jerarquia":4},"geometry":{"type":"LineString","coordinates":[[-72.08959,-36.60047],[-72.08982,-36.60085]]}},{"type":"Feature","properties":{"nombre":"Avenida Vicente Méndez","jerarquia":4},"geometry":{"type":"LineString","coordinates":[[-72.08982,-36.60085],[-72.08991,-36.601]]}},{"type":"Feature","properties":{"nombre":"Avenida Inglaterra","jerarquia":5},"geometry":{"type":"LineString","coordinates":[[-72.08489,-36.61602],[-72.08519,-36.61602],[-72.08548,-36.61611]]}},{"type":"Feature","properties":{"nombre":"Avenida Inglaterra","jerarquia":5},"geometry":{"type":"LineString","coordinates":[[-72.08548,-36.61611],[-72.08528,-36.6161]]}},{"type":"Feature","properties":{"nombre":"Reloncaví","jerarquia":5},"geometry":{"type":"LineString","coordinates":[[-72.08503,-36.61645],[-72.08497,-36.61646]]}},{"type":"Feature","properties":{"nombre":"Avenida Los Puelches","jerarquia":4},"geometry":{"type":"LineString","coordinates":[[-72.08497,-36.61646],[-72.08491,-36.61627]]}},{"type":"Feature","properties":{"nombre":"Avenida Los Puelches","jerarquia":4},"geometry":{"type":"LineString","coordinates":[[-72.08491,-36.61627],[-72.08488,-36.61616]]}},{"type":"Feature","properties":{"nombre":"Avenida Los Puelches","jerarquia":4},"geometry":{"type":"LineString","coordinates":[[-72.08488,-36.61616],[-72.08482,-36.616]]}},{"type":"Feature","properties":{"nombre":"Avenida Inglaterra","jerarquia":5},"geometry":{"type":"LineString","coordinates":[[-72.08489,-36.61602],[-72.08482,-36.616]]}},{"type":"Feature","properties":{"nombre":"Avenida Los Puelches","jerarquia":4},"geometry":{"type":"LineString","coordinates":[[-72.08512,-36.61687],[-72.085,-36.61655]]}},{"type":"Feature","properties":{"nombre":"Avenida Los Puelches","jerarquia":4},"geometry":{"type":"LineString","coordinates":[[-72.085,-36.61655],[-72.08497,-36.61646]]}},{"type":"Feature","properties":{"nombre":"Avenida Los Puelches","jerarquia":4},"geometry":{"type":"LineString","coordinates":[[-72.08503,-36.61645],[-72.08512,-36.61687]]}},{"type":"Feature","properties":{"nombre":"Avenida Los Puelches","jerarquia":4},"geometry":{"type":"LineString","coordinates":[[-72.08482,-36.616],[-72.08477,-36.61591]]}},{"type":"Feature","properties":{"nombre":"Avenida Los Puelches","jerarquia":4},"geometry":{"type":"LineString","coordinates":[[-72.08477,-36.61591],[-72.08454,-36.61548]]}},{"type":"Feature","properties":{"nombre":"Avenida Los Puelches","jerarquia":4},"geometry":{"type":"LineString","coordinates":[[-72.08442,-36.61521],[-72.08454,-36.61548]]}},{"type":"Feature","properties":{"nombre":"Avenida Ñuble Rupanco","jerarquia":5},"geometry":{"type":"LineString","coordinates":[[-72.10269,-36.58844],[-72.10251,-36.58844]]}},{"type":"Feature","properties":{"nombre":"Avenida Libertador Bernardo O'Higgins","jerarquia":3},"geometry":{"type":"LineString","coordinates":[[-72.10232,-36.58603],[-72.10229,-36.58534]]}},{"type":"Feature","properties":{"nombre":"Avenida Libertador Bernardo O'Higgins","jerarquia":3},"geometry":{"type":"LineString","coordinates":[[-72.10229,-36.58534],[-72.10228,-36.58526]]}},{"type":"Feature","properties":{"nombre":"Avenida Libertador Bernardo O'Higgins","jerarquia":3},"geometry":{"type":"LineString","coordinates":[[-72.10228,-36.58526],[-72.10216,-36.58304],[-72.10206,-36.58224]]}},{"type":"Feature","properties":{"nombre":"Avenida Libertador Bernardo O'Higgins","jerarquia":3},"geometry":{"type":"LineString","coordinates":[[-72.10189,-36.58113],[-72.10207,-36.58165]]}},{"type":"Feature","properties":{"nombre":"Avenida Libertador Bernardo O'Higgins","jerarquia":3},"geometry":{"type":"LineString","coordinates":[[-72.10224,-36.58226],[-72.10232,-36.58281]]}},{"type":"Feature","properties":{"nombre":"","jerarquia":1},"geometry":{"type":"LineString","coordinates":[[-72.10243,-36.58197],[-72.10304,-36.5827]]}},{"type":"Feature","properties":{"nombre":"Avenida Ecuador","jerarquia":3},"geometry":{"type":"LineString","coordinates":[[-72.09175,-36.6021],[-72.09129,-36.60221]]}},{"type":"Feature","properties":{"nombre":"Avenida Ecuador","jerarquia":3},"geometry":{"type":"LineString","coordinates":[[-72.09129,-36.60221],[-72.09091,-36.60231]]}},{"type":"Feature","properties":{"nombre":"Avenida Ecuador","jerarquia":3},"geometry":{"type":"LineString","coordinates":[[-72.09091,-36.60231],[-72.09082,-36.60233]]}},{"type":"Feature","properties":{"nombre":"Avenida Reino de Chile","jerarquia":5},"geometry":{"type":"LineString","coordinates":[[-72.10856,-36.63101],[-72.1088,-36.63109]]}},{"type":"Feature","properties":{"nombre":"Avenida Reino de Chile","jerarquia":5},"geometry":{"type":"LineString","coordinates":[[-72.1088,-36.63109],[-72.10894,-36.63114]]}},{"type":"Feature","properties":{"nombre":"Avenida Reino de Chile","jerarquia":5},"geometry":{"type":"LineString","coordinates":[[-72.10894,-36.63114],[-72.10955,-36.63137],[-72.11031,-36.63154]]}},{"type":"Feature","properties":{"nombre":"Avenida Paul Harris","jerarquia":4},"geometry":{"type":"LineString","coordinates":[[-72.0845,-36.59158],[-72.08441,-36.59162]]}},{"type":"Feature","properties":{"nombre":"Avenida Paul Harris","jerarquia":4},"geometry":{"type":"LineString","coordinates":[[-72.08436,-36.59154],[-72.08446,-36.5915]]}},{"type":"Feature","properties":{"nombre":"Sotomayor","jerarquia":5},"geometry":{"type":"LineString","coordinates":[[-72.12592,-36.62316],[-72.12497,-36.6233]]}},{"type":"Feature","properties":{"nombre":"Sotomayor","jerarquia":5},"geometry":{"type":"LineString","coordinates":[[-72.12497,-36.6233],[-72.12488,-36.62332]]}},{"type":"Feature","properties":{"nombre":"Avenida Libertador Bernardo O'Higgins","jerarquia":3},"geometry":{"type":"LineString","coordinates":[[-72.10141,-36.58021],[-72.10105,-36.57911]]}},{"type":"Feature","properties":{"nombre":"Avenida Libertador Bernardo O'Higgins","jerarquia":3},"geometry":{"type":"LineString","coordinates":[[-72.10105,-36.57911],[-72.10031,-36.57686]]}},{"type":"Feature","properties":{"nombre":"","jerarquia":1},"geometry":{"type":"LineString","coordinates":[[-72.10411,-36.58398],[-72.1052,-36.58431]]}},{"type":"Feature","properties":{"nombre":"Avenida Libertador Bernardo O'Higgins","jerarquia":3},"geometry":{"type":"LineString","coordinates":[[-72.09859,-36.57167],[-72.09835,-36.57096]]}},{"type":"Feature","properties":{"nombre":"Avenida Libertador Bernardo O'Higgins","jerarquia":3},"geometry":{"type":"LineString","coordinates":[[-72.09835,-36.57096],[-72.09824,-36.57061]]}},{"type":"Feature","properties":{"nombre":"Avenida Libertador Bernardo O'Higgins","jerarquia":3},"geometry":{"type":"LineString","coordinates":[[-72.09824,-36.57061],[-72.09771,-36.569]]}},{"type":"Feature","properties":{"nombre":"Avenida Libertador Bernardo O'Higgins","jerarquia":3},"geometry":{"type":"LineString","coordinates":[[-72.09771,-36.569],[-72.09767,-36.56888]]}},{"type":"Feature","properties":{"nombre":"","jerarquia":1},"geometry":{"type":"LineString","coordinates":[[-72.09513,-36.55845],[-72.09513,-36.55857]]}},{"type":"Feature","properties":{"nombre":"Los Alerces","jerarquia":5},"geometry":{"type":"LineString","coordinates":[[-72.10224,-36.62759],[-72.10111,-36.62775]]}},{"type":"Feature","properties":{"nombre":"Los Alerces","jerarquia":5},"geometry":{"type":"LineString","coordinates":[[-72.10111,-36.62775],[-72.10089,-36.62778]]}},{"type":"Feature","properties":{"nombre":"Los Alerces","jerarquia":5},"geometry":{"type":"LineString","coordinates":[[-72.10089,-36.62778],[-72.10033,-36.62785]]}},{"type":"Feature","properties":{"nombre":"Los Alerces","jerarquia":5},"geometry":{"type":"LineString","coordinates":[[-72.10033,-36.62785],[-72.10024,-36.62787]]}},{"type":"Feature","properties":{"nombre":"Los Copihues","jerarquia":5},"geometry":{"type":"LineString","coordinates":[[-72.1104,-36.62616],[-72.10985,-36.62616]]}},{"type":"Feature","properties":{"nombre":"Los Copihues","jerarquia":5},"geometry":{"type":"LineString","coordinates":[[-72.10985,-36.62616],[-72.1093,-36.62616]]}},{"type":"Feature","properties":{"nombre":"Los Copihues","jerarquia":5},"geometry":{"type":"LineString","coordinates":[[-72.1093,-36.62616],[-72.109,-36.62624]]}},{"type":"Feature","properties":{"nombre":"Los Alerces","jerarquia":5},"geometry":{"type":"LineString","coordinates":[[-72.109,-36.62624],[-72.10876,-36.62632]]}},{"type":"Feature","properties":{"nombre":"Los Alerces","jerarquia":5},"geometry":{"type":"LineString","coordinates":[[-72.10876,-36.62632],[-72.10823,-36.62648]]}},{"type":"Feature","properties":{"nombre":"Los Alerces","jerarquia":5},"geometry":{"type":"LineString","coordinates":[[-72.10823,-36.62648],[-72.10771,-36.62665]]}},{"type":"Feature","properties":{"nombre":"Los Copihues","jerarquia":5},"geometry":{"type":"LineString","coordinates":[[-72.11779,-36.62546],[-72.11727,-36.62567]]}},{"type":"Feature","properties":{"nombre":"Los Copihues","jerarquia":5},"geometry":{"type":"LineString","coordinates":[[-72.11727,-36.62567],[-72.11662,-36.62593]]}},{"type":"Feature","properties":{"nombre":"Los Copihues","jerarquia":5},"geometry":{"type":"LineString","coordinates":[[-72.11662,-36.62593],[-72.11638,-36.62603]]}},{"type":"Feature","properties":{"nombre":"Los Copihues","jerarquia":5},"geometry":{"type":"LineString","coordinates":[[-72.11638,-36.62603],[-72.11626,-36.62608]]}},{"type":"Feature","properties":{"nombre":"Gacitúa","jerarquia":5},"geometry":{"type":"LineString","coordinates":[[-72.12262,-36.62376],[-72.12212,-36.6242]]}},{"type":"Feature","properties":{"nombre":"Gacitúa","jerarquia":5},"geometry":{"type":"LineString","coordinates":[[-72.12212,-36.6242],[-72.12204,-36.62428]]}},{"type":"Feature","properties":{"nombre":"Gacitúa","jerarquia":5},"geometry":{"type":"LineString","coordinates":[[-72.12204,-36.62428],[-72.12149,-36.62476]]}},{"type":"Feature","properties":{"nombre":"Gacitúa","jerarquia":5},"geometry":{"type":"LineString","coordinates":[[-72.12149,-36.62476],[-72.12113,-36.62509]]}},{"type":"Feature","properties":{"nombre":"Huambalí","jerarquia":5},"geometry":{"type":"LineString","coordinates":[[-72.10665,-36.62737],[-72.10658,-36.62707]]}},{"type":"Feature","properties":{"nombre":"Huambalí","jerarquia":5},"geometry":{"type":"LineString","coordinates":[[-72.10658,-36.62707],[-72.10654,-36.62699]]}},{"type":"Feature","properties":{"nombre":"Los Alerces","jerarquia":5},"geometry":{"type":"LineString","coordinates":[[-72.10771,-36.62665],[-72.10721,-36.62681]]}},{"type":"Feature","properties":{"nombre":"Antonio Varas","jerarquia":5},"geometry":{"type":"LineString","coordinates":[[-72.1288,-36.62649],[-72.1273,-36.62671]]}},{"type":"Feature","properties":{"nombre":"Antonio Varas","jerarquia":5},"geometry":{"type":"LineString","coordinates":[[-72.1273,-36.62671],[-72.12578,-36.62692]]}},{"type":"Feature","properties":{"nombre":"Antonio Varas","jerarquia":5},"geometry":{"type":"LineString","coordinates":[[-72.12578,-36.62692],[-72.12429,-36.62712]]}},{"type":"Feature","properties":{"nombre":"Juan Martínez de Rozas","jerarquia":5},"geometry":{"type":"LineString","coordinates":[[-72.14033,-36.62372],[-72.13992,-36.62362]]}},{"type":"Feature","properties":{"nombre":"Tomás Yávar","jerarquia":5},"geometry":{"type":"LineString","coordinates":[[-72.12549,-36.62571],[-72.12691,-36.62551]]}},{"type":"Feature","properties":{"nombre":"Tomás Yávar","jerarquia":5},"geometry":{"type":"LineString","coordinates":[[-72.12691,-36.62551],[-72.12698,-36.62549]]}},{"type":"Feature","properties":{"nombre":"Ruta N-338","jerarquia":5},"geometry":{"type":"LineString","coordinates":[[-72.08915,-36.48738],[-72.08861,-36.48342]]}},{"type":"Feature","properties":{"nombre":"Ruta N-338","jerarquia":5},"geometry":{"type":"LineString","coordinates":[[-72.08861,-36.48342],[-72.08751,-36.4742]]}},{"type":"Feature","properties":{"nombre":"Ruta N-338","jerarquia":5},"geometry":{"type":"LineString","coordinates":[[-72.08751,-36.4742],[-72.08734,-36.47282]]}},{"type":"Feature","properties":{"nombre":"Ruta N-338","jerarquia":5},"geometry":{"type":"LineString","coordinates":[[-72.08734,-36.47282],[-72.08733,-36.47271]]}},{"type":"Feature","properties":{"nombre":"Ruta N-338","jerarquia":5},"geometry":{"type":"LineString","coordinates":[[-72.08733,-36.47271],[-72.08712,-36.47101]]}},{"type":"Feature","properties":{"nombre":"Ruta N-338","jerarquia":5},"geometry":{"type":"LineString","coordinates":[[-72.08712,-36.47101],[-72.08704,-36.47034]]}},{"type":"Feature","properties":{"nombre":"Ruta N-338","jerarquia":5},"geometry":{"type":"LineString","coordinates":[[-72.08704,-36.47034],[-72.08695,-36.46964]]}},{"type":"Feature","properties":{"nombre":"Ruta 5 Sur","jerarquia":1},"geometry":{"type":"LineString","coordinates":[[-72.09489,-36.55514],[-72.09554,-36.5564]]}},{"type":"Feature","properties":{"nombre":"Ruta 5 Sur","jerarquia":1},"geometry":{"type":"LineString","coordinates":[[-72.08784,-36.54177],[-72.0865,-36.54064]]}},{"type":"Feature","properties":{"nombre":"Ruta 5 Sur","jerarquia":1},"geometry":{"type":"LineString","coordinates":[[-72.08493,-36.53931],[-72.08421,-36.53871]]}},{"type":"Feature","properties":{"nombre":"Ruta 5 Sur","jerarquia":1},"geometry":{"type":"LineString","coordinates":[[-72.08038,-36.53528],[-72.08163,-36.53634]]}},{"type":"Feature","properties":{"nombre":"Ruta 5 Sur","jerarquia":1},"geometry":{"type":"LineString","coordinates":[[-72.07555,-36.53139],[-72.07481,-36.53076]]}},{"type":"Feature","properties":{"nombre":"","jerarquia":1},"geometry":{"type":"LineString","coordinates":[[-72.07627,-36.53214],[-72.0759,-36.5318],[-72.07555,-36.53139]]}},{"type":"Feature","properties":{"nombre":"Ruta 5 Sur","jerarquia":1},"geometry":{"type":"LineString","coordinates":[[-72.07862,-36.53398],[-72.07817,-36.5336]]}},{"type":"Feature","properties":{"nombre":"Ruta 5 Sur","jerarquia":1},"geometry":{"type":"LineString","coordinates":[[-72.0865,-36.54064],[-72.08565,-36.53992]]}},{"type":"Feature","properties":{"nombre":"","jerarquia":1},"geometry":{"type":"LineString","coordinates":[[-72.03339,-36.49963],[-72.03314,-36.4995],[-72.03275,-36.49943]]}},{"type":"Feature","properties":{"nombre":"","jerarquia":1},"geometry":{"type":"LineString","coordinates":[[-72.0319,-36.49828],[-72.032,-36.49812],[-72.03197,-36.49794]]}},{"type":"Feature","properties":{"nombre":"Ruta N-366","jerarquia":5},"geometry":{"type":"LineString","coordinates":[[-72.06368,-36.49896],[-72.06887,-36.49979]]}},{"type":"Feature","properties":{"nombre":"Ruta N-366","jerarquia":5},"geometry":{"type":"LineString","coordinates":[[-72.06887,-36.49979],[-72.07092,-36.50015]]}},{"type":"Feature","properties":{"nombre":"","jerarquia":1},"geometry":{"type":"LineString","coordinates":[[-72.20713,-36.63874],[-72.20727,-36.63893]]}},{"type":"Feature","properties":{"nombre":"Ruta 5 Sur","jerarquia":1},"geometry":{"type":"LineString","coordinates":[[-72.20506,-36.63808],[-72.20575,-36.63829]]}},{"type":"Feature","properties":{"nombre":"Ruta 5 Sur","jerarquia":1},"geometry":{"type":"LineString","coordinates":[[-72.20365,-36.63762],[-72.20506,-36.63808]]}},{"type":"Feature","properties":{"nombre":"Ruta 5 Sur","jerarquia":1},"geometry":{"type":"LineString","coordinates":[[-72.19958,-36.63632],[-72.20365,-36.63762]]}},{"type":"Feature","properties":{"nombre":"","jerarquia":1},"geometry":{"type":"LineString","coordinates":[[-72.18837,-36.63292],[-72.1876,-36.63261]]}},{"type":"Feature","properties":{"nombre":"Ruta 5 Sur","jerarquia":1},"geometry":{"type":"LineString","coordinates":[[-72.20201,-36.63722],[-72.20142,-36.63704]]}},{"type":"Feature","properties":{"nombre":"Ruta 5 Sur","jerarquia":1},"geometry":{"type":"LineString","coordinates":[[-72.2041,-36.6379],[-72.20264,-36.63743]]}},{"type":"Feature","properties":{"nombre":"Ruta 5 Sur","jerarquia":1},"geometry":{"type":"LineString","coordinates":[[-72.20264,-36.63743],[-72.20201,-36.63722]]}},{"type":"Feature","properties":{"nombre":"Ruta 5 Sur","jerarquia":1},"geometry":{"type":"LineString","coordinates":[[-72.20634,-36.63863],[-72.20481,-36.63812]]}},{"type":"Feature","properties":{"nombre":"Ruta 5 Sur","jerarquia":1},"geometry":{"type":"LineString","coordinates":[[-72.2009,-36.63687],[-72.19958,-36.63645]]}},{"type":"Feature","properties":{"nombre":"Ruta 5 Sur","jerarquia":1},"geometry":{"type":"LineString","coordinates":[[-72.12445,-36.59027],[-72.12526,-36.59089]]}},{"type":"Feature","properties":{"nombre":"Ruta 5 Sur","jerarquia":1},"geometry":{"type":"LineString","coordinates":[[-72.11473,-36.58617],[-72.11501,-36.58623]]}},{"type":"Feature","properties":{"nombre":"Ruta N-620","jerarquia":4},"geometry":{"type":"LineString","coordinates":[[-72.16126,-36.60961],[-72.1622,-36.60914]]}},{"type":"Feature","properties":{"nombre":"Ruta N-62","jerarquia":4},"geometry":{"type":"LineString","coordinates":[[-72.16047,-36.6098],[-72.16095,-36.60988]]}},{"type":"Feature","properties":{"nombre":"Ruta N-62","jerarquia":4},"geometry":{"type":"LineString","coordinates":[[-72.16026,-36.60977],[-72.16047,-36.6098]]}},{"type":"Feature","properties":{"nombre":"Ruta N-62","jerarquia":4},"geometry":{"type":"LineString","coordinates":[[-72.16095,-36.60988],[-72.16134,-36.60994]]}},{"type":"Feature","properties":{"nombre":"Ruta N-62","jerarquia":4},"geometry":{"type":"LineString","coordinates":[[-72.16134,-36.60994],[-72.16205,-36.61005]]}},{"type":"Feature","properties":{"nombre":"Ruta N-62","jerarquia":4},"geometry":{"type":"LineString","coordinates":[[-72.15132,-36.60837],[-72.16012,-36.60975]]}},{"type":"Feature","properties":{"nombre":"Ruta N-62","jerarquia":4},"geometry":{"type":"LineString","coordinates":[[-72.16012,-36.60975],[-72.16026,-36.60977]]}},{"type":"Feature","properties":{"nombre":"Ruta 5 Sur","jerarquia":1},"geometry":{"type":"LineString","coordinates":[[-72.19881,-36.6362],[-72.19602,-36.63531]]}},{"type":"Feature","properties":{"nombre":"Ruta 5 Sur","jerarquia":1},"geometry":{"type":"LineString","coordinates":[[-72.19602,-36.63531],[-72.19342,-36.63447]]}},{"type":"Feature","properties":{"nombre":"Ruta 5 Sur","jerarquia":1},"geometry":{"type":"LineString","coordinates":[[-72.20142,-36.63704],[-72.2009,-36.63687]]}},{"type":"Feature","properties":{"nombre":"Ruta 5 Sur","jerarquia":1},"geometry":{"type":"LineString","coordinates":[[-72.19958,-36.63645],[-72.19881,-36.6362]]}},{"type":"Feature","properties":{"nombre":"Ruta 5 Sur","jerarquia":1},"geometry":{"type":"LineString","coordinates":[[-72.25129,-36.68141],[-72.25017,-36.67767],[-72.24986,-36.67704],[-72.24947,-36.67648]]}},{"type":"Feature","properties":{"nombre":"Ruta 5 Sur","jerarquia":1},"geometry":{"type":"LineString","coordinates":[[-72.24472,-36.66965],[-72.24491,-36.67001]]}},{"type":"Feature","properties":{"nombre":"Ruta 5 Sur","jerarquia":1},"geometry":{"type":"LineString","coordinates":[[-72.24418,-36.66858],[-72.24472,-36.66965]]}},{"type":"Feature","properties":{"nombre":"Ruta 5 Sur","jerarquia":1},"geometry":{"type":"LineString","coordinates":[[-72.24402,-36.66829],[-72.24418,-36.66858]]}},{"type":"Feature","properties":{"nombre":"Ruta 5 Sur","jerarquia":1},"geometry":{"type":"LineString","coordinates":[[-72.24259,-36.66565],[-72.24402,-36.66829]]}},{"type":"Feature","properties":{"nombre":"Ruta N-339","jerarquia":5},"geometry":{"type":"LineString","coordinates":[[-71.96292,-36.47453],[-71.9629,-36.4779]]}},{"type":"Feature","properties":{"nombre":"Ruta N-339","jerarquia":5},"geometry":{"type":"LineString","coordinates":[[-71.96292,-36.47444],[-71.96292,-36.47453]]}},{"type":"Feature","properties":{"nombre":"","jerarquia":1},"geometry":{"type":"LineString","coordinates":[[-72.22976,-36.65594],[-72.23084,-36.65531]]}},{"type":"Feature","properties":{"nombre":"Avenida Vicente Méndez","jerarquia":4},"geometry":{"type":"LineString","coordinates":[[-72.0751,-36.58959],[-72.06975,-36.5904]]}},{"type":"Feature","properties":{"nombre":"Avenida Vicente Méndez","jerarquia":4},"geometry":{"type":"LineString","coordinates":[[-72.08183,-36.58915],[-72.08121,-36.58897],[-72.08039,-36.58886],[-72.07961,-36.58888],[-72.07865,-36.58902]]}},{"type":"Feature","properties":{"nombre":"Avenida Vicente Méndez","jerarquia":4},"geometry":{"type":"LineString","coordinates":[[-72.07865,-36.58902],[-72.07856,-36.58903]]}},{"type":"Feature","properties":{"nombre":"Marta Brunet","jerarquia":5},"geometry":{"type":"LineString","coordinates":[[-72.05423,-36.51887],[-72.054,-36.51872]]}},{"type":"Feature","properties":{"nombre":"Cruce Ruta 5 (Iansa) - Pichoco - Cruce N-349 (Carrizal)","jerarquia":5},"geometry":{"type":"LineString","coordinates":[[-72.05669,-36.5189],[-72.05654,-36.51883]]}},{"type":"Feature","properties":{"nombre":"Cruce Ruta 5 (Iansa) - Pichoco - Cruce N-349 (Carrizal)","jerarquia":5},"geometry":{"type":"LineString","coordinates":[[-72.05654,-36.51883],[-72.05628,-36.51877]]}},{"type":"Feature","properties":{"nombre":"","jerarquia":4},"geometry":{"type":"LineString","coordinates":[[-72.20438,-36.51214],[-72.20454,-36.51235]]}},{"type":"Feature","properties":{"nombre":"","jerarquia":4},"geometry":{"type":"LineString","coordinates":[[-72.20454,-36.51235],[-72.20504,-36.51314]]}},{"type":"Feature","properties":{"nombre":"","jerarquia":4},"geometry":{"type":"LineString","coordinates":[[-72.19929,-36.50819],[-72.19937,-36.50825]]}},{"type":"Feature","properties":{"nombre":"","jerarquia":4},"geometry":{"type":"LineString","coordinates":[[-72.19937,-36.50825],[-72.20341,-36.51123]]}},{"type":"Feature","properties":{"nombre":"","jerarquia":5},"geometry":{"type":"LineString","coordinates":[[-72.20429,-36.51147],[-72.20376,-36.51041]]}},{"type":"Feature","properties":{"nombre":"","jerarquia":4},"geometry":{"type":"LineString","coordinates":[[-72.20402,-36.51175],[-72.20438,-36.51214]]}},{"type":"Feature","properties":{"nombre":"","jerarquia":4},"geometry":{"type":"LineString","coordinates":[[-72.20341,-36.51123],[-72.20402,-36.51175]]}},{"type":"Feature","properties":{"nombre":"","jerarquia":4},"geometry":{"type":"LineString","coordinates":[[-72.06938,-36.59044],[-72.06923,-36.59047],[-72.06923,-36.59054]]}},{"type":"Feature","properties":{"nombre":"Camino Colonia Bernardo O'Higgins","jerarquia":5},"geometry":{"type":"LineString","coordinates":[[-72.07835,-36.58881],[-72.07851,-36.5889]]}},{"type":"Feature","properties":{"nombre":"Camino Colonia Bernardo O'Higgins","jerarquia":5},"geometry":{"type":"LineString","coordinates":[[-72.07851,-36.5889],[-72.07857,-36.58897]]}},{"type":"Feature","properties":{"nombre":"Avenida Cerro Aracar","jerarquia":5},"geometry":{"type":"LineString","coordinates":[[-72.07404,-36.62149],[-72.07414,-36.62186]]}},{"type":"Feature","properties":{"nombre":"Avenida Cerro Aracar","jerarquia":5},"geometry":{"type":"LineString","coordinates":[[-72.07414,-36.62186],[-72.07422,-36.62209],[-72.07475,-36.62264]]}},{"type":"Feature","properties":{"nombre":"El Otoñal","jerarquia":5},"geometry":{"type":"LineString","coordinates":[[-72.07857,-36.58897],[-72.07856,-36.58903]]}},{"type":"Feature","properties":{"nombre":"El Otoñal","jerarquia":5},"geometry":{"type":"LineString","coordinates":[[-72.07856,-36.58903],[-72.07849,-36.58898]]}},{"type":"Feature","properties":{"nombre":"Camino Colonia Bernardo O'Higgins","jerarquia":5},"geometry":{"type":"LineString","coordinates":[[-72.07849,-36.58898],[-72.07835,-36.58881]]}},{"type":"Feature","properties":{"nombre":"Mariano Egaña","jerarquia":5},"geometry":{"type":"LineString","coordinates":[[-72.12998,-36.62508],[-72.12966,-36.62387]]}},{"type":"Feature","properties":{"nombre":"","jerarquia":1},"geometry":{"type":"LineString","coordinates":[[-72.15994,-36.62579],[-72.15944,-36.62565]]}},{"type":"Feature","properties":{"nombre":"","jerarquia":1},"geometry":{"type":"LineString","coordinates":[[-72.15997,-36.62567],[-72.1602,-36.62573]]}},{"type":"Feature","properties":{"nombre":"","jerarquia":5},"geometry":{"type":"LineString","coordinates":[[-72.04493,-36.51072],[-72.04382,-36.50972]]}},{"type":"Feature","properties":{"nombre":"","jerarquia":5},"geometry":{"type":"LineString","coordinates":[[-72.04382,-36.50972],[-72.042,-36.50852],[-72.03948,-36.50726],[-72.03817,-36.50666]]}},{"type":"Feature","properties":{"nombre":"Ruta N-50","jerarquia":1},"geometry":{"type":"LineString","coordinates":[[-72.07036,-36.52695],[-72.07006,-36.5273]]}},{"type":"Feature","properties":{"nombre":"","jerarquia":1},"geometry":{"type":"LineString","coordinates":[[-72.05532,-36.5178],[-72.05512,-36.51794]]}},{"type":"Feature","properties":{"nombre":"","jerarquia":3},"geometry":{"type":"LineString","coordinates":[[-72.19399,-36.51155],[-72.19369,-36.51155]]}},{"type":"Feature","properties":{"nombre":"","jerarquia":3},"geometry":{"type":"LineString","coordinates":[[-72.19406,-36.51138],[-72.19399,-36.51155]]}},{"type":"Feature","properties":{"nombre":"Huambalí","jerarquia":5},"geometry":{"type":"LineString","coordinates":[[-72.10472,-36.62281],[-72.10479,-36.62315]]}},{"type":"Feature","properties":{"nombre":"Huambalí","jerarquia":5},"geometry":{"type":"LineString","coordinates":[[-72.10479,-36.62315],[-72.10542,-36.62442]]}},{"type":"Feature","properties":{"nombre":"Huambalí","jerarquia":5},"geometry":{"type":"LineString","coordinates":[[-72.10542,-36.62442],[-72.10582,-36.62527]]}},{"type":"Feature","properties":{"nombre":"Huambalí","jerarquia":5},"geometry":{"type":"LineString","coordinates":[[-72.10582,-36.62527],[-72.10664,-36.62698]]}},{"type":"Feature","properties":{"nombre":"Huambalí","jerarquia":5},"geometry":{"type":"LineString","coordinates":[[-72.10664,-36.62698],[-72.10677,-36.6276]]}},{"type":"Feature","properties":{"nombre":"Huambalí","jerarquia":5},"geometry":{"type":"LineString","coordinates":[[-72.10677,-36.6276],[-72.10683,-36.62788]]}},{"type":"Feature","properties":{"nombre":"Huambalí","jerarquia":5},"geometry":{"type":"LineString","coordinates":[[-72.10683,-36.62788],[-72.10687,-36.62816]]}},{"type":"Feature","properties":{"nombre":"Huambalí","jerarquia":5},"geometry":{"type":"LineString","coordinates":[[-72.10687,-36.62816],[-72.10692,-36.62846]]}},{"type":"Feature","properties":{"nombre":"Avenida Alonso de Ercilla","jerarquia":4},"geometry":{"type":"LineString","coordinates":[[-72.10472,-36.62281],[-72.10457,-36.62276]]}},{"type":"Feature","properties":{"nombre":"Huambalí","jerarquia":5},"geometry":{"type":"LineString","coordinates":[[-72.10692,-36.62846],[-72.10712,-36.62938]]}},{"type":"Feature","properties":{"nombre":"Huambalí","jerarquia":5},"geometry":{"type":"LineString","coordinates":[[-72.10712,-36.62938],[-72.10731,-36.63024]]}},{"type":"Feature","properties":{"nombre":"Huambalí","jerarquia":5},"geometry":{"type":"LineString","coordinates":[[-72.10731,-36.63024],[-72.10739,-36.63059]]}},{"type":"Feature","properties":{"nombre":"Huambalí","jerarquia":5},"geometry":{"type":"LineString","coordinates":[[-72.10739,-36.63059],[-72.10742,-36.63075]]}},{"type":"Feature","properties":{"nombre":"Ruta N-49","jerarquia":4},"geometry":{"type":"LineString","coordinates":[[-72.052,-36.58858],[-72.05202,-36.58858]]}},{"type":"Feature","properties":{"nombre":"Ruta N-49","jerarquia":4},"geometry":{"type":"LineString","coordinates":[[-72.05202,-36.58858],[-72.05637,-36.58867]]}},{"type":"Feature","properties":{"nombre":"Ruta N-49","jerarquia":4},"geometry":{"type":"LineString","coordinates":[[-72.05189,-36.58857],[-72.052,-36.58858]]}},{"type":"Feature","properties":{"nombre":"Huambalí","jerarquia":4},"geometry":{"type":"LineString","coordinates":[[-72.10417,-36.61683],[-72.10456,-36.6175]]}},{"type":"Feature","properties":{"nombre":"Huambalí","jerarquia":4},"geometry":{"type":"LineString","coordinates":[[-72.10456,-36.6175],[-72.10517,-36.61843],[-72.10534,-36.6191]]}},{"type":"Feature","properties":{"nombre":"","jerarquia":5},"geometry":{"type":"LineString","coordinates":[[-72.10507,-36.62291],[-72.10485,-36.62297],[-72.10479,-36.62315]]}},{"type":"Feature","properties":{"nombre":"Avenida Alonso de Ercilla","jerarquia":4},"geometry":{"type":"LineString","coordinates":[[-72.09014,-36.62501],[-72.08998,-36.62504]]}},{"type":"Feature","properties":{"nombre":"Avenida Alonso de Ercilla","jerarquia":4},"geometry":{"type":"LineString","coordinates":[[-72.08998,-36.62504],[-72.08945,-36.62507]]}},{"type":"Feature","properties":{"nombre":"Avenida Alonso de Ercilla","jerarquia":4},"geometry":{"type":"LineString","coordinates":[[-72.08945,-36.62507],[-72.08909,-36.62509]]}},{"type":"Feature","properties":{"nombre":"Avenida Alonso de Ercilla","jerarquia":4},"geometry":{"type":"LineString","coordinates":[[-72.08909,-36.62509],[-72.08875,-36.6251]]}},{"type":"Feature","properties":{"nombre":"Avenida Alonso de Ercilla","jerarquia":4},"geometry":{"type":"LineString","coordinates":[[-72.08875,-36.6251],[-72.08856,-36.62511]]}},{"type":"Feature","properties":{"nombre":"Avenida Alonso de Ercilla","jerarquia":4},"geometry":{"type":"LineString","coordinates":[[-72.08856,-36.62511],[-72.08834,-36.62512]]}},{"type":"Feature","properties":{"nombre":"Avenida Alonso de Ercilla","jerarquia":4},"geometry":{"type":"LineString","coordinates":[[-72.08834,-36.62512],[-72.08797,-36.62514]]}},{"type":"Feature","properties":{"nombre":"Avenida Alonso de Ercilla","jerarquia":4},"geometry":{"type":"LineString","coordinates":[[-72.08797,-36.62514],[-72.08751,-36.62516]]}},{"type":"Feature","properties":{"nombre":"Avenida Alonso de Ercilla","jerarquia":4},"geometry":{"type":"LineString","coordinates":[[-72.08751,-36.62516],[-72.08742,-36.62517]]}},{"type":"Feature","properties":{"nombre":"Avenida Alonso de Ercilla","jerarquia":4},"geometry":{"type":"LineString","coordinates":[[-72.08742,-36.62517],[-72.08707,-36.62519]]}},{"type":"Feature","properties":{"nombre":"Avenida Alonso de Ercilla","jerarquia":4},"geometry":{"type":"LineString","coordinates":[[-72.08707,-36.62519],[-72.0865,-36.62522]]}},{"type":"Feature","properties":{"nombre":"Avenida Alonso de Ercilla","jerarquia":4},"geometry":{"type":"LineString","coordinates":[[-72.0865,-36.62522],[-72.08605,-36.62523]]}},{"type":"Feature","properties":{"nombre":"Avenida Alonso de Ercilla","jerarquia":4},"geometry":{"type":"LineString","coordinates":[[-72.08605,-36.62523],[-72.08588,-36.62521]]}},{"type":"Feature","properties":{"nombre":"","jerarquia":4},"geometry":{"type":"LineString","coordinates":[[-72.0872,-36.62562],[-72.08715,-36.62527],[-72.08707,-36.62519]]}},{"type":"Feature","properties":{"nombre":"Diagonal Las Termas","jerarquia":4},"geometry":{"type":"LineString","coordinates":[[-72.08895,-36.62374],[-72.08926,-36.62351]]}},{"type":"Feature","properties":{"nombre":"Avenida Circunvalación","jerarquia":5},"geometry":{"type":"LineString","coordinates":[[-72.07003,-36.62371],[-72.06952,-36.62259]]}},{"type":"Feature","properties":{"nombre":"Ruta N-620","jerarquia":4},"geometry":{"type":"LineString","coordinates":[[-72.1622,-36.60914],[-72.1657,-36.60728]]}},{"type":"Feature","properties":{"nombre":"Ruta N-620","jerarquia":4},"geometry":{"type":"LineString","coordinates":[[-72.1657,-36.60728],[-72.17047,-36.60477]]}},{"type":"Feature","properties":{"nombre":"Ruta N-620","jerarquia":4},"geometry":{"type":"LineString","coordinates":[[-72.17047,-36.60477],[-72.17379,-36.60301]]}},{"type":"Feature","properties":{"nombre":"Ruta N-620","jerarquia":4},"geometry":{"type":"LineString","coordinates":[[-72.17379,-36.60301],[-72.17388,-36.60296]]}},{"type":"Feature","properties":{"nombre":"Ruta N-515","jerarquia":5},"geometry":{"type":"LineString","coordinates":[[-72.05805,-36.61155],[-72.05389,-36.61279]]}},{"type":"Feature","properties":{"nombre":"Ruta N-515","jerarquia":5},"geometry":{"type":"LineString","coordinates":[[-72.05836,-36.61146],[-72.05805,-36.61155]]}},{"type":"Feature","properties":{"nombre":"Ruta N-50","jerarquia":3},"geometry":{"type":"LineString","coordinates":[[-72.20845,-36.50325],[-72.20889,-36.50313]]}},{"type":"Feature","properties":{"nombre":"Ruta N-50","jerarquia":3},"geometry":{"type":"LineString","coordinates":[[-72.20836,-36.50327],[-72.20845,-36.50325]]}},{"type":"Feature","properties":{"nombre":"Barros Arana","jerarquia":5},"geometry":{"type":"LineString","coordinates":[[-72.09965,-36.62667],[-72.09963,-36.62661]]}},{"type":"Feature","properties":{"nombre":"Barros Arana","jerarquia":5},"geometry":{"type":"LineString","coordinates":[[-72.09963,-36.62661],[-72.09959,-36.62654]]}},{"type":"Feature","properties":{"nombre":"Ruta N-620","jerarquia":4},"geometry":{"type":"LineString","coordinates":[[-72.21569,-36.57437],[-72.21612,-36.57427],[-72.21647,-36.57431],[-72.2167,-36.57442],[-72.21759,-36.57504],[-72.2188,-36.57558],[-72.21921,-36.57571],[-72.22105,-36.57592],[-72.22249,-36.57601]]}},{"type":"Feature","properties":{"nombre":"Ruta N-620","jerarquia":5},"geometry":{"type":"LineString","coordinates":[[-72.31275,-36.53895],[-72.31458,-36.53765]]}},{"type":"Feature","properties":{"nombre":"Ruta N-620","jerarquia":5},"geometry":{"type":"LineString","coordinates":[[-72.31233,-36.53922],[-72.31264,-36.53903]]}},{"type":"Feature","properties":{"nombre":"Ruta N-620","jerarquia":5},"geometry":{"type":"LineString","coordinates":[[-72.31264,-36.53903],[-72.31275,-36.53895]]}},{"type":"Feature","properties":{"nombre":"Diagonal Las Termas","jerarquia":4},"geometry":{"type":"LineString","coordinates":[[-72.09208,-36.62104],[-72.09123,-36.62171]]}},{"type":"Feature","properties":{"nombre":"Diagonal Las Termas","jerarquia":4},"geometry":{"type":"LineString","coordinates":[[-72.09123,-36.62171],[-72.09085,-36.62205]]}},{"type":"Feature","properties":{"nombre":"Diagonal Las Termas","jerarquia":4},"geometry":{"type":"LineString","coordinates":[[-72.09085,-36.62205],[-72.09033,-36.62251]]}},{"type":"Feature","properties":{"nombre":"Diagonal Las Termas","jerarquia":4},"geometry":{"type":"LineString","coordinates":[[-72.09033,-36.62251],[-72.08991,-36.62289]]}},{"type":"Feature","properties":{"nombre":"Diagonal Las Termas","jerarquia":4},"geometry":{"type":"LineString","coordinates":[[-72.08991,-36.62289],[-72.08929,-36.62348]]}},{"type":"Feature","properties":{"nombre":"Diagonal Las Termas","jerarquia":4},"geometry":{"type":"LineString","coordinates":[[-72.08929,-36.62348],[-72.08926,-36.62351]]}},{"type":"Feature","properties":{"nombre":"Avenida Inglaterra","jerarquia":5},"geometry":{"type":"LineString","coordinates":[[-72.08692,-36.61638],[-72.08706,-36.6164]]}},{"type":"Feature","properties":{"nombre":"Camino a San Bernardo","jerarquia":5},"geometry":{"type":"LineString","coordinates":[[-72.07002,-36.60801],[-72.06873,-36.60838]]}},{"type":"Feature","properties":{"nombre":"Florindo Lagos","jerarquia":5},"geometry":{"type":"LineString","coordinates":[[-72.11225,-36.61809],[-72.11238,-36.61804]]}},{"type":"Feature","properties":{"nombre":"Florindo Lagos","jerarquia":5},"geometry":{"type":"LineString","coordinates":[[-72.11238,-36.61804],[-72.11258,-36.61791]]}},{"type":"Feature","properties":{"nombre":"Avenida Libertador Bernardo O'Higgins","jerarquia":3},"geometry":{"type":"LineString","coordinates":[[-72.09972,-36.57508],[-72.09959,-36.57469]]}},{"type":"Feature","properties":{"nombre":"Avenida Libertador Bernardo O'Higgins","jerarquia":3},"geometry":{"type":"LineString","coordinates":[[-72.09959,-36.57469],[-72.09885,-36.57245]]}},{"type":"Feature","properties":{"nombre":"Avenida Libertador Bernardo O'Higgins","jerarquia":3},"geometry":{"type":"LineString","coordinates":[[-72.09885,-36.57245],[-72.09859,-36.57167]]}},{"type":"Feature","properties":{"nombre":"Avenida Baquedano","jerarquia":3},"geometry":{"type":"LineString","coordinates":[[-72.12429,-36.62712],[-72.12459,-36.62836]]}},{"type":"Feature","properties":{"nombre":"Avenida Baquedano","jerarquia":3},"geometry":{"type":"LineString","coordinates":[[-72.12459,-36.62836],[-72.12489,-36.62956]]}},{"type":"Feature","properties":{"nombre":"Avenida Baquedano","jerarquia":3},"geometry":{"type":"LineString","coordinates":[[-72.12304,-36.62234],[-72.12336,-36.62353]]}},{"type":"Feature","properties":{"nombre":"Avenida Baquedano","jerarquia":3},"geometry":{"type":"LineString","coordinates":[[-72.12336,-36.62353],[-72.12367,-36.62474]]}},{"type":"Feature","properties":{"nombre":"Avenida Baquedano","jerarquia":3},"geometry":{"type":"LineString","coordinates":[[-72.12367,-36.62474],[-72.12398,-36.62593]]}},{"type":"Feature","properties":{"nombre":"Avenida Baquedano","jerarquia":3},"geometry":{"type":"LineString","coordinates":[[-72.12398,-36.62593],[-72.12429,-36.62712]]}},{"type":"Feature","properties":{"nombre":"Avenida Baquedano","jerarquia":3},"geometry":{"type":"LineString","coordinates":[[-72.12274,-36.62128],[-72.12304,-36.62234]]}},{"type":"Feature","properties":{"nombre":"Gamero","jerarquia":5},"geometry":{"type":"LineString","coordinates":[[-72.09789,-36.60331],[-72.09637,-36.60369]]}},{"type":"Feature","properties":{"nombre":"Gamero","jerarquia":5},"geometry":{"type":"LineString","coordinates":[[-72.09637,-36.60369],[-72.09484,-36.60407]]}},{"type":"Feature","properties":{"nombre":"Avenida Baquedano","jerarquia":3},"geometry":{"type":"LineString","coordinates":[[-72.1347,-36.64027],[-72.13487,-36.64038]]}},{"type":"Feature","properties":{"nombre":"Avenida Baquedano","jerarquia":3},"geometry":{"type":"LineString","coordinates":[[-72.13487,-36.64038],[-72.13523,-36.64062]]}},{"type":"Feature","properties":{"nombre":"Avenida Baquedano","jerarquia":3},"geometry":{"type":"LineString","coordinates":[[-72.13407,-36.63986],[-72.1347,-36.64027]]}},{"type":"Feature","properties":{"nombre":"Paula Jaraquemada","jerarquia":5},"geometry":{"type":"LineString","coordinates":[[-72.12735,-36.63298],[-72.12886,-36.63276]]}},{"type":"Feature","properties":{"nombre":"Erasmo Escala","jerarquia":5},"geometry":{"type":"LineString","coordinates":[[-72.12698,-36.62549],[-72.12681,-36.62486]]}},{"type":"Feature","properties":{"nombre":"Erasmo Escala","jerarquia":5},"geometry":{"type":"LineString","coordinates":[[-72.12681,-36.62486],[-72.12666,-36.6243]]}},{"type":"Feature","properties":{"nombre":"","jerarquia":5},"geometry":{"type":"LineString","coordinates":[[-72.13262,-36.6232],[-72.13253,-36.62337],[-72.13238,-36.6235]]}},{"type":"Feature","properties":{"nombre":"","jerarquia":5},"geometry":{"type":"LineString","coordinates":[[-72.13151,-36.62361],[-72.13122,-36.62349]]}},{"type":"Feature","properties":{"nombre":"","jerarquia":5},"geometry":{"type":"LineString","coordinates":[[-72.13122,-36.62349],[-72.1311,-36.62339]]}},{"type":"Feature","properties":{"nombre":"Antonio Varas","jerarquia":5},"geometry":{"type":"LineString","coordinates":[[-72.13632,-36.62543],[-72.13489,-36.62563]]}},{"type":"Feature","properties":{"nombre":"Antonio Varas","jerarquia":5},"geometry":{"type":"LineString","coordinates":[[-72.13489,-36.62563],[-72.1348,-36.62564]]}},{"type":"Feature","properties":{"nombre":"Conde de Maule","jerarquia":5},"geometry":{"type":"LineString","coordinates":[[-72.12613,-36.62813],[-72.12761,-36.62791]]}},{"type":"Feature","properties":{"nombre":"Tomás Yávar","jerarquia":5},"geometry":{"type":"LineString","coordinates":[[-72.12698,-36.62549],[-72.12849,-36.62529]]}},{"type":"Feature","properties":{"nombre":"Mariano Egaña","jerarquia":5},"geometry":{"type":"LineString","coordinates":[[-72.13028,-36.62628],[-72.12998,-36.62508]]}},{"type":"Feature","properties":{"nombre":"Antonio Varas","jerarquia":5},"geometry":{"type":"LineString","coordinates":[[-72.13028,-36.62628],[-72.12888,-36.62648]]}},{"type":"Feature","properties":{"nombre":"Antonio Varas","jerarquia":5},"geometry":{"type":"LineString","coordinates":[[-72.12888,-36.62648],[-72.1288,-36.62649]]}},{"type":"Feature","properties":{"nombre":"Arturo Prat","jerarquia":5},"geometry":{"type":"LineString","coordinates":[[-72.09504,-36.61341],[-72.09484,-36.61345]]}},{"type":"Feature","properties":{"nombre":"Mariano Egaña","jerarquia":5},"geometry":{"type":"LineString","coordinates":[[-72.13186,-36.63232],[-72.13157,-36.6311]]}},{"type":"Feature","properties":{"nombre":"Avenida Chile","jerarquia":5},"geometry":{"type":"LineString","coordinates":[[-72.1002,-36.6183],[-72.09989,-36.61748]]}},{"type":"Feature","properties":{"nombre":"Avenida Chile","jerarquia":5},"geometry":{"type":"LineString","coordinates":[[-72.09989,-36.61748],[-72.09954,-36.61657]]}},{"type":"Feature","properties":{"nombre":"Avenida Alonso de Ercilla","jerarquia":4},"geometry":{"type":"LineString","coordinates":[[-72.03648,-36.63157],[-72.03302,-36.63212],[-72.03102,-36.63259]]}},{"type":"Feature","properties":{"nombre":"Avenida Alonso de Ercilla","jerarquia":4},"geometry":{"type":"LineString","coordinates":[[-72.03102,-36.63259],[-72.02969,-36.63292],[-72.02917,-36.633],[-72.02742,-36.63306],[-72.02644,-36.6332]]}},{"type":"Feature","properties":{"nombre":"Avenida Alonso de Ercilla","jerarquia":4},"geometry":{"type":"LineString","coordinates":[[-72.02644,-36.6332],[-72.02599,-36.63328]]}},{"type":"Feature","properties":{"nombre":"Avenida Alonso de Ercilla","jerarquia":4},"geometry":{"type":"LineString","coordinates":[[-72.02599,-36.63328],[-72.0248,-36.63349]]}},{"type":"Feature","properties":{"nombre":"Avenida Alonso de Ercilla","jerarquia":4},"geometry":{"type":"LineString","coordinates":[[-72.0248,-36.63349],[-72.02402,-36.63364]]}},{"type":"Feature","properties":{"nombre":"Avenida Alonso de Ercilla","jerarquia":4},"geometry":{"type":"LineString","coordinates":[[-72.02402,-36.63364],[-72.02343,-36.63374]]}},{"type":"Feature","properties":{"nombre":"Avenida Alonso de Ercilla","jerarquia":4},"geometry":{"type":"LineString","coordinates":[[-72.02343,-36.63374],[-72.02287,-36.63383]]}},{"type":"Feature","properties":{"nombre":"Avenida Alonso de Ercilla","jerarquia":4},"geometry":{"type":"LineString","coordinates":[[-72.02287,-36.63383],[-72.02282,-36.63383]]}},{"type":"Feature","properties":{"nombre":"Avenida Alonso de Ercilla","jerarquia":4},"geometry":{"type":"LineString","coordinates":[[-72.02282,-36.63383],[-72.02218,-36.6339]]}},{"type":"Feature","properties":{"nombre":"Avenida Alonso de Ercilla","jerarquia":4},"geometry":{"type":"LineString","coordinates":[[-72.02218,-36.6339],[-72.02199,-36.63392]]}},{"type":"Feature","properties":{"nombre":"Avenida Alonso de Ercilla","jerarquia":4},"geometry":{"type":"LineString","coordinates":[[-72.02199,-36.63392],[-72.02118,-36.63401]]}},{"type":"Feature","properties":{"nombre":"Avenida Alonso de Ercilla","jerarquia":4},"geometry":{"type":"LineString","coordinates":[[-72.02118,-36.63401],[-72.0207,-36.63407]]}},{"type":"Feature","properties":{"nombre":"Avenida Alonso de Ercilla","jerarquia":4},"geometry":{"type":"LineString","coordinates":[[-72.0207,-36.63407],[-72.0194,-36.63418]]}},{"type":"Feature","properties":{"nombre":"Avenida Alonso de Ercilla","jerarquia":4},"geometry":{"type":"LineString","coordinates":[[-72.0194,-36.63418],[-72.01791,-36.63418]]}},{"type":"Feature","properties":{"nombre":"Avenida Alonso de Ercilla","jerarquia":4},"geometry":{"type":"LineString","coordinates":[[-72.01791,-36.63418],[-72.0176,-36.63418]]}},{"type":"Feature","properties":{"nombre":"Avenida Alonso de Ercilla","jerarquia":4},"geometry":{"type":"LineString","coordinates":[[-72.0176,-36.63418],[-72.01597,-36.63417],[-72.01553,-36.63422]]}},{"type":"Feature","properties":{"nombre":"Avenida Alonso de Ercilla","jerarquia":4},"geometry":{"type":"LineString","coordinates":[[-72.01553,-36.63422],[-72.01524,-36.63428]]}},{"type":"Feature","properties":{"nombre":"Avenida Alonso de Ercilla","jerarquia":4},"geometry":{"type":"LineString","coordinates":[[-72.01524,-36.63428],[-72.01496,-36.63432]]}},{"type":"Feature","properties":{"nombre":"Avenida Alonso de Ercilla","jerarquia":4},"geometry":{"type":"LineString","coordinates":[[-72.01496,-36.63432],[-72.01449,-36.6344]]}},{"type":"Feature","properties":{"nombre":"Avenida Alonso de Ercilla","jerarquia":4},"geometry":{"type":"LineString","coordinates":[[-72.01449,-36.6344],[-72.01376,-36.63452]]}},{"type":"Feature","properties":{"nombre":"Avenida Alonso de Ercilla","jerarquia":4},"geometry":{"type":"LineString","coordinates":[[-72.01376,-36.63452],[-72.01353,-36.63456]]}},{"type":"Feature","properties":{"nombre":"Avenida Alonso de Ercilla","jerarquia":4},"geometry":{"type":"LineString","coordinates":[[-72.01353,-36.63456],[-72.01204,-36.63482]]}},{"type":"Feature","properties":{"nombre":"Avenida Alonso de Ercilla","jerarquia":4},"geometry":{"type":"LineString","coordinates":[[-72.01204,-36.63482],[-72.01053,-36.63508]]}},{"type":"Feature","properties":{"nombre":"Avenida Alonso de Ercilla","jerarquia":4},"geometry":{"type":"LineString","coordinates":[[-72.01053,-36.63508],[-72.01013,-36.63514]]}},{"type":"Feature","properties":{"nombre":"Avenida Alonso de Ercilla","jerarquia":4},"geometry":{"type":"LineString","coordinates":[[-72.01013,-36.63514],[-72.00956,-36.63524]]}},{"type":"Feature","properties":{"nombre":"Avenida Alonso de Ercilla","jerarquia":4},"geometry":{"type":"LineString","coordinates":[[-72.00956,-36.63524],[-72.00912,-36.63532]]}},{"type":"Feature","properties":{"nombre":"Avenida Alonso de Ercilla","jerarquia":4},"geometry":{"type":"LineString","coordinates":[[-72.00912,-36.63532],[-72.00261,-36.63675],[-71.99609,-36.63885],[-71.99307,-36.63975]]}},{"type":"Feature","properties":{"nombre":"Avenida Alonso de Ercilla","jerarquia":4},"geometry":{"type":"LineString","coordinates":[[-71.99307,-36.63975],[-71.9926,-36.6399]]}},{"type":"Feature","properties":{"nombre":"Avenida Alonso de Ercilla","jerarquia":4},"geometry":{"type":"LineString","coordinates":[[-71.9926,-36.6399],[-71.99224,-36.63999]]}},{"type":"Feature","properties":{"nombre":"Avenida Alonso de Ercilla","jerarquia":4},"geometry":{"type":"LineString","coordinates":[[-71.99224,-36.63999],[-71.99176,-36.64012]]}},{"type":"Feature","properties":{"nombre":"Avenida Alonso de Ercilla","jerarquia":4},"geometry":{"type":"LineString","coordinates":[[-71.99176,-36.64012],[-71.99173,-36.64013]]}},{"type":"Feature","properties":{"nombre":"Avenida Alonso de Ercilla","jerarquia":4},"geometry":{"type":"LineString","coordinates":[[-71.99173,-36.64013],[-71.99138,-36.64022]]}},{"type":"Feature","properties":{"nombre":"Avenida Alonso de Ercilla","jerarquia":4},"geometry":{"type":"LineString","coordinates":[[-71.99138,-36.64022],[-71.99134,-36.64023]]}},{"type":"Feature","properties":{"nombre":"Avenida Alonso de Ercilla","jerarquia":4},"geometry":{"type":"LineString","coordinates":[[-71.99134,-36.64023],[-71.99087,-36.64034]]}},{"type":"Feature","properties":{"nombre":"Avenida Alonso de Ercilla","jerarquia":4},"geometry":{"type":"LineString","coordinates":[[-71.99087,-36.64034],[-71.99048,-36.64042]]}},{"type":"Feature","properties":{"nombre":"Avenida Alonso de Ercilla","jerarquia":4},"geometry":{"type":"LineString","coordinates":[[-71.99048,-36.64042],[-71.99001,-36.64054]]}},{"type":"Feature","properties":{"nombre":"Avenida Alonso de Ercilla","jerarquia":4},"geometry":{"type":"LineString","coordinates":[[-71.99001,-36.64054],[-71.98938,-36.6407]]}},{"type":"Feature","properties":{"nombre":"Avenida Alonso de Ercilla","jerarquia":4},"geometry":{"type":"LineString","coordinates":[[-71.98938,-36.6407],[-71.98889,-36.64082]]}},{"type":"Feature","properties":{"nombre":"Avenida Alonso de Ercilla","jerarquia":4},"geometry":{"type":"LineString","coordinates":[[-71.98889,-36.64082],[-71.98875,-36.64086]]}},{"type":"Feature","properties":{"nombre":"Avenida Alonso de Ercilla","jerarquia":4},"geometry":{"type":"LineString","coordinates":[[-71.98875,-36.64086],[-71.98772,-36.64117]]}},{"type":"Feature","properties":{"nombre":"Avenida Alonso de Ercilla","jerarquia":4},"geometry":{"type":"LineString","coordinates":[[-71.98772,-36.64117],[-71.98623,-36.64155]]}},{"type":"Feature","properties":{"nombre":"Avenida Alonso de Ercilla","jerarquia":4},"geometry":{"type":"LineString","coordinates":[[-71.98623,-36.64155],[-71.98561,-36.64168]]}},{"type":"Feature","properties":{"nombre":"Avenida Alonso de Ercilla","jerarquia":4},"geometry":{"type":"LineString","coordinates":[[-71.98561,-36.64168],[-71.98306,-36.64227]]}},{"type":"Feature","properties":{"nombre":"Avenida Alonso de Ercilla","jerarquia":4},"geometry":{"type":"LineString","coordinates":[[-71.98306,-36.64227],[-71.98212,-36.64252]]}},{"type":"Feature","properties":{"nombre":"Avenida Alonso de Ercilla","jerarquia":4},"geometry":{"type":"LineString","coordinates":[[-71.98212,-36.64252],[-71.9789,-36.64339]]}},{"type":"Feature","properties":{"nombre":"Avenida Alonso de Ercilla","jerarquia":4},"geometry":{"type":"LineString","coordinates":[[-71.9789,-36.64339],[-71.97694,-36.64392]]}},{"type":"Feature","properties":{"nombre":"Avenida Alonso de Ercilla","jerarquia":4},"geometry":{"type":"LineString","coordinates":[[-71.97694,-36.64392],[-71.97567,-36.64424]]}},{"type":"Feature","properties":{"nombre":"Avenida Alonso de Ercilla","jerarquia":4},"geometry":{"type":"LineString","coordinates":[[-71.97567,-36.64424],[-71.97502,-36.64442]]}},{"type":"Feature","properties":{"nombre":"Avenida Alonso de Ercilla","jerarquia":4},"geometry":{"type":"LineString","coordinates":[[-71.97502,-36.64442],[-71.973,-36.64492]]}},{"type":"Feature","properties":{"nombre":"Avenida Alonso de Ercilla","jerarquia":4},"geometry":{"type":"LineString","coordinates":[[-72.0448,-36.63042],[-72.04442,-36.63048]]}},{"type":"Feature","properties":{"nombre":"Huambalí","jerarquia":4},"geometry":{"type":"LineString","coordinates":[[-72.10518,-36.62056],[-72.10498,-36.62096],[-72.10477,-36.62174]]}},{"type":"Feature","properties":{"nombre":"Huambalí","jerarquia":4},"geometry":{"type":"LineString","coordinates":[[-72.10477,-36.62174],[-72.10472,-36.62281]]}},{"type":"Feature","properties":{"nombre":"San Ignacio","jerarquia":5},"geometry":{"type":"LineString","coordinates":[[-72.12629,-36.63536],[-72.12513,-36.63554],[-72.12494,-36.6356],[-72.12483,-36.63569]]}},{"type":"Feature","properties":{"nombre":"El Volcán","jerarquia":5},"geometry":{"type":"LineString","coordinates":[[-72.07404,-36.62149],[-72.07391,-36.62159]]}},{"type":"Feature","properties":{"nombre":"Ruta N-349","jerarquia":5},"geometry":{"type":"LineString","coordinates":[[-71.97144,-36.49984],[-71.97105,-36.49946],[-71.97068,-36.4993],[-71.96804,-36.49881],[-71.9658,-36.49827]]}},{"type":"Feature","properties":{"nombre":"Ruta N-349","jerarquia":5},"geometry":{"type":"LineString","coordinates":[[-71.9658,-36.49827],[-71.96211,-36.49738],[-71.95975,-36.49688]]}},{"type":"Feature","properties":{"nombre":"Ruta N-349","jerarquia":5},"geometry":{"type":"LineString","coordinates":[[-71.95975,-36.49688],[-71.95962,-36.49686]]}},{"type":"Feature","properties":{"nombre":"Ruta N-349","jerarquia":5},"geometry":{"type":"LineString","coordinates":[[-71.95962,-36.49686],[-71.95798,-36.49663],[-71.95502,-36.49602],[-71.954,-36.49588]]}},{"type":"Feature","properties":{"nombre":"Ruta N-349","jerarquia":5},"geometry":{"type":"LineString","coordinates":[[-71.954,-36.49588],[-71.95195,-36.49572],[-71.95119,-36.49571],[-71.95074,-36.49575],[-71.94949,-36.49602],[-71.94875,-36.49606],[-71.94097,-36.49449]]}},{"type":"Feature","properties":{"nombre":"Ruta N-349","jerarquia":5},"geometry":{"type":"LineString","coordinates":[[-71.94097,-36.49449],[-71.93964,-36.49424],[-71.93951,-36.49418]]}},{"type":"Feature","properties":{"nombre":"Ruta N-349","jerarquia":5},"geometry":{"type":"LineString","coordinates":[[-71.93951,-36.49418],[-71.93943,-36.49397],[-71.93926,-36.49303],[-71.93852,-36.48988]]}},{"type":"Feature","properties":{"nombre":"Ruta N-349","jerarquia":5},"geometry":{"type":"LineString","coordinates":[[-71.93852,-36.48988],[-71.93818,-36.48839]]}},{"type":"Feature","properties":{"nombre":"Ruta N-609","jerarquia":5},"geometry":{"type":"LineString","coordinates":[[-72.07493,-36.67962],[-72.07398,-36.6801]]}},{"type":"Feature","properties":{"nombre":"Tomás Yávar","jerarquia":5},"geometry":{"type":"LineString","coordinates":[[-72.136,-36.62423],[-72.1373,-36.62405]]}},{"type":"Feature","properties":{"nombre":"Tomás Yávar","jerarquia":5},"geometry":{"type":"LineString","coordinates":[[-72.1373,-36.62405],[-72.13744,-36.62403]]}},{"type":"Feature","properties":{"nombre":"Tomás Yávar","jerarquia":5},"geometry":{"type":"LineString","coordinates":[[-72.14033,-36.62372],[-72.14071,-36.62375]]}},{"type":"Feature","properties":{"nombre":"Tomás Yávar","jerarquia":5},"geometry":{"type":"LineString","coordinates":[[-72.14071,-36.62375],[-72.14084,-36.62376]]}},{"type":"Feature","properties":{"nombre":"Huambalí","jerarquia":4},"geometry":{"type":"LineString","coordinates":[[-72.10534,-36.6191],[-72.10544,-36.61984],[-72.10536,-36.62023]]}},{"type":"Feature","properties":{"nombre":"Huambalí","jerarquia":4},"geometry":{"type":"LineString","coordinates":[[-72.10536,-36.62023],[-72.10518,-36.62056]]}},{"type":"Feature","properties":{"nombre":"Huambalí","jerarquia":4},"geometry":{"type":"LineString","coordinates":[[-72.10533,-36.61989],[-72.10524,-36.61911]]}},{"type":"Feature","properties":{"nombre":"Huambalí","jerarquia":4},"geometry":{"type":"LineString","coordinates":[[-72.10387,-36.61605],[-72.10367,-36.61591],[-72.10351,-36.61561]]}},{"type":"Feature","properties":{"nombre":"Huambalí","jerarquia":4},"geometry":{"type":"LineString","coordinates":[[-72.10411,-36.61547],[-72.10402,-36.61583],[-72.10401,-36.61615]]}},{"type":"Feature","properties":{"nombre":"Huambalí","jerarquia":4},"geometry":{"type":"LineString","coordinates":[[-72.10401,-36.61615],[-72.10404,-36.61645],[-72.10417,-36.61683]]}},{"type":"Feature","properties":{"nombre":"","jerarquia":4},"geometry":{"type":"LineString","coordinates":[[-72.10387,-36.61605],[-72.10401,-36.61615]]}},{"type":"Feature","properties":{"nombre":"Avenida Libertad Oriente","jerarquia":4},"geometry":{"type":"LineString","coordinates":[[-72.08571,-36.6086],[-72.08526,-36.60871]]}},{"type":"Feature","properties":{"nombre":"Erasmo Escala","jerarquia":5},"geometry":{"type":"LineString","coordinates":[[-72.1273,-36.62671],[-72.12708,-36.62588]]}},{"type":"Feature","properties":{"nombre":"Erasmo Escala","jerarquia":5},"geometry":{"type":"LineString","coordinates":[[-72.12708,-36.62588],[-72.12698,-36.62549]]}},{"type":"Feature","properties":{"nombre":"Erasmo Escala","jerarquia":5},"geometry":{"type":"LineString","coordinates":[[-72.12572,-36.6207],[-72.1256,-36.62031]]}},{"type":"Feature","properties":{"nombre":"Erasmo Escala","jerarquia":5},"geometry":{"type":"LineString","coordinates":[[-72.1256,-36.62031],[-72.12539,-36.61955]]}},{"type":"Feature","properties":{"nombre":"Erasmo Escala","jerarquia":5},"geometry":{"type":"LineString","coordinates":[[-72.12539,-36.61955],[-72.12537,-36.61949]]}},{"type":"Feature","properties":{"nombre":"Huambalí","jerarquia":4},"geometry":{"type":"LineString","coordinates":[[-72.10387,-36.61605],[-72.10397,-36.6155]]}},{"type":"Feature","properties":{"nombre":"Huambalí","jerarquia":4},"geometry":{"type":"LineString","coordinates":[[-72.10397,-36.6155],[-72.10405,-36.61525]]}},{"type":"Feature","properties":{"nombre":"Avenida Collín","jerarquia":3},"geometry":{"type":"LineString","coordinates":[[-72.10268,-36.61558],[-72.10294,-36.61559],[-72.10333,-36.61551],[-72.10344,-36.61553],[-72.10351,-36.61561]]}},{"type":"Feature","properties":{"nombre":"Avenida Alonso de Ercilla","jerarquia":4},"geometry":{"type":"LineString","coordinates":[[-72.04442,-36.63048],[-72.04373,-36.63058]]}},{"type":"Feature","properties":{"nombre":"Avenida Alonso de Ercilla","jerarquia":4},"geometry":{"type":"LineString","coordinates":[[-72.04151,-36.6309],[-72.04091,-36.63098]]}},{"type":"Feature","properties":{"nombre":"Avenida Alonso de Ercilla","jerarquia":4},"geometry":{"type":"LineString","coordinates":[[-72.04317,-36.63066],[-72.04297,-36.63069]]}},{"type":"Feature","properties":{"nombre":"Avenida Alonso de Ercilla","jerarquia":4},"geometry":{"type":"LineString","coordinates":[[-72.04297,-36.63069],[-72.04151,-36.6309]]}},{"type":"Feature","properties":{"nombre":"Avenida Andrés Bello","jerarquia":5},"geometry":{"type":"LineString","coordinates":[[-72.06902,-36.59028],[-72.06911,-36.59039]]}},{"type":"Feature","properties":{"nombre":"Avenida Vicente Méndez","jerarquia":4},"geometry":{"type":"LineString","coordinates":[[-72.06938,-36.59044],[-72.06915,-36.59044]]}},{"type":"Feature","properties":{"nombre":"Camino a Coihueco","jerarquia":4},"geometry":{"type":"LineString","coordinates":[[-72.06894,-36.59043],[-72.0688,-36.59042]]}},{"type":"Feature","properties":{"nombre":"Avenida Andrés Bello","jerarquia":4},"geometry":{"type":"LineString","coordinates":[[-72.06923,-36.59054],[-72.06935,-36.5907]]}},{"type":"Feature","properties":{"nombre":"Avenida Vicente Méndez","jerarquia":4},"geometry":{"type":"LineString","coordinates":[[-72.07857,-36.58897],[-72.07962,-36.5888],[-72.08015,-36.58878],[-72.08088,-36.58884],[-72.08153,-36.58898]]}},{"type":"Feature","properties":{"nombre":"Avenida Circunvalación","jerarquia":5},"geometry":{"type":"LineString","coordinates":[[-72.07113,-36.62537],[-72.07116,-36.62545]]}},{"type":"Feature","properties":{"nombre":"Avenida Alonso de Ercilla","jerarquia":4},"geometry":{"type":"LineString","coordinates":[[-72.09175,-36.62477],[-72.09145,-36.62482]]}},{"type":"Feature","properties":{"nombre":"Avenida Alonso de Ercilla","jerarquia":4},"geometry":{"type":"LineString","coordinates":[[-72.09145,-36.62482],[-72.09095,-36.62491]]}},{"type":"Feature","properties":{"nombre":"Avenida Alonso de Ercilla","jerarquia":4},"geometry":{"type":"LineString","coordinates":[[-72.09095,-36.62491],[-72.09048,-36.62499]]}},{"type":"Feature","properties":{"nombre":"Avenida Alonso de Ercilla","jerarquia":4},"geometry":{"type":"LineString","coordinates":[[-72.09048,-36.62499],[-72.09041,-36.625]]}},{"type":"Feature","properties":{"nombre":"Avenida Alonso de Ercilla","jerarquia":4},"geometry":{"type":"LineString","coordinates":[[-72.09399,-36.62437],[-72.09377,-36.62441]]}},{"type":"Feature","properties":{"nombre":"Avenida Alonso de Ercilla","jerarquia":4},"geometry":{"type":"LineString","coordinates":[[-72.09377,-36.62441],[-72.0924,-36.62465]]}},{"type":"Feature","properties":{"nombre":"Avenida Alonso de Ercilla","jerarquia":4},"geometry":{"type":"LineString","coordinates":[[-72.0924,-36.62465],[-72.09196,-36.62473]]}},{"type":"Feature","properties":{"nombre":"Avenida Alonso de Ercilla","jerarquia":4},"geometry":{"type":"LineString","coordinates":[[-72.09196,-36.62473],[-72.09175,-36.62477]]}},{"type":"Feature","properties":{"nombre":"Ignacio Carrera Pinto","jerarquia":5},"geometry":{"type":"LineString","coordinates":[[-72.09234,-36.60181],[-72.09223,-36.60165],[-72.0919,-36.60147]]}},{"type":"Feature","properties":{"nombre":"Ignacio Carrera Pinto","jerarquia":5},"geometry":{"type":"LineString","coordinates":[[-72.0919,-36.60147],[-72.09031,-36.60061]]}},{"type":"Feature","properties":{"nombre":"Diagonal Las Termas","jerarquia":4},"geometry":{"type":"LineString","coordinates":[[-72.08926,-36.62351],[-72.08909,-36.62378],[-72.08869,-36.62416]]}},{"type":"Feature","properties":{"nombre":"Almirante Latorre","jerarquia":4},"geometry":{"type":"LineString","coordinates":[[-72.09515,-36.6197],[-72.09479,-36.6201],[-72.09435,-36.62035]]}},{"type":"Feature","properties":{"nombre":"Almirante Latorre","jerarquia":4},"geometry":{"type":"LineString","coordinates":[[-72.09435,-36.62035],[-72.09383,-36.62047]]}},{"type":"Feature","properties":{"nombre":"Almirante Latorre","jerarquia":4},"geometry":{"type":"LineString","coordinates":[[-72.09315,-36.62068],[-72.09383,-36.62047]]}},{"type":"Feature","properties":{"nombre":"Avenida Los Puelches","jerarquia":4},"geometry":{"type":"LineString","coordinates":[[-72.0874,-36.62535],[-72.08742,-36.62517]]}},{"type":"Feature","properties":{"nombre":"Avenida Los Puelches","jerarquia":4},"geometry":{"type":"LineString","coordinates":[[-72.08742,-36.62517],[-72.08743,-36.62509]]}},{"type":"Feature","properties":{"nombre":"Avenida Los Puelches","jerarquia":4},"geometry":{"type":"LineString","coordinates":[[-72.08743,-36.62509],[-72.08742,-36.62505]]}},{"type":"Feature","properties":{"nombre":"Avenida Los Puelches","jerarquia":4},"geometry":{"type":"LineString","coordinates":[[-72.08742,-36.62505],[-72.08722,-36.62435]]}},{"type":"Feature","properties":{"nombre":"Avenida Los Puelches","jerarquia":4},"geometry":{"type":"LineString","coordinates":[[-72.08722,-36.62435],[-72.08695,-36.6234],[-72.08696,-36.62327]]}},{"type":"Feature","properties":{"nombre":"Barros Arana","jerarquia":4},"geometry":{"type":"LineString","coordinates":[[-72.09504,-36.61963],[-72.09526,-36.61926]]}},{"type":"Feature","properties":{"nombre":"Barros Arana","jerarquia":4},"geometry":{"type":"LineString","coordinates":[[-72.09515,-36.6197],[-72.09504,-36.61963]]}},{"type":"Feature","properties":{"nombre":"Diagonal Las Termas","jerarquia":4},"geometry":{"type":"LineString","coordinates":[[-72.08767,-36.62508],[-72.08799,-36.62491],[-72.08825,-36.62454]]}},{"type":"Feature","properties":{"nombre":"Diagonal Las Termas","jerarquia":4},"geometry":{"type":"LineString","coordinates":[[-72.08825,-36.62454],[-72.0886,-36.62409]]}},{"type":"Feature","properties":{"nombre":"Diagonal Las Termas","jerarquia":4},"geometry":{"type":"LineString","coordinates":[[-72.0886,-36.62409],[-72.08895,-36.62374]]}},{"type":"Feature","properties":{"nombre":"Ruta 5 Sur","jerarquia":1},"geometry":{"type":"LineString","coordinates":[[-72.01392,-36.47688],[-72.01431,-36.47723]]}},{"type":"Feature","properties":{"nombre":"Ruta 5 Sur","jerarquia":1},"geometry":{"type":"LineString","coordinates":[[-72.01357,-36.47657],[-72.01392,-36.47688]]}},{"type":"Feature","properties":{"nombre":"","jerarquia":4},"geometry":{"type":"LineString","coordinates":[[-72.09529,-36.61943],[-72.09525,-36.6196],[-72.09532,-36.61981]]}},{"type":"Feature","properties":{"nombre":"Variante Collín","jerarquia":4},"geometry":{"type":"LineString","coordinates":[[-72.09529,-36.61943],[-72.0952,-36.61961]]}},{"type":"Feature","properties":{"nombre":"Variante Collín","jerarquia":4},"geometry":{"type":"LineString","coordinates":[[-72.0952,-36.61961],[-72.09515,-36.6197]]}},{"type":"Feature","properties":{"nombre":"Barros Arana","jerarquia":4},"geometry":{"type":"LineString","coordinates":[[-72.09532,-36.61981],[-72.09525,-36.61976]]}},{"type":"Feature","properties":{"nombre":"Barros Arana","jerarquia":4},"geometry":{"type":"LineString","coordinates":[[-72.09525,-36.61976],[-72.09515,-36.6197]]}},{"type":"Feature","properties":{"nombre":"Serrano","jerarquia":5},"geometry":{"type":"LineString","coordinates":[[-72.13646,-36.63167],[-72.13631,-36.63121]]}},{"type":"Feature","properties":{"nombre":"Serrano","jerarquia":5},"geometry":{"type":"LineString","coordinates":[[-72.13631,-36.63121],[-72.13625,-36.631]]}},{"type":"Feature","properties":{"nombre":"Camino San Marcelo","jerarquia":5},"geometry":{"type":"LineString","coordinates":[[-72.31184,-36.68921],[-72.31124,-36.6897],[-72.31102,-36.68993],[-72.31095,-36.69007],[-72.3109,-36.69114],[-72.31092,-36.69179],[-72.31074,-36.69222],[-72.31056,-36.69244],[-72.31028,-36.69266],[-72.30914,-36.69324]]}},{"type":"Feature","properties":{"nombre":"Avenida Vicente Méndez","jerarquia":4},"geometry":{"type":"LineString","coordinates":[[-72.07086,-36.5902],[-72.07363,-36.58975]]}},{"type":"Feature","properties":{"nombre":"Avenida Vicente Méndez","jerarquia":4},"geometry":{"type":"LineString","coordinates":[[-72.0841,-36.59102],[-72.08376,-36.59054]]}},{"type":"Feature","properties":{"nombre":"Avenida Vicente Méndez","jerarquia":4},"geometry":{"type":"LineString","coordinates":[[-72.08436,-36.59154],[-72.0841,-36.59102]]}},{"type":"Feature","properties":{"nombre":"Avenida Ecuador","jerarquia":3},"geometry":{"type":"LineString","coordinates":[[-72.10623,-36.59838],[-72.10663,-36.59828]]}},{"type":"Feature","properties":{"nombre":"Avenida Ecuador","jerarquia":3},"geometry":{"type":"LineString","coordinates":[[-72.10663,-36.59828],[-72.10775,-36.598]]}},{"type":"Feature","properties":{"nombre":"Erasmo Escala","jerarquia":5},"geometry":{"type":"LineString","coordinates":[[-72.12635,-36.62306],[-72.12602,-36.6219]]}},{"type":"Feature","properties":{"nombre":"Avenida Las Casas","jerarquia":5},"geometry":{"type":"LineString","coordinates":[[-72.05389,-36.61279],[-72.05446,-36.61407]]}},{"type":"Feature","properties":{"nombre":"Avenida Las Casas","jerarquia":5},"geometry":{"type":"LineString","coordinates":[[-72.05446,-36.61407],[-72.05469,-36.61458]]}},{"type":"Feature","properties":{"nombre":"Avenida Las Casas","jerarquia":5},"geometry":{"type":"LineString","coordinates":[[-72.05469,-36.61458],[-72.05507,-36.61538],[-72.05553,-36.61652]]}},{"type":"Feature","properties":{"nombre":"Avenida Las Casas","jerarquia":5},"geometry":{"type":"LineString","coordinates":[[-72.05553,-36.61652],[-72.05564,-36.61675]]}},{"type":"Feature","properties":{"nombre":"Avenida Las Casas","jerarquia":5},"geometry":{"type":"LineString","coordinates":[[-72.05564,-36.61675],[-72.0563,-36.61809]]}},{"type":"Feature","properties":{"nombre":"Avenida Los Puelches","jerarquia":4},"geometry":{"type":"LineString","coordinates":[[-72.08696,-36.62327],[-72.08717,-36.62383]]}},{"type":"Feature","properties":{"nombre":"Avenida Los Puelches","jerarquia":4},"geometry":{"type":"LineString","coordinates":[[-72.08717,-36.62383],[-72.08732,-36.62433]]}},{"type":"Feature","properties":{"nombre":"Avenida Los Puelches","jerarquia":4},"geometry":{"type":"LineString","coordinates":[[-72.08732,-36.62433],[-72.08737,-36.6245]]}},{"type":"Feature","properties":{"nombre":"Avenida Alonso de Ercilla","jerarquia":4},"geometry":{"type":"LineString","coordinates":[[-72.08588,-36.62521],[-72.08649,-36.62514]]}},{"type":"Feature","properties":{"nombre":"Avenida Alonso de Ercilla","jerarquia":4},"geometry":{"type":"LineString","coordinates":[[-72.09041,-36.625],[-72.09014,-36.62501]]}}]}